# Blender 4.5.1 LTS
# www.blender.org
mtllib newbush.mtl
o newbush
v -0.260603 22.761890 1.784253
v -0.260210 22.744080 1.711972
v -0.242646 22.743595 1.711964
v -0.244069 22.761423 1.784252
v -0.244476 22.788567 1.845727
v -0.261067 22.789057 1.845732
v -0.244622 22.825794 1.896766
v -0.260921 22.826292 1.896778
v -0.244976 22.872623 1.939792
v -0.260973 22.873125 1.939818
v -0.247184 22.928249 1.977465
v -0.262902 22.928751 1.977508
v -0.251354 22.992081 2.012165
v -0.266912 22.992580 2.012219
v -0.256130 23.063261 2.046339
v -0.272500 23.063780 2.046378
v -0.257038 23.139782 2.081766
v -0.281934 23.140526 2.081792
v -0.296427 22.709154 1.811486
v -0.295881 22.691542 1.738924
v -0.278310 22.691031 1.738917
v -0.279675 22.708643 1.811478
v -0.280107 22.735807 1.872975
v -0.296918 22.736338 1.872987
v -0.280264 22.773201 1.923957
v -0.296750 22.773731 1.923974
v -0.280501 22.819895 1.966759
v -0.296618 22.820421 1.966785
v -0.282577 22.875607 2.004352
v -0.298317 22.876131 2.004391
v -0.286952 22.939384 2.039029
v -0.302391 22.939917 2.039078
v -0.292712 23.010384 2.073179
v -0.308750 23.010925 2.073225
v -0.295001 23.086977 2.108605
v -0.319515 23.087782 2.108633
v 0.238442 22.696880 1.813428
v 0.240727 22.680315 1.739767
v 0.258506 22.680344 1.739825
v 0.259252 22.696873 1.813560
v 0.258768 22.723896 1.874967
v 0.237767 22.723894 1.874839
v 0.258360 22.761259 1.925680
v 0.237534 22.761240 1.925561
v 0.258476 22.807842 1.968040
v 0.237907 22.807817 1.967938
v 0.261255 22.863476 2.005217
v 0.240953 22.863445 2.005124
v 0.267220 22.927122 2.039378
v 0.247176 22.927055 2.039302
v 0.276100 22.997982 2.072972
v 0.255952 22.997913 2.072929
v 0.288310 23.075182 2.108215
v 0.263407 23.075087 2.108221
v 0.202668 22.751930 1.785838
v 0.204684 22.735285 1.712569
v 0.222430 22.735281 1.712618
v 0.222872 22.751883 1.785960
v 0.222395 22.778881 1.847364
v 0.202003 22.778934 1.847245
v 0.222046 22.816242 1.898131
v 0.201841 22.816273 1.898023
v 0.222485 22.862883 1.940790
v 0.202502 22.862904 1.940696
v 0.225710 22.918596 1.978079
v 0.205918 22.918604 1.977991
v 0.231832 22.982298 2.012314
v 0.212174 22.982288 2.012240
v 0.240091 23.053270 2.045981
v 0.220002 23.053267 2.045961
v 0.251063 23.130535 2.081267
v 0.225800 23.130514 2.081291
v -0.356547 22.612635 1.380257
v -0.354927 22.595232 1.307069
v -0.337133 22.594820 1.307060
v -0.337894 22.612167 1.380240
v -0.338759 22.639566 1.441592
v -0.357303 22.640047 1.441611
v -0.339357 22.676985 1.492382
v -0.357490 22.677479 1.492403
v -0.339518 22.723848 1.535042
v -0.357262 22.724365 1.535064
v -0.339230 22.779219 1.571895
v -0.356637 22.779739 1.571921
v -0.338506 22.842110 1.605565
v -0.355632 22.842642 1.605594
v -0.337186 22.911734 1.638337
v -0.354451 22.912279 1.638372
v -0.332665 22.986748 1.672136
v -0.355780 22.987499 1.672194
v -0.250345 22.664230 1.316673
v -0.248808 22.646749 1.243446
v -0.230997 22.646423 1.243444
v -0.231578 22.663839 1.316677
v -0.232365 22.691149 1.378035
v -0.251015 22.691549 1.378032
v -0.232916 22.728489 1.428824
v -0.251161 22.728901 1.428825
v -0.233059 22.775261 1.471480
v -0.250947 22.775679 1.471485
v -0.232784 22.830387 1.508318
v -0.250402 22.830812 1.508328
v -0.232103 22.893244 1.541957
v -0.249546 22.893682 1.541975
v -0.230901 22.963041 1.574681
v -0.248547 22.963488 1.574708
v -0.226781 23.037998 1.608456
v -0.249935 23.038595 1.608499
v -0.243456 22.715452 1.639221
v -0.242758 22.697809 1.566531
v -0.224925 22.697390 1.566530
v -0.226359 22.715017 1.639228
v -0.226989 22.742113 1.700674
v -0.244097 22.742571 1.700670
v -0.227297 22.779268 1.751607
v -0.244095 22.779739 1.751608
v -0.227140 22.825905 1.794406
v -0.243617 22.826384 1.794413
v -0.226544 22.880983 1.831413
v -0.242729 22.881443 1.831429
v -0.225762 22.943892 1.865261
v -0.241761 22.944365 1.865289
v -0.225959 23.013981 1.898405
v -0.242406 23.014471 1.898453
v -0.224874 23.089434 1.932754
v -0.248258 23.090155 1.932853
v -0.320592 22.657381 1.676193
v -0.319531 22.639677 1.603447
v -0.301962 22.639179 1.603439
v -0.303180 22.656876 1.676182
v -0.303831 22.684048 1.737617
v -0.321290 22.684582 1.737632
v -0.304179 22.721266 1.788532
v -0.321291 22.721819 1.788549
v -0.304057 22.767948 1.831315
v -0.320782 22.768499 1.831336
v -0.303494 22.823029 1.868316
v -0.319836 22.823576 1.868342
v -0.302824 22.885927 1.902187
v -0.318856 22.886469 1.902222
v -0.303468 22.956017 1.935421
v -0.319818 22.956583 1.935469
v -0.302928 23.031445 1.969895
v -0.326354 23.032276 1.969984
v -0.231432 22.681095 0.950665
v -0.228681 22.664104 0.876899
v -0.211151 22.663883 0.876897
v -0.209929 22.680784 0.950667
v -0.210576 22.708393 1.011977
v -0.231846 22.708708 1.011977
v -0.211049 22.746225 1.062662
v -0.231900 22.746559 1.062664
v -0.211236 22.793127 1.105207
v -0.231710 22.793468 1.105211
v -0.211125 22.848711 1.142085
v -0.231290 22.849068 1.142094
v -0.210722 22.911831 1.175567
v -0.230667 22.912188 1.175582
v -0.209997 22.981701 1.208105
v -0.229917 22.982075 1.208126
v -0.207313 23.057348 1.241874
v -0.230750 23.057787 1.241903
v -0.298113 22.663622 0.914335
v -0.295236 22.646338 0.840256
v -0.277717 22.646103 0.840251
v -0.276373 22.663307 0.914329
v -0.277024 22.691002 0.975645
v -0.298515 22.691338 0.975653
v -0.277491 22.728727 1.026325
v -0.298575 22.729065 1.026334
v -0.277673 22.775887 1.068846
v -0.298377 22.776260 1.068858
v -0.277564 22.831360 1.105497
v -0.297944 22.831732 1.105512
v -0.277166 22.894543 1.138954
v -0.297298 22.894930 1.138973
v -0.276448 22.964659 1.171488
v -0.296508 22.965050 1.171512
v -0.273816 23.040138 1.205266
v -0.297242 23.040611 1.205298
v -0.135868 22.706263 0.603208
v -0.132430 22.689249 0.528901
v -0.114912 22.689119 0.528900
v -0.112464 22.706066 0.603210
v -0.112888 22.733814 0.664550
v -0.136123 22.734028 0.664548
v -0.113167 22.771603 0.715194
v -0.136184 22.771822 0.715193
v -0.113275 22.818895 0.757649
v -0.136074 22.819124 0.757650
v -0.113210 22.874451 0.794409
v -0.135813 22.874695 0.794413
v -0.112973 22.937761 0.827726
v -0.135415 22.938005 0.827734
v -0.112570 23.008059 0.860085
v -0.134905 23.008305 0.860098
v -0.111442 23.083969 0.893869
v -0.134908 23.084234 0.893885
v -0.230762 22.671099 0.484247
v -0.227299 22.654222 0.409645
v -0.209791 22.654095 0.409643
v -0.207251 22.670906 0.484243
v -0.207586 22.698769 0.545622
v -0.231056 22.698977 0.545625
v -0.207796 22.736647 0.596280
v -0.231166 22.736870 0.596285
v -0.207868 22.784037 0.638729
v -0.231096 22.784277 0.638735
v -0.207794 22.839699 0.675228
v -0.230869 22.839947 0.675236
v -0.207571 22.903345 0.708517
v -0.230500 22.903599 0.708528
v -0.207211 22.973494 0.740847
v -0.230017 22.973751 0.740861
v -0.206348 23.049759 0.774643
v -0.229812 23.050039 0.774660
v -0.014542 22.876930 0.372164
v -0.011251 22.859882 0.297782
v 0.006253 22.859795 0.297781
v 0.008964 22.876802 0.372162
v 0.008786 22.904604 0.433574
v -0.014718 22.904734 0.433577
v 0.008729 22.942438 0.484266
v -0.014773 22.942589 0.484270
v 0.008790 22.989815 0.526738
v -0.014704 22.989954 0.526743
v 0.008957 23.045458 0.563485
v -0.014519 23.045607 0.563491
v 0.009223 23.108885 0.596756
v -0.014230 23.109039 0.596765
v 0.009579 23.179323 0.629046
v -0.013854 23.179487 0.629057
v 0.010025 23.255516 0.662598
v -0.013432 23.255684 0.662611
v -0.012981 22.880817 0.261363
v -0.009728 22.863949 0.186971
v 0.007772 22.863876 0.186970
v 0.010521 22.880699 0.261361
v 0.010369 22.908567 0.322780
v -0.013131 22.908686 0.322783
v 0.010324 22.946701 0.373478
v -0.013174 22.946831 0.373481
v 0.010381 22.993870 0.415951
v -0.013113 22.994001 0.415956
v 0.010536 23.049810 0.452698
v -0.012952 23.049940 0.452704
v 0.010779 23.113272 0.485964
v -0.012701 23.113405 0.485972
v 0.011097 23.183487 0.518246
v -0.012374 23.183636 0.518256
v 0.011480 23.259962 0.552040
v -0.011982 23.260099 0.552052
v 0.196055 22.668266 0.484284
v 0.199455 22.651590 0.409679
v 0.216987 22.651531 0.409685
v 0.219604 22.668180 0.484292
v 0.219321 22.695869 0.545679
v 0.195770 22.695951 0.545671
v 0.219149 22.733841 0.596345
v 0.195597 22.733923 0.596336
v 0.219082 22.780848 0.638786
v 0.195537 22.780930 0.638778
v 0.219111 22.836626 0.675252
v 0.195597 22.836716 0.675244
v 0.219225 22.899935 0.708490
v 0.195759 22.900024 0.708484
v 0.219419 22.969995 0.740749
v 0.196003 22.970091 0.740747
v 0.219751 23.046288 0.774513
v 0.196236 23.046371 0.774512
v 0.099196 22.704369 0.603261
v 0.102657 22.687754 0.528923
v 0.120190 22.687674 0.528928
v 0.122740 22.704245 0.603269
v 0.122383 22.731882 0.664629
v 0.098910 22.732012 0.664618
v 0.122140 22.769819 0.715273
v 0.098791 22.769953 0.715260
v 0.122024 22.816792 0.757709
v 0.098816 22.816935 0.757698
v 0.122043 22.872532 0.794438
v 0.098971 22.872684 0.794430
v 0.122193 22.935793 0.827709
v 0.099235 22.935942 0.827705
v 0.122465 23.005823 0.860010
v 0.099589 23.005964 0.860013
v 0.123167 23.082012 0.893778
v 0.099666 23.082155 0.893782
v 0.263548 22.646523 1.678100
v 0.266077 22.629854 1.604327
v 0.283835 22.629887 1.604380
v 0.284761 22.646526 1.678223
v 0.284209 22.673498 1.739601
v 0.262824 22.673491 1.739481
v 0.283738 22.710579 1.790298
v 0.262454 22.710556 1.790187
v 0.283449 22.757191 1.832787
v 0.262298 22.757158 1.832687
v 0.283337 22.812187 1.869357
v 0.262358 22.812136 1.869275
v 0.283576 22.875031 1.902729
v 0.262797 22.874969 1.902664
v 0.286254 22.945187 1.935442
v 0.265541 22.945112 1.935393
v 0.293671 23.021294 1.969824
v 0.269831 23.021156 1.969758
v 0.189047 22.707117 1.640595
v 0.191181 22.690533 1.567071
v 0.208902 22.690496 1.567115
v 0.209331 22.707026 1.640705
v 0.208778 22.733948 1.702104
v 0.188308 22.734024 1.701998
v 0.208334 22.770996 1.752850
v 0.187997 22.771063 1.752754
v 0.208130 22.817614 1.795401
v 0.187952 22.817665 1.795317
v 0.208164 22.872658 1.832059
v 0.188159 22.872707 1.831993
v 0.208598 22.935753 1.865518
v 0.188746 22.935797 1.865472
v 0.211137 23.005754 1.898272
v 0.191167 23.005781 1.898234
v 0.218347 23.081974 1.932579
v 0.194407 23.081936 1.932512
v 0.255861 22.657907 0.914849
v 0.259208 22.641485 0.840431
v 0.276787 22.641434 0.840446
v 0.278989 22.657845 0.914889
v 0.278473 22.685246 0.976204
v 0.255502 22.685310 0.976163
v 0.278086 22.722712 1.026831
v 0.255318 22.722780 1.026791
v 0.277858 22.769705 1.069263
v 0.255272 22.769770 1.069227
v 0.277788 22.825226 1.105759
v 0.255349 22.825291 1.105730
v 0.277864 22.888290 1.139037
v 0.255536 22.888353 1.139014
v 0.278080 22.958138 1.171352
v 0.255807 22.958185 1.171339
v 0.279036 23.034084 1.205080
v 0.255471 23.034130 1.205067
v 0.187717 22.676708 0.951100
v 0.190909 22.660229 0.877037
v 0.208488 22.660162 0.877051
v 0.210455 22.676598 0.951141
v 0.209903 22.703974 1.012449
v 0.187336 22.704079 1.012408
v 0.209490 22.741407 1.063087
v 0.187164 22.741518 1.063049
v 0.209263 22.788370 1.105546
v 0.187148 22.788477 1.105512
v 0.209213 22.843866 1.142306
v 0.187277 22.843975 1.142279
v 0.209337 22.906908 1.175626
v 0.187529 22.907015 1.175608
v 0.209635 22.976732 1.207982
v 0.187871 22.976828 1.207974
v 0.210928 23.052620 1.241712
v 0.187379 23.052696 1.241705
v 0.201700 22.657139 1.317668
v 0.204325 22.640656 1.243816
v 0.221977 22.640596 1.243845
v 0.223012 22.657040 1.317749
v 0.222371 22.684107 1.379080
v 0.201088 22.684196 1.379001
v 0.221851 22.721268 1.429758
v 0.200795 22.721350 1.429685
v 0.221560 22.767935 1.472252
v 0.200693 22.768017 1.472187
v 0.221493 22.822977 1.508843
v 0.200770 22.823040 1.508793
v 0.221646 22.885988 1.542213
v 0.201003 22.886051 1.542175
v 0.222044 22.955643 1.574632
v 0.201332 22.955700 1.574610
v 0.223966 23.031267 1.608339
v 0.200347 23.031296 1.608315
v 0.306102 22.602423 1.381788
v 0.309034 22.585835 1.307745
v 0.326719 22.585848 1.307783
v 0.328163 22.602411 1.381882
v 0.327548 22.629499 1.443207
v 0.305497 22.629498 1.443114
v 0.327031 22.666651 1.493851
v 0.305152 22.666639 1.493765
v 0.326689 22.713322 1.536298
v 0.304960 22.713301 1.536218
v 0.326517 22.768332 1.572819
v 0.304912 22.768293 1.572751
v 0.326509 22.831108 1.606113
v 0.304990 22.831057 1.606058
v 0.326686 22.900913 1.638450
v 0.305157 22.900852 1.638411
v 0.328012 22.976349 1.672136
v 0.304316 22.976246 1.672091
v -0.294910 23.604382 2.860379
v -0.296361 23.585705 2.791119
v -0.268052 23.585268 2.791855
v -0.276506 23.604111 2.860883
v -0.281099 23.630167 2.920933
v -0.299805 23.630482 2.920321
v -0.287340 23.665600 2.970248
v -0.307329 23.666027 2.969486
v -0.295665 23.710184 3.010579
v -0.316661 23.710773 3.009686
v -0.304131 23.762316 3.044655
v -0.325772 23.763315 3.043637
v -0.305144 23.818478 3.076091
v -0.329155 23.820953 3.074390
v -0.298286 23.875320 3.107227
v -0.332554 23.882240 3.102356
v -0.289727 23.931398 3.137733
v -0.363738 23.953402 3.123518
v -0.272315 23.402061 2.753159
v -0.272770 23.381285 2.683302
v -0.247344 23.380768 2.683998
v -0.257713 23.401838 2.753500
v -0.262137 23.430056 2.814789
v -0.275950 23.430231 2.814486
v -0.265406 23.467594 2.866178
v -0.279827 23.467772 2.865853
v -0.269204 23.514040 2.909174
v -0.284643 23.514233 2.908791
v -0.275313 23.568676 2.945575
v -0.292271 23.568918 2.945071
v -0.285553 23.630680 2.977275
v -0.304635 23.631048 2.976571
v -0.299203 23.698954 3.006471
v -0.322109 23.699535 3.005477
v -0.307680 23.771225 3.035594
v -0.349485 23.772404 3.033606
v 0.223477 23.598072 2.854395
v 0.228016 23.579361 2.787749
v 0.257303 23.579252 2.787052
v 0.243829 23.597860 2.853888
v 0.240490 23.624544 2.913026
v 0.220000 23.625137 2.913907
v 0.233305 23.662718 2.963998
v 0.213879 23.665260 2.966359
v 0.213864 23.710905 3.006228
v 0.198341 23.719269 3.012438
v 0.223052 23.746668 3.028100
v 0.209443 23.761206 3.037072
v 0.278970 23.768871 3.031820
v 0.258615 23.786459 3.038549
v 0.407773 23.825644 3.056832
v 0.357661 23.839369 3.055077
v 0.475511 23.919781 3.114708
v 0.436986 23.894379 3.086577
v 0.221267 23.393867 2.753433
v 0.213367 23.372961 2.684219
v 0.239189 23.372896 2.683448
v 0.237298 23.393723 2.753091
v 0.234236 23.422083 2.812552
v 0.219023 23.422260 2.812871
v 0.227642 23.459841 2.861035
v 0.212310 23.460026 2.861430
v 0.222809 23.506687 2.901322
v 0.206892 23.506868 2.901835
v 0.225560 23.561817 2.936534
v 0.208155 23.562220 2.937315
v 0.233034 23.625174 2.969444
v 0.213730 23.627033 2.971312
v 0.219416 23.695339 2.999994
v 0.202066 23.703754 3.006207
v 0.224572 23.748949 3.016549
v 0.203276 23.773928 3.033060
v -0.529347 23.425060 2.593395
v -0.515383 23.404625 2.522566
v -0.494869 23.404203 2.523198
v -0.513584 23.424864 2.593848
v -0.527445 23.453798 2.654554
v -0.543169 23.453936 2.654044
v -0.539407 23.492435 2.704682
v -0.555273 23.492542 2.704074
v -0.551169 23.540171 2.746103
v -0.567391 23.540262 2.745356
v -0.564347 23.596424 2.780530
v -0.581191 23.596352 2.779526
v -0.574768 23.659674 2.810967
v -0.591920 23.658323 2.809353
v -0.572291 23.725536 2.840968
v -0.589694 23.719103 2.837528
v -0.578446 23.786917 2.865504
v -0.604731 23.768305 2.857315
v -0.566419 23.612959 2.697673
v -0.552451 23.593248 2.628340
v -0.531688 23.592937 2.629311
v -0.549116 23.612829 2.698518
v -0.562563 23.641075 2.757263
v -0.580066 23.640957 2.756210
v -0.568266 23.679676 2.806652
v -0.585164 23.677961 2.805032
v -0.555609 23.728142 2.851533
v -0.569935 23.721292 2.848523
v -0.559161 23.774021 2.882881
v -0.570124 23.762234 2.878757
v -0.599493 23.802189 2.894176
v -0.610306 23.790651 2.890074
v -0.657112 23.849854 2.904800
v -0.671873 23.845297 2.902272
v -0.663046 23.941875 2.940372
v -0.690129 23.943447 2.938715
v -0.023192 23.387413 2.781436
v -0.030382 23.366123 2.712405
v -0.002869 23.365793 2.712370
v -0.008705 23.387239 2.781424
v -0.008503 23.415539 2.842588
v -0.021684 23.415682 2.842606
v -0.007275 23.452959 2.894071
v -0.021059 23.453098 2.894115
v -0.005760 23.499266 2.937265
v -0.020736 23.499416 2.937357
v -0.003637 23.553579 2.974104
v -0.020571 23.553740 2.974234
v -0.000263 23.614859 3.006846
v -0.020432 23.615042 3.006952
v 0.006340 23.682001 3.037857
v -0.020978 23.682270 3.037908
v 0.027558 23.753258 3.069043
v -0.028812 23.753918 3.069081
v -0.020793 23.600079 2.888566
v -0.027406 23.581516 2.819454
v 0.004532 23.581209 2.819382
v -0.001732 23.599884 2.888468
v -0.000948 23.625349 2.949085
v -0.020142 23.625540 2.949199
v 0.001654 23.659868 2.999596
v -0.019931 23.660046 2.999665
v 0.006118 23.703495 3.041562
v -0.019229 23.703630 3.041636
v 0.013613 23.755867 3.076755
v -0.016786 23.755478 3.077152
v 0.009458 23.817905 3.106887
v -0.016494 23.814735 3.108699
v -0.020549 23.884697 3.133766
v -0.036829 23.879005 3.137053
v -0.036016 23.950758 3.161754
v -0.057562 23.941824 3.166523
v 0.582828 23.597605 2.701096
v 0.524012 23.579430 2.628355
v 0.546296 23.579939 2.627661
v 0.606126 23.600605 2.701545
v 0.642401 23.631897 2.762109
v 0.621878 23.627476 2.761208
v 0.645995 23.658600 2.800842
v 0.622704 23.654278 2.800073
v 0.644548 23.682369 2.822759
v 0.617501 23.678165 2.822052
v 0.657667 23.716730 2.840152
v 0.636311 23.708656 2.837455
v 0.672243 23.780432 2.867860
v 0.658987 23.766560 2.862118
v 0.677563 23.878475 2.912907
v 0.664467 23.868443 2.909966
v 0.686124 23.966368 2.951286
v 0.661479 23.964603 2.954423
v 0.482267 23.407969 2.596213
v 0.465346 23.388546 2.523950
v 0.486219 23.388536 2.523245
v 0.504206 23.407793 2.595551
v 0.519751 23.436855 2.656316
v 0.497525 23.437050 2.657066
v 0.538488 23.475721 2.706211
v 0.515907 23.475660 2.706946
v 0.580558 23.524433 2.748405
v 0.556814 23.522850 2.748484
v 0.626897 23.583710 2.784556
v 0.604840 23.580124 2.783918
v 0.645138 23.640001 2.807678
v 0.622573 23.635853 2.806973
v 0.652010 23.690351 2.819593
v 0.627777 23.684744 2.818186
v 0.667261 23.751856 2.835558
v 0.646837 23.739300 2.830789
v 0.771313 24.557484 3.241557
v 0.788733 24.625399 3.211010
v 0.760912 24.625624 3.214219
v 0.739673 24.558039 3.244606
v 0.703338 24.497589 3.270780
v 0.743875 24.496338 3.265425
v 0.634756 24.446623 3.300325
v 0.695082 24.444347 3.296867
v 0.619585 24.403582 3.311089
v 0.671127 24.400284 3.315913
v 0.693071 24.358805 3.302317
v 0.749717 24.354452 3.306968
v 0.701125 24.302986 3.279048
v 0.772139 24.299360 3.279063
v 0.644799 24.220520 3.227797
v 0.690572 24.223038 3.228737
v 0.546840 24.122339 3.164236
v 0.586917 24.123491 3.161736
v 1.069440 24.930790 3.369340
v 1.093399 25.010496 3.332189
v 1.075867 25.008007 3.334788
v 1.044876 24.927986 3.372633
v 0.989683 24.850826 3.398611
v 1.017637 24.852919 3.394849
v 0.909703 24.778227 3.424320
v 0.940018 24.779221 3.418527
v 0.850410 24.709064 3.413452
v 0.873244 24.709558 3.412294
v 0.795315 24.640764 3.390767
v 0.823225 24.641594 3.389428
v 0.754341 24.568695 3.349007
v 0.786450 24.570553 3.346897
v 0.685092 24.510384 3.328203
v 0.732936 24.508595 3.319273
v 0.581793 24.454044 3.319021
v 0.645189 24.453325 3.318788
v -1.008971 24.923206 3.374051
v -1.051066 25.007963 3.338925
v -1.073075 25.011351 3.335481
v -1.033568 24.929838 3.372264
v -0.962010 24.839890 3.394990
v -0.937559 24.832447 3.396244
v -0.883484 24.756233 3.406191
v -0.863659 24.750425 3.407125
v -0.839247 24.686033 3.401169
v -0.820210 24.678774 3.401766
v -0.799662 24.624393 3.384521
v -0.774912 24.614607 3.386119
v -0.741877 24.563795 3.361732
v -0.710379 24.553610 3.365617
v -0.681603 24.504349 3.335483
v -0.636590 24.504618 3.345963
v -0.652438 24.442337 3.300780
v -0.550613 24.475008 3.333569
v -0.789585 24.610157 3.232375
v -0.790126 24.676188 3.213974
v -0.840156 24.681482 3.203574
v -0.827925 24.616892 3.224630
v -0.769305 24.536364 3.244290
v -0.738824 24.530710 3.250572
v -0.702504 24.456635 3.254915
v -0.679693 24.455673 3.260062
v -0.667333 24.391771 3.247885
v -0.649684 24.394270 3.251854
v -0.665759 24.336147 3.222628
v -0.652528 24.339886 3.225107
v -0.672749 24.282757 3.188151
v -0.662975 24.287832 3.189691
v -0.669197 24.221882 3.151497
v -0.660760 24.232290 3.153358
v -0.659678 24.141872 3.112558
v -0.645075 24.174625 3.117923
v 0.990585 24.710987 3.156183
v 0.982137 24.781832 3.128523
v 0.970013 24.781492 3.128147
v 0.975518 24.710836 3.155720
v 0.971587 24.645460 3.169663
v 0.987307 24.645426 3.170072
v 0.967982 24.584015 3.171635
v 0.983513 24.583866 3.171865
v 0.982877 24.524845 3.163037
v 0.996848 24.524710 3.163122
v 1.000568 24.466034 3.146090
v 1.013527 24.465939 3.145965
v 1.001595 24.405851 3.121315
v 1.015368 24.405798 3.120966
v 0.961050 24.342337 3.088888
v 0.980543 24.342293 3.088569
v 0.875029 24.273720 3.050242
v 0.902303 24.273802 3.049978
v 1.169508 25.092524 3.290399
v 1.154473 25.166016 3.262329
v 1.148811 25.166647 3.260712
v 1.162925 25.093660 3.287964
v 1.157015 25.019358 3.303374
v 1.163541 25.018219 3.305808
v 1.135189 24.944658 3.307405
v 1.142368 24.943699 3.309599
v 1.101677 24.870340 3.301306
v 1.110163 24.869684 3.303099
v 1.061112 24.797544 3.285597
v 1.071562 24.797348 3.286861
v 1.017758 24.727367 3.262061
v 1.030747 24.727655 3.262715
v 0.977462 24.658789 3.231428
v 0.992754 24.658831 3.231639
v 0.947002 24.588564 3.195208
v 0.965698 24.588449 3.195023
v 0.039908 24.505421 3.332096
v 0.035431 24.569965 3.298066
v -0.024567 24.582392 3.303361
v -0.014959 24.520348 3.339701
v -0.031959 24.452545 3.351077
v 0.028906 24.437975 3.347504
v -0.041651 24.381062 3.349739
v 0.024528 24.373104 3.350579
v -0.029360 24.310249 3.339853
v 0.022964 24.308640 3.340801
v -0.018519 24.244244 3.319184
v 0.023835 24.243898 3.319286
v -0.009706 24.175600 3.289618
v 0.030906 24.176796 3.290062
v -0.009623 24.101826 3.252537
v 0.032863 24.106220 3.254217
v -0.024122 24.021126 3.209599
v 0.015748 24.031979 3.210082
v 0.045463 24.858530 3.487335
v 0.063020 24.919048 3.455489
v -0.054378 24.919432 3.449168
v -0.025979 24.863564 3.476285
v -0.029633 24.826202 3.504806
v 0.033202 24.814400 3.517362
v -0.049371 24.804211 3.528440
v 0.014144 24.789507 3.538388
v -0.036241 24.784321 3.527550
v 0.014879 24.766203 3.531921
v 0.006671 24.738060 3.504710
v 0.045952 24.711084 3.504402
v 0.038775 24.647787 3.484788
v 0.090745 24.614517 3.478705
v 0.027885 24.520229 3.439359
v 0.061457 24.505571 3.430304
v -0.047871 24.411242 3.374372
v 0.026542 24.395235 3.372500
v -1.160969 25.096081 3.289650
v -1.147235 25.169054 3.262245
v -1.152682 25.168432 3.263992
v -1.167308 25.095013 3.292239
v -1.161335 25.020895 3.307685
v -1.155062 25.021957 3.305104
v -1.140546 24.946665 3.311602
v -1.133713 24.947554 3.309268
v -1.108864 24.872721 3.304653
v -1.100855 24.873156 3.302687
v -1.075340 24.796413 3.286806
v -1.067010 24.796019 3.285154
v -1.056949 24.729080 3.258428
v -1.047831 24.728920 3.256969
v -1.045742 24.663420 3.215078
v -1.036033 24.664312 3.213244
v -1.058553 24.603630 3.168816
v -1.044698 24.605122 3.166009
v -0.992060 24.714806 3.149969
v -0.973328 24.786123 3.129183
v -0.984726 24.786459 3.129768
v -1.004527 24.714928 3.151258
v -1.032240 24.653067 3.156512
v -1.020129 24.653799 3.154593
v -1.068583 24.600420 3.150857
v -1.056587 24.601030 3.148192
v -1.093653 24.550425 3.138254
v -1.081824 24.550577 3.135328
v -1.083566 24.495659 3.121094
v -1.069132 24.494953 3.118362
v -1.022484 24.427629 3.099075
v -1.005261 24.426260 3.097207
v -0.966339 24.356030 3.075154
v -0.949016 24.354998 3.074438
v -0.945527 24.285383 3.048125
v -0.915860 24.283407 3.048300
v -0.138533 23.157190 2.598044
v -0.141118 23.135786 2.525358
v -0.119177 23.135408 2.525406
v -0.124696 23.156967 2.598081
v -0.127277 23.186689 2.661658
v -0.140118 23.186874 2.661591
v -0.130725 23.226313 2.715072
v -0.143177 23.226490 2.714960
v -0.135242 23.275240 2.760154
v -0.147529 23.275417 2.760006
v -0.140128 23.332640 2.799108
v -0.152666 23.332804 2.798947
v -0.144462 23.397482 2.834121
v -0.158059 23.397654 2.833946
v -0.146785 23.468410 2.867259
v -0.164785 23.468645 2.867033
v -0.140439 23.543171 2.900233
v -0.180021 23.543667 2.899748
v 0.078770 23.152798 2.599112
v 0.072288 23.131226 2.526519
v 0.094423 23.131002 2.526445
v 0.092966 23.152626 2.599080
v 0.096074 23.182386 2.662592
v 0.082935 23.182552 2.662661
v 0.101111 23.221954 2.716034
v 0.088411 23.222103 2.716156
v 0.107674 23.270933 2.761048
v 0.095161 23.271065 2.761218
v 0.114376 23.328354 2.799651
v 0.101767 23.328484 2.799895
v 0.118575 23.393206 2.833583
v 0.105585 23.393330 2.834017
v 0.119386 23.464239 2.864585
v 0.103818 23.464388 2.865485
v 0.125178 23.539228 2.894297
v 0.093550 23.539499 2.896722
v -0.526011 22.661970 1.900358
v -0.525123 22.644257 1.827412
v -0.507686 22.643541 1.827369
v -0.508396 22.661240 1.900274
v -0.508537 22.688669 1.961830
v -0.526252 22.689432 1.961917
v -0.508410 22.726343 2.012871
v -0.525808 22.727102 2.012955
v -0.508728 22.773436 2.055901
v -0.525654 22.774191 2.055970
v -0.511269 22.829298 2.093494
v -0.527670 22.830019 2.093544
v -0.516297 22.893358 2.128312
v -0.532195 22.894060 2.128342
v -0.523432 22.964764 2.162621
v -0.539349 22.965450 2.162628
v -0.529317 23.041443 2.198174
v -0.551424 23.042398 2.198174
v 0.464520 22.640759 1.903357
v 0.467725 22.624416 1.829057
v 0.485542 22.624630 1.829130
v 0.487600 22.641037 1.903490
v 0.487181 22.668322 1.964863
v 0.463983 22.668001 1.964730
v 0.486813 22.705675 2.015509
v 0.463643 22.705343 2.015380
v 0.487036 22.752628 2.057984
v 0.464088 22.752298 2.057876
v 0.490234 22.808277 2.094859
v 0.467666 22.807951 2.094787
v 0.496689 22.872379 2.128910
v 0.474575 22.872053 2.128878
v 0.506229 22.943497 2.162383
v 0.484582 22.943195 2.162398
v 0.519319 23.021191 2.197613
v 0.496523 23.020842 2.197655
v -0.574951 22.590361 1.783749
v -0.573274 22.572733 1.710541
v -0.555833 22.572050 1.710502
v -0.556327 22.589630 1.783662
v -0.556790 22.617153 1.845128
v -0.575491 22.617912 1.845217
v -0.556899 22.654724 1.896031
v -0.575267 22.655499 1.896117
v -0.556496 22.701727 1.938802
v -0.574460 22.702528 1.938887
v -0.555627 22.757244 1.975793
v -0.573155 22.758053 1.975873
v -0.554906 22.820372 2.009719
v -0.571934 22.821161 2.009782
v -0.556252 22.890635 2.043140
v -0.573133 22.891405 2.043178
v -0.557231 22.966644 2.077981
v -0.579670 22.967688 2.078014
v -0.471664 22.763201 2.023703
v -0.471407 22.745211 1.950995
v -0.453744 22.744446 1.950945
v -0.455389 22.762526 2.023628
v -0.457886 22.790379 2.085630
v -0.474117 22.791054 2.085701
v -0.462609 22.828829 2.137481
v -0.478450 22.829493 2.137543
v -0.469288 22.876877 2.181514
v -0.484668 22.877512 2.181564
v -0.477716 22.933954 2.220067
v -0.492653 22.934578 2.220103
v -0.487494 22.999039 2.255715
v -0.502151 22.999613 2.255727
v -0.497307 23.071280 2.290742
v -0.512647 23.071844 2.290695
v -0.503310 23.149082 2.326887
v -0.526384 23.149870 2.326736
v -0.419254 22.940577 2.170937
v -0.410755 22.922714 2.096980
v -0.393511 22.921999 2.096929
v -0.404581 22.939999 2.170865
v -0.414335 22.967636 2.234812
v -0.429124 22.968193 2.234866
v -0.423460 23.006001 2.288953
v -0.438318 23.006514 2.288964
v -0.431828 23.054153 2.335610
v -0.446767 23.054632 2.335574
v -0.439963 23.111412 2.376793
v -0.455051 23.111847 2.376700
v -0.449975 23.176977 2.414292
v -0.465410 23.177383 2.414105
v -0.463452 23.249901 2.449862
v -0.480171 23.250299 2.449543
v -0.475854 23.327917 2.485322
v -0.502579 23.328537 2.484658
v -0.278247 23.125406 2.491071
v -0.276535 23.104746 2.417308
v -0.255959 23.104229 2.417404
v -0.263317 23.125086 2.491143
v -0.268901 23.154743 2.555315
v -0.283505 23.155024 2.555199
v -0.276256 23.194696 2.608874
v -0.290582 23.194958 2.608697
v -0.285766 23.244190 2.653896
v -0.299781 23.244423 2.653655
v -0.297205 23.302305 2.692788
v -0.311085 23.302528 2.692472
v -0.309714 23.367958 2.727824
v -0.324009 23.368183 2.727419
v -0.321228 23.439863 2.761055
v -0.338469 23.440153 2.760484
v -0.324978 23.515890 2.794313
v -0.359459 23.516478 2.793101
v -0.633882 22.575558 1.591217
v -0.631663 22.557833 1.517799
v -0.614235 22.557241 1.517760
v -0.614502 22.574886 1.591128
v -0.615181 22.602669 1.652539
v -0.634605 22.603384 1.652630
v -0.615494 22.640635 1.703373
v -0.634621 22.641378 1.703461
v -0.615303 22.687668 1.746071
v -0.634080 22.688446 1.746158
v -0.614579 22.743319 1.782962
v -0.632977 22.744104 1.783045
v -0.613313 22.806503 1.816702
v -0.631351 22.807304 1.816779
v -0.611360 22.876492 1.849577
v -0.629375 22.877319 1.849652
v -0.606345 22.951464 1.883549
v -0.629509 22.952585 1.883663
v -0.028313 23.158865 2.606602
v -0.033232 23.137150 2.533997
v -0.010989 23.136843 2.533984
v -0.014735 23.158678 2.606597
v -0.014491 23.188412 2.670302
v -0.026853 23.188566 2.670307
v -0.013573 23.227882 2.723938
v -0.025631 23.228039 2.723947
v -0.012329 23.276804 2.769190
v -0.024371 23.276947 2.769200
v -0.010775 23.334194 2.808124
v -0.023125 23.334343 2.808138
v -0.008746 23.398979 2.842968
v -0.022186 23.399128 2.843002
v -0.005069 23.469812 2.875894
v -0.023020 23.470003 2.876008
v 0.007078 23.544542 2.908445
v -0.032777 23.544931 2.908865
v 0.217182 23.113056 2.489812
v 0.209936 23.092632 2.415470
v 0.231192 23.092573 2.415346
v 0.234329 23.112913 2.489783
v 0.240631 23.142565 2.553726
v 0.223976 23.142744 2.553811
v 0.249352 23.182501 2.607131
v 0.233201 23.182676 2.607298
v 0.260888 23.232100 2.651948
v 0.245056 23.232256 2.652210
v 0.275055 23.290245 2.690546
v 0.259148 23.290394 2.690905
v 0.290775 23.355944 2.725072
v 0.274031 23.356073 2.725515
v 0.305815 23.428041 2.757390
v 0.285600 23.428139 2.757846
v 0.322561 23.504517 2.788483
v 0.284488 23.504568 2.789025
v 0.361232 22.914450 2.164464
v 0.353391 22.898329 2.089335
v 0.371311 22.898521 2.089386
v 0.381423 22.914606 2.164598
v 0.391762 22.941898 2.228129
v 0.371605 22.941755 2.228025
v 0.402556 22.980091 2.281742
v 0.382342 22.979971 2.281715
v 0.413138 23.028076 2.327519
v 0.392885 23.028004 2.327575
v 0.423777 23.085278 2.368036
v 0.403468 23.085230 2.368173
v 0.436357 23.150978 2.405046
v 0.415762 23.150955 2.405313
v 0.453905 23.223879 2.440102
v 0.432627 23.223890 2.440532
v 0.478145 23.302967 2.475136
v 0.451232 23.302931 2.475852
v 0.409552 22.739288 2.025396
v 0.412297 22.722721 1.951219
v 0.430120 22.722946 1.951293
v 0.432046 22.739531 2.025544
v 0.433856 22.767210 2.087196
v 0.411492 22.766953 2.087067
v 0.438515 22.805340 2.138488
v 0.416524 22.805088 2.138385
v 0.445862 22.853348 2.181894
v 0.424317 22.853094 2.181818
v 0.455683 22.910040 2.219675
v 0.434624 22.909790 2.219635
v 0.467832 22.975111 2.254533
v 0.447233 22.974861 2.254531
v 0.481513 23.047277 2.288712
v 0.460879 23.047071 2.288800
v 0.496736 23.125961 2.324483
v 0.472839 23.125751 2.324680
v 0.580843 22.556412 1.593787
v 0.584250 22.540157 1.519336
v 0.601982 22.540342 1.519390
v 0.604338 22.556667 1.593883
v 0.603908 22.583981 1.654987
v 0.580380 22.583698 1.654888
v 0.603527 22.621571 1.705853
v 0.580014 22.621260 1.705751
v 0.603205 22.668201 1.748000
v 0.579713 22.667870 1.747903
v 0.602929 22.723598 1.784652
v 0.579457 22.723228 1.784558
v 0.602700 22.786535 1.817822
v 0.579241 22.786139 1.817734
v 0.602519 22.856253 1.850001
v 0.579057 22.855839 1.849921
v 0.602530 22.932253 1.883663
v 0.578730 22.931801 1.883582
v 0.515720 22.571220 1.786731
v 0.519048 22.554943 1.712353
v 0.536840 22.555155 1.712420
v 0.539053 22.571505 1.786853
v 0.538613 22.598774 1.848209
v 0.515202 22.598450 1.848088
v 0.538222 22.636326 1.898838
v 0.514808 22.635988 1.898719
v 0.537892 22.683163 1.941233
v 0.514490 22.682800 1.941118
v 0.537620 22.738287 1.977650
v 0.514244 22.737904 1.977540
v 0.537648 22.801228 2.010857
v 0.514449 22.800837 2.010770
v 0.540674 22.871605 2.043455
v 0.517861 22.871225 2.043417
v 0.547686 22.948212 2.077975
v 0.524560 22.947836 2.077974
v 1.072069 25.298552 3.549277
v 1.028904 25.363026 3.523501
v 0.990058 25.357206 3.528839
v 1.021705 25.290018 3.555997
v 1.041792 25.223228 3.569025
v 1.093724 25.232327 3.562114
v 1.055278 25.157423 3.567423
v 1.107455 25.166513 3.560419
v 1.061478 25.091448 3.553619
v 1.111478 25.099916 3.546874
v 1.055244 25.023232 3.530289
v 1.101195 25.030392 3.524059
v 1.029278 24.950628 3.501393
v 1.070587 24.956041 3.495829
v 0.977859 24.872366 3.471586
v 1.016194 24.875904 3.466186
v 0.883733 24.788910 3.461211
v 0.930544 24.790977 3.451859
v -0.099196 23.131378 2.549163
v -0.102342 23.110113 2.476036
v -0.080555 23.109737 2.476061
v -0.084995 23.131157 2.549173
v -0.086112 23.160952 2.613261
v -0.099231 23.161139 2.613242
v -0.087701 23.200764 2.667345
v -0.100277 23.200951 2.667287
v -0.090380 23.249975 2.713012
v -0.102645 23.250149 2.712923
v -0.093523 23.307741 2.752411
v -0.105891 23.307909 2.752313
v -0.096171 23.373016 2.787704
v -0.109469 23.373186 2.787600
v -0.096587 23.444426 2.821060
v -0.114365 23.444645 2.820932
v -0.087663 23.519676 2.854182
v -0.127859 23.520184 2.853918
v -0.230555 23.216774 2.651182
v -0.229566 23.195200 2.579661
v -0.206826 23.194723 2.579937
v -0.216545 23.216537 2.651343
v -0.222555 23.245970 2.713922
v -0.235651 23.246161 2.713744
v -0.228817 23.285143 2.766444
v -0.241784 23.285311 2.766222
v -0.235702 23.333534 2.810719
v -0.248779 23.333710 2.810448
v -0.242897 23.390383 2.848863
v -0.256466 23.390558 2.848545
v -0.249875 23.454475 2.883087
v -0.264669 23.454674 2.882719
v -0.255903 23.524532 2.915497
v -0.274705 23.524807 2.914979
v -0.255447 23.598587 2.947793
v -0.293910 23.599239 2.946584
v 0.173643 23.208326 2.652285
v 0.162865 23.186930 2.580624
v 0.186248 23.186810 2.580309
v 0.188462 23.208164 2.652134
v 0.195142 23.237627 2.714678
v 0.181284 23.237797 2.714847
v 0.202990 23.276823 2.766956
v 0.189286 23.276976 2.767181
v 0.210358 23.325323 2.810517
v 0.196547 23.325474 2.810813
v 0.213419 23.382181 2.846871
v 0.199350 23.382326 2.847275
v 0.211391 23.446409 2.878147
v 0.196594 23.446543 2.878692
v 0.211339 23.516735 2.907516
v 0.193107 23.516846 2.908298
v 0.225956 23.591085 2.937538
v 0.189140 23.591152 2.939151
v 0.026823 23.129923 2.555063
v 0.021468 23.108446 2.481913
v 0.043727 23.108187 2.481873
v 0.041161 23.129742 2.555060
v 0.042378 23.159567 2.619171
v 0.029300 23.159735 2.619188
v 0.045005 23.199295 2.673128
v 0.032521 23.199446 2.673183
v 0.049184 23.248520 2.718720
v 0.036974 23.248661 2.718807
v 0.054251 23.306271 2.758080
v 0.041938 23.306404 2.758193
v 0.059315 23.371502 2.793256
v 0.046315 23.371637 2.793448
v 0.064142 23.442911 2.826006
v 0.047861 23.443071 2.826502
v 0.074173 23.518280 2.857588
v 0.039935 23.518581 2.859211
v -0.666475 24.244101 3.057122
v -0.656919 24.304329 3.034804
v -0.678776 24.299599 3.035221
v -0.675385 24.240328 3.057237
v -0.669447 24.180481 3.072779
v -0.663428 24.185545 3.073129
v -0.660143 24.125725 3.081033
v -0.654203 24.133257 3.082419
v -0.645362 24.085285 3.085868
v -0.639073 24.096210 3.088677
v -0.623871 24.051674 3.085889
v -0.618255 24.067644 3.090443
v -0.597412 24.013580 3.078070
v -0.593273 24.036509 3.084686
v -0.566545 23.990273 3.069834
v -0.560018 24.014757 3.077187
v -0.537225 24.005274 3.070944
v -0.512572 24.020008 3.076733
v -0.975890 25.285713 3.562303
v -0.945019 25.353224 3.534902
v -0.990950 25.359526 3.528636
v -1.034470 25.294449 3.554552
v -1.054898 25.228132 3.567310
v -0.994851 25.219246 3.575084
v -1.067010 25.161993 3.565720
v -1.008792 25.153635 3.573153
v -1.069591 25.095512 3.552130
v -1.017297 25.087679 3.558569
v -1.056394 25.024900 3.529127
v -1.010951 25.012423 3.532769
v -1.006956 24.933310 3.498517
v -0.962413 24.909061 3.498305
v -0.901210 24.827787 3.470511
v -0.865451 24.815203 3.472416
v -0.796921 24.747246 3.449849
v -0.750047 24.740541 3.453908
v 0.662336 24.248285 3.113897
v 0.645724 24.308224 3.072557
v 0.617682 24.309458 3.077078
v 0.630374 24.249073 3.117209
v 0.600849 24.180237 3.131443
v 0.633355 24.180695 3.129729
v 0.580157 24.107876 3.131539
v 0.606930 24.107491 3.127719
v 0.588741 24.038647 3.121306
v 0.611283 24.037958 3.117038
v 0.600794 23.972290 3.102672
v 0.619672 23.971384 3.097963
v 0.609631 23.897747 3.068946
v 0.624498 23.897032 3.064384
v 0.643130 23.769035 2.996406
v 0.650889 23.768145 2.991909
v 0.603707 23.683559 2.947623
v 0.607403 23.668234 2.933794
v -0.221461 22.803450 1.745795
v -0.221264 22.785688 1.673296
v -0.203450 22.785246 1.673289
v -0.205033 22.803007 1.745802
v -0.205457 22.830122 1.807311
v -0.221902 22.830574 1.807307
v -0.205553 22.867331 1.858346
v -0.221736 22.867783 1.858350
v -0.205592 22.914112 1.901301
v -0.221534 22.914572 1.901320
v -0.207089 22.969654 1.938706
v -0.222860 22.970114 1.938745
v -0.210316 23.033390 1.973241
v -0.226054 23.033861 1.973298
v -0.213819 23.104492 2.007270
v -0.230437 23.104967 2.007315
v -0.213557 23.180988 2.042555
v -0.238342 23.181662 2.042591
v -0.784136 22.669525 1.980310
v -0.782482 22.651951 1.906558
v -0.765225 22.651152 1.906476
v -0.764384 22.668627 1.980148
v -0.764046 22.696358 2.041757
v -0.783922 22.697281 2.041917
v -0.763305 22.734291 2.092755
v -0.782962 22.735231 2.092907
v -0.762314 22.781326 2.135471
v -0.781607 22.782251 2.135597
v -0.762802 22.837309 2.173003
v -0.781465 22.838192 2.173069
v -0.765454 22.901201 2.207541
v -0.783512 22.902008 2.207541
v -0.770133 22.972176 2.241495
v -0.787796 22.972910 2.241427
v -0.774789 23.049046 2.276918
v -0.795670 23.049866 2.276778
v -0.318797 22.671513 1.851507
v -0.318152 22.653915 1.778873
v -0.300575 22.653376 1.778866
v -0.301828 22.670977 1.851496
v -0.302246 22.698179 1.912997
v -0.319281 22.698738 1.913012
v -0.302431 22.735590 1.963995
v -0.319121 22.736155 1.964016
v -0.302854 22.782312 2.006941
v -0.319128 22.782875 2.006968
v -0.305360 22.838089 2.044422
v -0.321174 22.838640 2.044461
v -0.310347 22.901953 2.079125
v -0.325755 22.902500 2.079172
v -0.316936 22.973026 2.113362
v -0.332834 22.973598 2.113402
v -0.320163 23.049677 2.148896
v -0.344565 23.050514 2.148917
v 0.720895 22.640240 1.983034
v 0.724346 22.623707 1.908445
v 0.742124 22.624071 1.908517
v 0.744782 22.640760 1.983135
v 0.744426 22.668432 2.044257
v 0.720532 22.667887 2.044153
v 0.744081 22.706373 2.095138
v 0.720185 22.705797 2.095033
v 0.743746 22.753336 2.137276
v 0.719924 22.752750 2.137179
v 0.745055 22.809271 2.174124
v 0.721755 22.808725 2.174090
v 0.749225 22.873116 2.207834
v 0.726499 22.872625 2.207868
v 0.756103 22.944149 2.240895
v 0.734004 22.943718 2.241003
v 0.765534 23.021833 2.275767
v 0.743905 23.021458 2.275948
v 0.261193 22.656898 1.853704
v 0.263653 22.640371 1.779924
v 0.281458 22.640417 1.779989
v 0.282444 22.656931 1.853843
v 0.281967 22.683990 1.915242
v 0.260536 22.683952 1.915107
v 0.281548 22.721388 1.965946
v 0.260292 22.721327 1.965821
v 0.281700 22.767973 2.008490
v 0.260730 22.767912 2.008377
v 0.284710 22.823647 2.045466
v 0.264072 22.823570 2.045368
v 0.291052 22.887300 2.079634
v 0.270767 22.887207 2.079553
v 0.300543 22.958202 2.113275
v 0.280326 22.958097 2.113226
v 0.313714 23.035463 2.148591
v 0.288925 23.035322 2.148595
v 0.164593 22.795958 1.747054
v 0.166380 22.779240 1.673693
v 0.184090 22.779194 1.673734
v 0.184262 22.795855 1.747165
v 0.183794 22.822834 1.808599
v 0.163936 22.822929 1.808491
v 0.183474 22.860178 1.859399
v 0.163795 22.860273 1.859305
v 0.183757 22.906803 1.902056
v 0.164267 22.906889 1.901972
v 0.186440 22.962475 1.939108
v 0.167057 22.962534 1.939029
v 0.191815 23.026127 1.973267
v 0.172438 23.026161 1.973203
v 0.198855 23.097052 2.006879
v 0.178886 23.097099 2.006867
v 0.208496 23.174232 2.042058
v 0.183131 23.174274 2.042083
v -0.492160 22.557978 1.425934
v -0.489980 22.540428 1.352826
v -0.472476 22.539957 1.352808
v -0.472878 22.557430 1.425887
v -0.473775 22.585062 1.487212
v -0.492997 22.585638 1.487261
v -0.474397 22.622866 1.537981
v -0.493214 22.623461 1.538029
v -0.474567 22.669743 1.580644
v -0.492980 22.670357 1.580692
v -0.474266 22.725241 1.617671
v -0.492293 22.725880 1.617719
v -0.473493 22.788267 1.651360
v -0.491159 22.788914 1.651406
v -0.472083 22.857979 1.684117
v -0.489763 22.858652 1.684167
v -0.467437 22.933037 1.717748
v -0.490737 22.933962 1.717826
v -0.792672 22.613850 1.726540
v -0.790266 22.595819 1.652782
v -0.772945 22.595161 1.652718
v -0.772442 22.613062 1.726404
v -0.772711 22.641073 1.787689
v -0.793034 22.641909 1.787823
v -0.772554 22.679050 1.838762
v -0.792664 22.679914 1.838897
v -0.771836 22.726450 1.881332
v -0.791675 22.727339 1.881459
v -0.770565 22.782101 1.918456
v -0.790113 22.783005 1.918576
v -0.768739 22.845385 1.952251
v -0.788009 22.846302 1.952361
v -0.766415 22.915504 1.985172
v -0.785576 22.916435 1.985267
v -0.762827 22.990911 2.019447
v -0.785446 22.992018 2.019522
v -0.519731 23.218924 2.449517
v -0.506881 23.198490 2.376535
v -0.488374 23.197937 2.376757
v -0.504589 23.218580 2.449691
v -0.519265 23.248167 2.512201
v -0.534480 23.248438 2.511968
v -0.534570 23.287838 2.563985
v -0.549752 23.288057 2.563678
v -0.550499 23.337006 2.606953
v -0.565669 23.337185 2.606562
v -0.566540 23.394514 2.643564
v -0.581820 23.394667 2.643080
v -0.581991 23.459417 2.676085
v -0.597590 23.459513 2.675494
v -0.597112 23.530895 2.706635
v -0.613938 23.531008 2.705861
v -0.610464 23.607273 2.736752
v -0.636184 23.607544 2.735324
v -0.664544 22.983082 2.255967
v -0.655723 22.965803 2.181211
v -0.639210 22.965040 2.181228
v -0.648840 22.982449 2.255944
v -0.657873 23.009949 2.319862
v -0.673615 23.010523 2.319855
v -0.667072 23.048082 2.373564
v -0.682582 23.048607 2.373517
v -0.676739 23.095798 2.419289
v -0.691991 23.096262 2.419211
v -0.688820 23.152643 2.458865
v -0.703853 23.153021 2.458771
v -0.704000 23.217701 2.494269
v -0.718899 23.217995 2.494161
v -0.721464 23.289961 2.527455
v -0.736457 23.290171 2.527324
v -0.738270 23.367716 2.560705
v -0.756891 23.367912 2.560546
v -0.749409 22.797228 2.091624
v -0.748571 22.779596 2.018096
v -0.731351 22.778717 2.018005
v -0.730890 22.796337 2.091466
v -0.732040 22.824183 2.153462
v -0.750464 22.825047 2.153575
v -0.735005 22.862429 2.205176
v -0.752988 22.863235 2.205232
v -0.739548 22.910467 2.249001
v -0.757067 22.911219 2.249004
v -0.745526 22.967314 2.287220
v -0.762593 22.967993 2.287163
v -0.752723 23.031946 2.322434
v -0.769390 23.032547 2.322318
v -0.760766 23.103600 2.356821
v -0.777239 23.104118 2.356651
v -0.768466 23.181160 2.392114
v -0.788155 23.181702 2.391924
v -0.144608 22.716131 1.253204
v -0.142764 22.699064 1.179833
v -0.125196 22.698807 1.179836
v -0.125202 22.715809 1.253226
v -0.125883 22.743055 1.314589
v -0.145209 22.743385 1.314568
v -0.126367 22.780514 1.365367
v -0.145324 22.780859 1.365352
v -0.126487 22.827118 1.408000
v -0.145137 22.827469 1.407991
v -0.126226 22.882423 1.444796
v -0.144669 22.882772 1.444796
v -0.125601 22.945312 1.478381
v -0.143960 22.945669 1.478390
v -0.124545 23.015001 1.511033
v -0.143138 23.015369 1.511054
v -0.120976 23.090366 1.544800
v -0.144408 23.090820 1.544831
v -0.164762 22.698530 0.987247
v -0.162337 22.681620 0.913300
v -0.144546 22.681412 0.913300
v -0.143648 22.698244 0.987258
v -0.144299 22.725756 1.048579
v -0.165175 22.726048 1.048569
v -0.144770 22.763512 1.099270
v -0.165235 22.763821 1.099263
v -0.144951 22.810335 1.141805
v -0.165060 22.810642 1.141803
v -0.144832 22.865858 1.178475
v -0.164663 22.866180 1.178478
v -0.144424 22.928946 1.211941
v -0.164074 22.929276 1.211952
v -0.143694 22.998966 1.244478
v -0.163366 22.999302 1.244496
v -0.141044 23.074381 1.278238
v -0.164243 23.074772 1.278263
v -0.166578 22.773882 1.602367
v -0.165716 22.756351 1.529637
v -0.148128 22.755999 1.529640
v -0.149228 22.773499 1.602392
v -0.149775 22.800537 1.663849
v -0.167210 22.800932 1.663826
v -0.150040 22.837658 1.714782
v -0.167213 22.838064 1.714768
v -0.149857 22.884293 1.757579
v -0.166780 22.884697 1.757575
v -0.149244 22.939394 1.794567
v -0.165968 22.939802 1.794574
v -0.148331 23.002335 1.828362
v -0.164975 23.002748 1.828383
v -0.147743 23.072411 1.861344
v -0.164919 23.072836 1.861393
v -0.145750 23.147930 1.895535
v -0.169570 23.148523 1.895629
v -0.409051 22.605658 1.716825
v -0.407723 22.587908 1.644153
v -0.390181 22.587349 1.644136
v -0.391211 22.605068 1.716791
v -0.391867 22.632368 1.778196
v -0.409759 22.632988 1.778233
v -0.392217 22.669697 1.829087
v -0.409746 22.670326 1.829124
v -0.392095 22.716450 1.871875
v -0.409196 22.717085 1.871915
v -0.391522 22.771582 1.909038
v -0.408177 22.772213 1.909080
v -0.390860 22.834511 1.942939
v -0.407094 22.835148 1.942982
v -0.391713 22.904642 1.976224
v -0.408081 22.905287 1.976268
v -0.391649 22.980114 2.010807
v -0.414776 22.981050 2.010879
v -0.040863 22.740967 0.722350
v -0.037558 22.724306 0.647897
v -0.020030 22.724167 0.647899
v -0.017782 22.740784 0.722361
v -0.018259 22.768415 0.783684
v -0.041112 22.768618 0.783673
v -0.018574 22.806318 0.834332
v -0.041158 22.806522 0.834322
v -0.018695 22.853268 0.876796
v -0.041040 22.853485 0.876790
v -0.018615 22.908972 0.913341
v -0.040769 22.909189 0.913340
v -0.018349 22.972193 0.946675
v -0.040369 22.972414 0.946679
v -0.017903 23.042189 0.979055
v -0.039868 23.042410 0.979066
v -0.016570 23.118242 1.012830
v -0.040041 23.118481 1.012844
v -0.016188 22.872696 0.482944
v -0.012848 22.855968 0.408325
v 0.004658 22.855867 0.408323
v 0.007322 22.872547 0.482942
v 0.007112 22.900284 0.544344
v -0.016387 22.900440 0.544345
v 0.007024 22.938326 0.595025
v -0.016430 22.938477 0.595027
v 0.007058 22.985403 0.637490
v -0.016327 22.985575 0.637492
v 0.007223 23.041267 0.673992
v -0.016094 23.041437 0.673997
v 0.007510 23.104654 0.707274
v -0.015756 23.104828 0.707283
v 0.007905 23.174809 0.739581
v -0.015332 23.174984 0.739594
v 0.008499 23.251194 0.773385
v -0.014954 23.251369 0.773400
v -0.364775 22.645887 0.877790
v -0.361757 22.628794 0.803867
v -0.344248 22.628550 0.803860
v -0.342752 22.645557 0.877777
v -0.343405 22.673361 0.939082
v -0.365162 22.673712 0.939097
v -0.343859 22.711391 0.989755
v -0.365224 22.711748 0.989772
v -0.344035 22.758453 1.032281
v -0.365034 22.758837 1.032299
v -0.343927 22.814196 1.069139
v -0.364597 22.814598 1.069160
v -0.343535 22.877457 1.102598
v -0.363940 22.877855 1.102622
v -0.342836 22.947441 1.135123
v -0.363125 22.947859 1.135149
v -0.340301 23.023214 1.168912
v -0.363720 23.023703 1.168947
v -0.011493 22.884861 0.150794
v -0.008524 22.867952 0.076144
v 0.009225 22.867880 0.076142
v 0.011756 22.884760 0.150792
v 0.011626 22.912674 0.212218
v -0.011621 22.912786 0.212221
v 0.011589 22.950611 0.262919
v -0.011657 22.950727 0.262922
v 0.011643 22.998074 0.305394
v -0.011599 22.998190 0.305398
v 0.011783 23.053810 0.341889
v -0.011454 23.053926 0.341894
v 0.012000 23.117292 0.375152
v -0.011231 23.117420 0.375159
v 0.012284 23.187790 0.407429
v -0.010940 23.187916 0.407437
v 0.012621 23.264034 0.441215
v -0.010594 23.264168 0.441225
v -0.027005 23.196047 2.675040
v -0.032461 23.174431 2.603417
v -0.009865 23.174128 2.603399
v -0.013966 23.195875 2.675032
v -0.013591 23.225285 2.738027
v -0.025557 23.225441 2.738035
v -0.012492 23.264378 2.790963
v -0.024435 23.264511 2.790973
v -0.011115 23.312700 2.835507
v -0.023280 23.312828 2.835519
v -0.009469 23.369408 2.873918
v -0.022185 23.369541 2.873937
v -0.007427 23.433472 2.908427
v -0.021479 23.433615 2.908479
v -0.003870 23.503601 2.941006
v -0.022518 23.503780 2.941153
v 0.008218 23.577620 2.973133
v -0.032021 23.577982 2.973558
v 0.965673 24.393101 3.011343
v 0.922461 24.460400 2.982704
v 0.904913 24.460505 2.982730
v 0.946044 24.393240 3.011278
v 0.936045 24.330248 3.025486
v 0.956044 24.330179 3.025629
v 0.892409 24.269526 3.025743
v 0.914062 24.269548 3.025930
v 0.862264 24.210129 3.015373
v 0.883598 24.210201 3.015408
v 0.860481 24.150606 2.996418
v 0.882665 24.150692 2.996337
v 0.861548 24.088640 2.969275
v 0.884937 24.088743 2.969229
v 0.847376 24.022295 2.935130
v 0.870465 24.022327 2.935062
v 0.809569 23.951193 2.898705
v 0.833864 23.951097 2.898454
v 1.148149 25.445724 3.464235
v 1.084922 25.503689 3.446822
v 1.071285 25.503201 3.447484
v 1.134104 25.446199 3.464472
v 1.175672 25.390730 3.470335
v 1.186643 25.389359 3.470671
v 1.202008 25.334858 3.464652
v 1.210604 25.332899 3.465531
v 1.217238 25.276012 3.448312
v 1.223996 25.273743 3.449711
v 1.220590 25.210602 3.423211
v 1.226191 25.208273 3.425074
v 1.209822 25.136435 3.392797
v 1.215141 25.134317 3.394917
v 1.182718 25.052465 3.359554
v 1.188672 25.050749 3.361652
v 1.138750 24.959673 3.326006
v 1.146455 24.958424 3.327811
v 0.030923 24.143646 3.174201
v 0.021612 24.215607 3.143659
v -0.015481 24.215277 3.143566
v -0.013846 24.141476 3.172744
v -0.019258 24.068361 3.185188
v 0.019958 24.074774 3.186614
v -0.031437 24.003021 3.184340
v -0.004586 24.011024 3.183693
v -0.046798 23.946266 3.173030
v -0.030432 23.952831 3.170058
v -0.041760 23.891600 3.154841
v -0.028278 23.897215 3.151293
v -0.018533 23.832785 3.130386
v 0.002585 23.837273 3.128020
v -0.016024 23.767839 3.098078
v 0.015387 23.768974 3.097348
v -0.029072 23.699131 3.062106
v 0.015469 23.698799 3.062109
v 0.053527 25.109337 3.622691
v 0.061930 25.171453 3.592033
v -0.046598 25.165380 3.590115
v -0.046071 25.105225 3.622000
v -0.047536 25.063763 3.645138
v 0.050397 25.065929 3.645115
v -0.047034 25.028139 3.655092
v 0.045930 25.028650 3.654715
v -0.044471 24.987974 3.651020
v 0.039859 24.987505 3.651447
v -0.041123 24.938705 3.635716
v 0.029387 24.937738 3.640847
v -0.039333 24.884413 3.615681
v 0.015118 24.881334 3.629580
v -0.034118 24.838198 3.584075
v 0.016118 24.828754 3.603400
v -0.064682 24.813091 3.550075
v 0.030285 24.787052 3.570975
v -0.809558 22.579350 1.878508
v -0.807156 22.561758 1.804600
v -0.789870 22.561041 1.804527
v -0.788986 22.578501 1.878360
v -0.789059 22.606409 1.939874
v -0.809723 22.607298 1.940022
v -0.788721 22.644535 1.990770
v -0.809165 22.645454 1.990914
v -0.787869 22.691895 2.033525
v -0.808024 22.692835 2.033665
v -0.786502 22.747492 2.070449
v -0.806332 22.748434 2.070578
v -0.784774 22.810768 2.104248
v -0.804226 22.811718 2.104359
v -0.784381 22.881189 2.137433
v -0.803263 22.882076 2.137475
v -0.784624 22.957205 2.172237
v -0.806500 22.958214 2.172225
v -0.260786 22.739826 1.973545
v -0.260632 22.721998 1.901282
v -0.243048 22.721487 1.901275
v -0.244461 22.739332 1.973544
v -0.245543 22.766758 2.035173
v -0.261911 22.767271 2.035185
v -0.248799 22.804758 2.086657
v -0.264818 22.805273 2.086688
v -0.254100 22.852415 2.130411
v -0.269717 22.852917 2.130455
v -0.260214 22.909212 2.169020
v -0.275641 22.909702 2.169044
v -0.266144 22.974182 2.204867
v -0.281520 22.974646 2.204864
v -0.271198 23.046413 2.240249
v -0.287553 23.046886 2.240218
v -0.271244 23.124134 2.276726
v -0.297730 23.124868 2.276641
v -0.204837 22.909510 2.143009
v -0.200533 22.889650 2.069715
v -0.182272 22.889133 2.069674
v -0.189396 22.909081 2.143005
v -0.194325 22.938469 2.206305
v -0.209855 22.938883 2.206293
v -0.198656 22.978336 2.259614
v -0.214107 22.978729 2.259591
v -0.202383 23.027819 2.305101
v -0.217718 23.028204 2.305069
v -0.205508 23.086327 2.345049
v -0.220777 23.086691 2.345006
v -0.208254 23.152830 2.381846
v -0.223661 23.153183 2.381777
v -0.211138 23.226397 2.417394
v -0.228275 23.226780 2.417236
v -0.210967 23.305197 2.452926
v -0.241284 23.305878 2.452476
v -0.144921 23.055834 2.451054
v -0.145924 23.035244 2.377033
v -0.125040 23.034824 2.377073
v -0.129674 23.055544 2.451083
v -0.131366 23.084959 2.515728
v -0.145991 23.085213 2.515707
v -0.132948 23.124775 2.570462
v -0.146931 23.125008 2.570431
v -0.135434 23.174278 2.617018
v -0.148797 23.174482 2.616942
v -0.140033 23.232683 2.657526
v -0.152981 23.232887 2.657392
v -0.146381 23.298740 2.694073
v -0.159644 23.298948 2.693888
v -0.151787 23.371096 2.728628
v -0.168809 23.371359 2.728381
v -0.148311 23.447571 2.762798
v -0.186210 23.448147 2.762271
v -0.030577 23.150383 2.556058
v -0.035196 23.128918 2.482906
v -0.012855 23.128609 2.482894
v -0.016558 23.150183 2.556058
v -0.016456 23.180040 2.620092
v -0.029196 23.180222 2.620095
v -0.015743 23.219822 2.674044
v -0.027993 23.219988 2.674049
v -0.014689 23.268974 2.719596
v -0.026798 23.269121 2.719602
v -0.013290 23.326672 2.758770
v -0.025619 23.326824 2.758779
v -0.011344 23.391870 2.793792
v -0.024697 23.392031 2.793809
v -0.007568 23.463097 2.826869
v -0.025471 23.463291 2.826921
v 0.005039 23.538317 2.859622
v -0.035225 23.538712 2.859815
v -0.325355 22.635714 0.364992
v -0.322185 22.618721 0.290625
v -0.304435 22.618593 0.290621
v -0.302103 22.635530 0.364986
v -0.302392 22.663500 0.426384
v -0.325644 22.663694 0.426390
v -0.302543 22.701719 0.477064
v -0.325788 22.701927 0.477071
v -0.302569 22.748943 0.519523
v -0.325775 22.749176 0.519532
v -0.302467 22.804932 0.556264
v -0.325611 22.805159 0.556274
v -0.302244 22.868406 0.589538
v -0.325308 22.868645 0.589550
v -0.301906 22.938625 0.621841
v -0.324881 22.938873 0.621855
v -0.301296 23.015032 0.655397
v -0.324509 23.015299 0.655414
v 0.292813 22.632164 0.365036
v 0.296151 22.615419 0.290666
v 0.313680 22.615381 0.290672
v 0.316358 22.632116 0.365045
v 0.316115 22.659880 0.426442
v 0.292567 22.659929 0.426433
v 0.315961 22.697914 0.477114
v 0.292412 22.697964 0.477104
v 0.315892 22.745222 0.519558
v 0.292344 22.745279 0.519549
v 0.315902 22.800802 0.556272
v 0.292357 22.800856 0.556263
v 0.315986 22.864141 0.589502
v 0.292446 22.864193 0.589495
v 0.316134 22.934479 0.621746
v 0.292602 22.934534 0.621740
v 0.316334 23.010571 0.655249
v 0.292813 23.010622 0.655245
v 0.079415 23.050385 2.444415
v 0.074689 23.030207 2.370087
v 0.095728 23.030035 2.370046
v 0.095884 23.050180 2.444432
v 0.098090 23.079710 2.508996
v 0.082400 23.079912 2.508986
v 0.100651 23.119659 2.563585
v 0.085906 23.119852 2.563606
v 0.104597 23.169176 2.610026
v 0.090659 23.169348 2.610103
v 0.111364 23.227482 2.650443
v 0.097879 23.227636 2.650594
v 0.121055 23.293562 2.686888
v 0.107236 23.293694 2.687113
v 0.133240 23.365990 2.721238
v 0.115899 23.366142 2.721591
v 0.152842 23.442715 2.754776
v 0.115814 23.442970 2.755678
v 0.152937 22.889225 2.121930
v 0.147603 22.870605 2.047989
v 0.165599 22.870602 2.048067
v 0.171618 22.889133 2.122061
v 0.177450 22.918058 2.184842
v 0.158402 22.918171 2.184748
v 0.183210 22.957647 2.237789
v 0.164204 22.957766 2.237739
v 0.189034 23.006838 2.282656
v 0.170140 23.006968 2.282656
v 0.194894 23.065178 2.322258
v 0.176150 23.065315 2.322303
v 0.200848 23.131578 2.358682
v 0.182244 23.131721 2.358779
v 0.208181 23.205160 2.393986
v 0.188667 23.205294 2.394183
v 0.223544 23.284372 2.429291
v 0.193024 23.284487 2.429800
v 0.206503 22.723303 1.973864
v 0.208368 22.706213 1.900341
v 0.226427 22.706245 1.900404
v 0.226816 22.723270 1.974008
v 0.226961 22.750576 2.035280
v 0.206591 22.750593 2.035139
v 0.229779 22.788294 2.086418
v 0.209697 22.788294 2.086279
v 0.235559 22.835869 2.129762
v 0.215819 22.835836 2.129636
v 0.243556 22.892216 2.167830
v 0.223896 22.892202 2.167754
v 0.252203 22.956903 2.203060
v 0.232518 22.956911 2.203053
v 0.261320 23.029169 2.237870
v 0.241223 23.029194 2.237931
v 0.273516 23.107273 2.274106
v 0.246732 23.107275 2.274237
v 0.752586 22.553804 1.881415
v 0.755998 22.537273 1.806819
v 0.773757 22.537598 1.806885
v 0.776450 22.554258 1.881508
v 0.776123 22.581909 1.942884
v 0.752249 22.581409 1.942788
v 0.775800 22.619812 1.993519
v 0.751920 22.619287 1.993419
v 0.775468 22.666714 2.035904
v 0.751587 22.666159 2.035802
v 0.775119 22.722374 2.072292
v 0.751241 22.721794 2.072190
v 0.774754 22.785538 2.105428
v 0.750889 22.784939 2.105327
v 0.775709 22.855663 2.137731
v 0.752419 22.855112 2.137702
v 0.780066 22.932535 2.171962
v 0.757408 22.932041 2.172013
v -1.137893 25.447428 3.464083
v -1.077272 25.504786 3.446479
v -1.089771 25.505093 3.446107
v -1.150672 25.446737 3.464233
v -1.187597 25.390049 3.470784
v -1.177605 25.391624 3.470088
v -1.210374 25.333471 3.466244
v -1.202502 25.335596 3.465045
v -1.222721 25.274210 3.450495
v -1.216477 25.276621 3.448816
v -1.224198 25.208860 3.426440
v -1.218958 25.211256 3.424338
v -1.212684 25.135416 3.396281
v -1.207643 25.137539 3.393954
v -1.186204 25.051983 3.363399
v -1.180551 25.053669 3.361117
v -1.144568 24.960215 3.329557
v -1.137192 24.961430 3.327546
v -0.907708 24.403151 3.004139
v -0.881680 24.467331 2.979410
v -0.899064 24.468174 2.979842
v -0.922953 24.403891 3.004782
v -0.947312 24.341969 3.019988
v -0.932011 24.341549 3.019524
v -0.963932 24.282019 3.022832
v -0.948344 24.281897 3.022654
v -0.964588 24.223480 3.013497
v -0.947647 24.223139 3.013488
v -0.933158 24.163193 2.994658
v -0.916177 24.162647 2.994706
v -0.882282 24.098801 2.967748
v -0.867993 24.098286 2.967774
v -0.842597 24.030499 2.934899
v -0.830124 24.030224 2.934935
v -0.824951 23.960093 2.899858
v -0.805690 23.959747 2.899928
v 0.324295 22.639202 0.878330
v 0.327491 22.622787 0.804075
v 0.345321 22.622766 0.804091
v 0.347458 22.639164 0.878364
v 0.346992 22.666611 0.939690
v 0.323948 22.666649 0.939652
v 0.346643 22.704102 0.990314
v 0.323750 22.704149 0.990275
v 0.346424 22.751139 1.032736
v 0.323677 22.751171 1.032700
v 0.346334 22.806700 1.069449
v 0.323714 22.806725 1.069417
v 0.346368 22.869785 1.102703
v 0.323846 22.869806 1.102677
v 0.346519 22.939653 1.134984
v 0.324053 22.939667 1.134967
v 0.347183 23.015673 1.168710
v 0.323858 23.015665 1.168693
v 0.002435 22.740622 0.722371
v 0.005764 22.723988 0.647902
v 0.023296 22.723869 0.647904
v 0.025587 22.740446 0.722384
v 0.025119 22.768063 0.783709
v 0.002182 22.768236 0.783695
v 0.024806 22.805708 0.834353
v 0.002122 22.805897 0.834341
v 0.024682 22.852871 0.876813
v 0.002224 22.853056 0.876803
v 0.024746 22.908331 0.913347
v 0.002469 22.908537 0.913343
v 0.024992 22.971786 0.946670
v 0.002842 22.971985 0.946672
v 0.025405 23.041780 0.979037
v 0.003311 23.041981 0.979046
v 0.026638 23.117844 1.012809
v 0.003159 23.118057 1.012820
v 0.349801 22.591818 1.719244
v 0.352725 22.575502 1.645443
v 0.370510 22.575594 1.645504
v 0.371999 22.591923 1.719372
v 0.371472 22.618969 1.780726
v 0.349138 22.618856 1.780599
v 0.371009 22.656101 1.831382
v 0.348735 22.655962 1.831262
v 0.370672 22.702759 1.873827
v 0.348490 22.702610 1.873716
v 0.370456 22.757971 1.910550
v 0.348400 22.757812 1.910449
v 0.370484 22.820784 1.943839
v 0.348626 22.820618 1.943758
v 0.373037 22.890720 1.976468
v 0.351410 22.890537 1.976414
v 0.380272 22.967176 2.010898
v 0.356615 22.966936 2.010843
v 0.114912 22.768087 1.603211
v 0.116666 22.751360 1.529907
v 0.134343 22.751255 1.529938
v 0.134350 22.767933 1.603301
v 0.133815 22.794853 1.664722
v 0.114197 22.795012 1.664634
v 0.133433 22.832102 1.715523
v 0.113972 22.832247 1.715445
v 0.133348 22.878567 1.758142
v 0.114046 22.878716 1.758079
v 0.133566 22.933846 1.794890
v 0.114404 22.933979 1.794845
v 0.134169 22.996801 1.828431
v 0.115088 22.996931 1.828403
v 0.136164 23.066786 1.861164
v 0.116797 23.066904 1.861142
v 0.142604 23.142883 1.895342
v 0.118614 23.142965 1.895293
v 0.119603 22.695601 0.987576
v 0.122608 22.679060 0.913396
v 0.140184 22.678963 0.913408
v 0.141875 22.695452 0.987617
v 0.141299 22.722807 1.048933
v 0.119194 22.722958 1.048893
v 0.140865 22.760221 1.099587
v 0.119042 22.760378 1.099550
v 0.140640 22.807161 1.142059
v 0.119070 22.807306 1.142028
v 0.140628 22.862635 1.178625
v 0.119259 22.862791 1.178602
v 0.140820 22.925655 1.211977
v 0.119583 22.925814 1.211964
v 0.141223 22.995470 1.244379
v 0.119998 22.995617 1.244377
v 0.142884 23.071278 1.278113
v 0.119354 23.071411 1.278111
v 0.097608 22.712313 1.253688
v 0.099739 22.695656 1.179979
v 0.117604 22.695539 1.179998
v 0.118118 22.712128 1.253750
v 0.117470 22.739252 1.315092
v 0.097042 22.739426 1.315032
v 0.116985 22.776653 1.365805
v 0.096828 22.776819 1.365753
v 0.116777 22.823181 1.408348
v 0.096831 22.823345 1.408305
v 0.116845 22.878447 1.445009
v 0.097043 22.878614 1.444978
v 0.117177 22.941322 1.478449
v 0.097429 22.941492 1.478431
v 0.117805 23.011023 1.510942
v 0.097915 23.011183 1.510938
v 0.120195 23.086647 1.544675
v 0.096906 23.086807 1.544672
v 0.680413 22.764406 2.093805
v 0.683830 22.747807 2.019220
v 0.701617 22.748211 2.019296
v 0.704242 22.764967 2.093908
v 0.705312 22.792896 2.155461
v 0.681921 22.792366 2.155411
v 0.708830 22.831450 2.206577
v 0.685922 22.830956 2.206580
v 0.714531 22.879335 2.249727
v 0.692157 22.878889 2.249785
v 0.722280 22.936295 2.287150
v 0.700491 22.935896 2.287268
v 0.731830 23.001085 2.321571
v 0.710635 23.000757 2.321751
v 0.742683 23.073038 2.355192
v 0.722071 23.072784 2.355436
v 0.755418 23.151602 2.390156
v 0.734990 23.151421 2.390398
v 0.600407 22.952869 2.256685
v 0.593182 22.936588 2.180576
v 0.610311 22.936903 2.180540
v 0.621691 22.953201 2.256643
v 0.631540 22.980858 2.320062
v 0.610691 22.980564 2.320144
v 0.642011 23.019056 2.373127
v 0.621671 23.018801 2.373252
v 0.653262 23.067247 2.418533
v 0.633444 23.067043 2.418697
v 0.667305 23.124384 2.457619
v 0.648066 23.124245 2.457793
v 0.685229 23.189770 2.492315
v 0.666497 23.189693 2.492508
v 0.706142 23.262503 2.524995
v 0.687772 23.262510 2.525213
v 0.729004 23.341042 2.558034
v 0.709820 23.341120 2.558270
v 0.461523 23.197363 2.451931
v 0.447524 23.178045 2.377195
v 0.466423 23.178135 2.376926
v 0.482307 23.197340 2.451659
v 0.498291 23.226688 2.514017
v 0.477079 23.226768 2.514390
v 0.515474 23.266670 2.565243
v 0.494137 23.266785 2.565731
v 0.533948 23.315958 2.607896
v 0.512408 23.316114 2.608506
v 0.553212 23.374044 2.643997
v 0.531440 23.374220 2.644749
v 0.573120 23.439556 2.676095
v 0.551497 23.439707 2.676979
v 0.606824 23.513111 2.707759
v 0.586993 23.512680 2.708585
v 0.664426 23.597828 2.742689
v 0.646713 23.596083 2.743492
v 0.740314 22.589466 1.728860
v 0.743496 22.573044 1.654534
v 0.761478 22.573320 1.654594
v 0.763862 22.589865 1.728949
v 0.763513 22.617422 1.790317
v 0.739945 22.616989 1.790227
v 0.763185 22.655008 1.840947
v 0.739605 22.654537 1.840855
v 0.762864 22.702101 1.883335
v 0.739279 22.701609 1.883242
v 0.762542 22.757481 1.919974
v 0.738957 22.756962 1.919882
v 0.762216 22.820875 1.953117
v 0.738639 22.820332 1.953026
v 0.761894 22.890810 1.985264
v 0.738332 22.890244 1.985174
v 0.762419 22.967169 2.019018
v 0.739310 22.966633 2.018987
v 0.441098 22.543900 1.427958
v 0.444382 22.527651 1.353899
v 0.462087 22.527735 1.353943
v 0.464095 22.543999 1.428051
v 0.463558 22.571171 1.489374
v 0.440564 22.571058 1.489278
v 0.463097 22.608412 1.539993
v 0.440202 22.608267 1.539899
v 0.462744 22.655155 1.582399
v 0.439948 22.655001 1.582310
v 0.462492 22.710188 1.619080
v 0.439783 22.710014 1.618997
v 0.462345 22.772999 1.652068
v 0.439700 22.772806 1.651998
v 0.462300 22.842821 1.684535
v 0.439675 22.842606 1.684472
v 0.462872 22.918354 1.717965
v 0.439111 22.918108 1.717901
v -0.306093 22.684174 1.755014
v -0.305311 22.666643 1.682374
v -0.287739 22.666126 1.682368
v -0.289054 22.683666 1.755006
v -0.289589 22.710833 1.816475
v -0.306682 22.711361 1.816487
v -0.289801 22.748190 1.867440
v -0.306567 22.748726 1.867456
v -0.289624 22.794769 1.910280
v -0.306003 22.795311 1.910301
v -0.289592 22.850119 1.947416
v -0.305600 22.850657 1.947446
v -0.291511 22.913456 1.981677
v -0.307214 22.913992 1.981721
v -0.295546 22.983997 2.015417
v -0.311630 22.984558 2.015475
v -0.297815 23.060133 2.050362
v -0.321584 23.060963 2.050447
v -0.249872 22.740112 1.726250
v -0.249256 22.722391 1.653677
v -0.231680 22.721941 1.653673
v -0.233045 22.739662 1.726254
v -0.233545 22.766769 1.787733
v -0.250433 22.767244 1.787732
v -0.233723 22.803946 1.838721
v -0.250314 22.804430 1.838727
v -0.233517 22.850628 1.881615
v -0.249781 22.851114 1.881629
v -0.233532 22.905863 1.918919
v -0.249528 22.906353 1.918948
v -0.235383 22.969244 1.953040
v -0.251209 22.969732 1.953089
v -0.238933 23.039938 1.986714
v -0.255311 23.040457 1.986776
v -0.239768 23.116016 2.021669
v -0.264121 23.116756 2.021735
v 0.193394 22.731129 1.727750
v 0.195447 22.714512 1.654255
v 0.213183 22.714243 1.654301
v 0.213588 22.731043 1.727867
v 0.213080 22.757992 1.789282
v 0.192684 22.758055 1.789167
v 0.212671 22.795094 1.840040
v 0.192429 22.795147 1.839937
v 0.212532 22.841772 1.882624
v 0.192497 22.841820 1.882537
v 0.213213 22.896954 1.919569
v 0.193377 22.896994 1.919493
v 0.216675 22.960276 1.953236
v 0.196966 22.960289 1.953171
v 0.223135 23.030991 1.986499
v 0.203279 23.030981 1.986447
v 0.233493 23.107565 2.021336
v 0.208822 23.107533 2.021312
v 0.248073 22.672762 1.756952
v 0.250468 22.656258 1.683246
v 0.268240 22.656286 1.683301
v 0.269053 22.672752 1.757079
v 0.268538 22.699743 1.818476
v 0.247361 22.699734 1.818352
v 0.268099 22.737059 1.869191
v 0.247043 22.737032 1.869076
v 0.267851 22.783529 1.911698
v 0.246994 22.783504 1.911595
v 0.268210 22.838848 1.948351
v 0.247603 22.838806 1.948265
v 0.271398 22.902086 1.982120
v 0.251024 22.902035 1.982048
v 0.277929 22.972572 2.015350
v 0.257620 22.972496 2.015294
v 0.289117 23.049337 2.050169
v 0.264969 23.049198 2.050111
v -0.248293 22.669704 1.133853
v -0.246053 22.652346 1.060471
v -0.228511 22.652065 1.060469
v -0.228110 22.669359 1.133856
v -0.228848 22.696823 1.195167
v -0.248837 22.697193 1.195167
v -0.229389 22.734331 1.245900
v -0.248934 22.734705 1.245902
v -0.229571 22.781260 1.288513
v -0.248735 22.781652 1.288519
v -0.229399 22.836508 1.325444
v -0.248257 22.836906 1.325456
v -0.228866 22.899508 1.358821
v -0.247521 22.899910 1.358839
v -0.227905 22.969418 1.391435
v -0.246656 22.969833 1.391459
v -0.224432 23.044592 1.425199
v -0.247852 23.045118 1.425236
v -0.332952 22.637918 1.156934
v -0.330674 22.620420 1.083342
v -0.313144 22.620115 1.083335
v -0.312860 22.637524 1.156922
v -0.313644 22.665091 1.218246
v -0.333544 22.665503 1.218260
v -0.314217 22.702667 1.268960
v -0.333661 22.703089 1.268976
v -0.314411 22.749655 1.311373
v -0.333447 22.750095 1.311391
v -0.314236 22.804970 1.348316
v -0.332922 22.805433 1.348337
v -0.313678 22.867998 1.381914
v -0.332108 22.868475 1.381939
v -0.312646 22.937923 1.414582
v -0.331141 22.938410 1.414611
v -0.308929 23.013035 1.448359
v -0.332326 23.013662 1.448405
v -0.345016 22.626455 1.552195
v -0.343603 22.608774 1.479501
v -0.326045 22.608311 1.479494
v -0.327056 22.625954 1.552179
v -0.327820 22.653214 1.613556
v -0.345823 22.653734 1.613575
v -0.328309 22.690502 1.664412
v -0.345964 22.691042 1.664433
v -0.328353 22.737219 1.707160
v -0.345610 22.737764 1.707183
v -0.327932 22.792316 1.744271
v -0.344802 22.792870 1.744297
v -0.327026 22.855146 1.778052
v -0.343580 22.855709 1.778084
v -0.325446 22.924858 1.810916
v -0.342224 22.925440 1.810955
v -0.320454 22.999584 1.844754
v -0.343792 23.000406 1.844823
v -0.246243 22.684690 1.493809
v -0.244976 22.667345 1.420915
v -0.227400 22.666954 1.420915
v -0.228357 22.684271 1.493815
v -0.229067 22.711420 1.555223
v -0.246988 22.711864 1.555219
v -0.229509 22.748814 1.606093
v -0.247115 22.749258 1.606093
v -0.229523 22.795500 1.648821
v -0.246800 22.795959 1.648826
v -0.229097 22.850555 1.685743
v -0.246083 22.851021 1.685755
v -0.228226 22.913372 1.719470
v -0.245011 22.913837 1.719491
v -0.226737 22.983131 1.752286
v -0.243828 22.983608 1.752317
v -0.221977 23.057997 1.786086
v -0.245348 23.058655 1.786137
v -0.274747 22.651247 0.684867
v -0.271600 22.634106 0.610403
v -0.253837 22.633932 0.610399
v -0.251894 22.650988 0.684864
v -0.252436 22.678814 0.746179
v -0.275041 22.679090 0.746184
v -0.252806 22.716646 0.796820
v -0.275107 22.716921 0.796826
v -0.252965 22.763969 0.839283
v -0.274974 22.764265 0.839291
v -0.252910 22.819551 0.875835
v -0.274658 22.819860 0.875845
v -0.252646 22.882870 0.909187
v -0.274176 22.883183 0.909201
v -0.252170 22.953148 0.941601
v -0.273557 22.953470 0.941618
v -0.250570 23.028944 0.975385
v -0.273773 23.029299 0.975408
v -0.190879 22.678690 0.772528
v -0.187669 22.661613 0.698186
v -0.170145 22.661440 0.698185
v -0.168194 22.678442 0.772531
v -0.168767 22.706133 0.833840
v -0.191183 22.706400 0.833838
v -0.169167 22.743864 0.884490
v -0.191239 22.744141 0.884490
v -0.169334 22.791073 0.926970
v -0.191097 22.791355 0.926971
v -0.169268 22.846548 0.963548
v -0.190773 22.846846 0.963554
v -0.168979 22.909775 0.996925
v -0.190281 22.910080 0.996935
v -0.168463 22.979965 1.029362
v -0.189659 22.980274 1.029379
v -0.166622 23.055649 1.063134
v -0.190080 23.056000 1.063156
v -0.134010 22.794012 0.328181
v -0.130693 22.776873 0.253800
v -0.113191 22.776779 0.253798
v -0.110506 22.793869 0.328178
v -0.110707 22.821733 0.389588
v -0.134210 22.821890 0.389592
v -0.110785 22.859627 0.440279
v -0.134285 22.859795 0.440284
v -0.110739 22.907032 0.482750
v -0.134232 22.907211 0.482756
v -0.110584 22.962721 0.519496
v -0.134055 22.962896 0.519504
v -0.110324 23.026159 0.552768
v -0.133764 23.026350 0.552777
v -0.109968 23.096603 0.585061
v -0.133377 23.096802 0.585072
v -0.109494 23.172798 0.618614
v -0.132954 23.172993 0.618628
v -0.075622 22.807671 0.446954
v -0.072513 22.790882 0.372586
v -0.054755 22.790781 0.372584
v -0.052111 22.807516 0.446951
v -0.052340 22.835297 0.508352
v -0.075847 22.835453 0.508354
v -0.052445 22.873362 0.559032
v -0.075917 22.873539 0.559035
v -0.052430 22.920469 0.601494
v -0.075836 22.920650 0.601498
v -0.052289 22.976341 0.638240
v -0.075618 22.976530 0.638246
v -0.052025 23.039745 0.671520
v -0.075286 23.039927 0.671529
v -0.051649 23.109890 0.703826
v -0.074861 23.110086 0.703838
v -0.051042 23.186256 0.737628
v -0.074501 23.186451 0.737643
v 0.105097 22.792503 0.328170
v 0.108151 22.775713 0.253791
v 0.125913 22.775642 0.253792
v 0.128366 22.792404 0.328172
v 0.128166 22.820202 0.389579
v 0.104896 22.820299 0.389577
v 0.128070 22.858276 0.440264
v 0.104802 22.858381 0.440262
v 0.128076 22.905384 0.482724
v 0.104812 22.905489 0.482724
v 0.128180 22.961267 0.519458
v 0.104921 22.961370 0.519459
v 0.128371 23.024668 0.552712
v 0.105120 23.024776 0.552715
v 0.128639 23.095081 0.584982
v 0.105398 23.095190 0.584987
v 0.128971 23.171244 0.618514
v 0.105740 23.171356 0.618520
v 0.044203 22.806957 0.446949
v 0.047304 22.790226 0.372581
v 0.065068 22.790140 0.372582
v 0.067473 22.806835 0.446950
v 0.067245 22.834572 0.508349
v 0.043975 22.834703 0.508348
v 0.067140 22.872349 0.559029
v 0.043876 22.872482 0.559029
v 0.067150 22.919668 0.601488
v 0.043916 22.919806 0.601488
v 0.067268 22.975512 0.638225
v 0.044083 22.975660 0.638227
v 0.067493 23.038891 0.671490
v 0.044356 23.039034 0.671494
v 0.067815 23.109030 0.703778
v 0.044716 23.109177 0.703785
v 0.068290 23.185394 0.737569
v 0.045068 23.185543 0.737579
v 0.235925 22.647175 0.685070
v 0.239411 22.630651 0.610495
v 0.256963 22.630594 0.610505
v 0.259488 22.647093 0.685086
v 0.259106 22.674662 0.746440
v 0.235602 22.674742 0.746419
v 0.258827 22.712278 0.797075
v 0.235430 22.712360 0.797052
v 0.258663 22.759420 0.839497
v 0.235392 22.759504 0.839475
v 0.258617 22.814859 0.875962
v 0.235473 22.814941 0.875944
v 0.258688 22.878305 0.909210
v 0.235655 22.878376 0.909196
v 0.258866 22.948256 0.941488
v 0.235916 22.948330 0.941481
v 0.259442 23.024382 0.975235
v 0.235904 23.024454 0.975228
v 0.150191 22.675600 0.772745
v 0.153602 22.659082 0.698256
v 0.171156 22.659006 0.698264
v 0.173491 22.675489 0.772768
v 0.173006 22.703012 0.834089
v 0.149884 22.703135 0.834063
v 0.172657 22.740820 0.884717
v 0.149752 22.740950 0.884692
v 0.172465 22.787689 0.927152
v 0.149763 22.787811 0.927129
v 0.172436 22.843306 0.963652
v 0.149907 22.843431 0.963635
v 0.172558 22.906452 0.996939
v 0.150163 22.906580 0.996928
v 0.172827 22.976376 1.029265
v 0.150508 22.976501 1.029263
v 0.173817 23.052397 1.063012
v 0.150291 23.052515 1.063009
v 0.290631 22.615351 1.554009
v 0.293362 22.598969 1.480350
v 0.311093 22.599001 1.480397
v 0.312253 22.615362 1.554119
v 0.311665 22.642357 1.615462
v 0.289938 22.642340 1.615352
v 0.311158 22.679653 1.666130
v 0.289555 22.679615 1.666028
v 0.310827 22.726059 1.708605
v 0.289346 22.726011 1.708513
v 0.310671 22.781216 1.745370
v 0.289303 22.781168 1.745289
v 0.310684 22.843971 1.778695
v 0.289415 22.843914 1.778630
v 0.310902 22.913578 1.811057
v 0.289649 22.913507 1.811011
v 0.312586 22.989269 1.844767
v 0.288854 22.989141 1.844714
v 0.194469 22.677092 1.495036
v 0.196804 22.660345 1.421390
v 0.214495 22.660295 1.421427
v 0.215134 22.677011 1.495133
v 0.214523 22.703962 1.556499
v 0.193759 22.704046 1.556404
v 0.214024 22.741028 1.607213
v 0.193427 22.741102 1.607127
v 0.213770 22.787624 1.649739
v 0.193320 22.787693 1.649663
v 0.213751 22.842607 1.686366
v 0.193423 22.842667 1.686305
v 0.213965 22.905407 1.719768
v 0.193717 22.905462 1.719724
v 0.214453 22.975266 1.752227
v 0.194131 22.975302 1.752202
v 0.216678 23.050694 1.785945
v 0.193041 23.050699 1.785917
v 0.202096 22.663815 1.134565
v 0.205026 22.647346 1.060715
v 0.222638 22.647282 1.060735
v 0.224157 22.663712 1.134624
v 0.223548 22.690924 1.195933
v 0.201606 22.691029 1.195872
v 0.223060 22.728226 1.246582
v 0.201386 22.728321 1.246526
v 0.222779 22.775034 1.289060
v 0.201338 22.775126 1.289010
v 0.222702 22.830172 1.325832
v 0.201440 22.830263 1.325792
v 0.222832 22.893091 1.358960
v 0.201678 22.893175 1.358934
v 0.223174 22.963018 1.391337
v 0.202003 22.963095 1.391323
v 0.224800 23.038517 1.425050
v 0.201217 23.038580 1.425034
v 0.287060 22.629831 1.157928
v 0.289932 22.613218 1.083723
v 0.307811 22.613190 1.083749
v 0.309331 22.629784 1.157993
v 0.308746 22.657007 1.219310
v 0.286573 22.657057 1.219243
v 0.308272 22.694307 1.269935
v 0.286314 22.694338 1.269871
v 0.307972 22.741117 1.312150
v 0.286208 22.741146 1.312093
v 0.307836 22.796244 1.348887
v 0.286233 22.796265 1.348838
v 0.307868 22.859163 1.382190
v 0.286374 22.859163 1.382153
v 0.308074 22.929075 1.414528
v 0.286597 22.929073 1.414503
v 0.309304 23.004606 1.448229
v 0.285931 23.004581 1.448202
v -0.242706 22.788244 1.770857
v -0.242353 22.770647 1.698378
v -0.224792 22.770185 1.698370
v -0.226226 22.787785 1.770859
v -0.226619 22.814892 1.832371
v -0.243158 22.815357 1.832373
v -0.226752 22.852106 1.883419
v -0.243017 22.852587 1.883428
v -0.227123 22.898945 1.926426
v -0.243126 22.899427 1.926450
v -0.229295 22.954597 1.963932
v -0.245073 22.955090 1.963976
v -0.233242 23.018433 1.998589
v -0.248939 23.018932 1.998645
v -0.237419 23.089634 2.032754
v -0.254000 23.090137 2.032793
v -0.237679 23.166203 2.068161
v -0.262727 23.166918 2.068188
v -0.278516 22.735405 1.797844
v -0.278050 22.717798 1.725322
v -0.260482 22.717300 1.725314
v -0.261890 22.734913 1.797839
v -0.262311 22.762066 1.859344
v -0.278994 22.762579 1.859351
v -0.262463 22.799452 1.910370
v -0.278835 22.799965 1.910384
v -0.262771 22.846155 1.953340
v -0.278806 22.846664 1.953367
v -0.264933 22.901899 1.990822
v -0.280640 22.902411 1.990864
v -0.269236 22.965700 2.025481
v -0.284713 22.966215 2.025533
v -0.274550 23.036730 2.059641
v -0.290739 23.037254 2.059685
v -0.276142 23.113367 2.095076
v -0.300858 23.114143 2.095102
v -0.314334 22.682932 1.824930
v -0.313695 22.665323 1.752532
v -0.296122 22.664791 1.752524
v -0.297419 22.682396 1.824918
v -0.297860 22.709551 1.886382
v -0.314838 22.710106 1.886397
v -0.298026 22.746798 1.937377
v -0.314667 22.747351 1.937398
v -0.298184 22.793585 1.980324
v -0.314425 22.794132 1.980351
v -0.300100 22.849115 2.017878
v -0.315920 22.849674 2.017916
v -0.304447 22.912870 2.052390
v -0.319894 22.913424 2.052438
v -0.310544 22.983959 2.086614
v -0.326456 22.984531 2.086661
v -0.313510 23.060341 2.121842
v -0.337795 23.061184 2.121875
v 0.256282 22.669418 1.827017
v 0.258697 22.652897 1.753509
v 0.276491 22.652937 1.753569
v 0.277403 22.669437 1.827151
v 0.276920 22.696468 1.888541
v 0.255607 22.696434 1.888408
v 0.276491 22.733633 1.939250
v 0.255341 22.733585 1.939128
v 0.276445 22.780380 1.981789
v 0.255559 22.780329 1.981681
v 0.278883 22.835785 2.018903
v 0.258297 22.835724 2.018806
v 0.284635 22.899570 2.052817
v 0.264362 22.899492 2.052740
v 0.293557 22.970406 2.086552
v 0.273365 22.970304 2.086497
v 0.306317 23.047560 2.121538
v 0.281635 23.047432 2.121533
v 0.220624 22.724384 1.799617
v 0.222554 22.707783 1.726037
v 0.240571 22.707794 1.726090
v 0.240934 22.724356 1.799744
v 0.240438 22.751368 1.861158
v 0.219967 22.751389 1.861034
v 0.240058 22.788731 1.911904
v 0.219767 22.788738 1.911792
v 0.240342 22.835337 1.954506
v 0.220292 22.835337 1.954407
v 0.243376 22.891018 1.991538
v 0.223553 22.891003 1.991449
v 0.249459 22.954685 2.025722
v 0.229831 22.954653 2.025648
v 0.258111 23.025597 2.059350
v 0.238208 23.025568 2.059321
v 0.269684 23.102844 2.094622
v 0.244855 23.102783 2.094639
v 0.184982 22.779757 1.772291
v 0.186871 22.762846 1.698863
v 0.204599 22.762815 1.698908
v 0.204902 22.779680 1.772408
v 0.204434 22.806684 1.833837
v 0.184327 22.806751 1.833722
v 0.204120 22.843847 1.884623
v 0.184198 22.843908 1.884522
v 0.204699 22.890688 1.927301
v 0.184975 22.890734 1.927209
v 0.208031 22.946247 1.964415
v 0.188454 22.946276 1.964332
v 0.214103 23.009975 1.998649
v 0.194584 23.009987 1.998582
v 0.221855 23.081175 2.032351
v 0.201785 23.081194 2.032341
v 0.232175 23.158257 2.067632
v 0.206778 23.158276 2.067664
v -0.409713 22.587006 1.412102
v -0.407988 22.569536 1.338889
v -0.390206 22.569094 1.338876
v -0.390977 22.586517 1.412073
v -0.391870 22.613997 1.473423
v -0.410508 22.614504 1.473454
v -0.392482 22.651657 1.524209
v -0.410713 22.652193 1.524240
v -0.392650 22.698406 1.566864
v -0.410487 22.698954 1.566896
v -0.392360 22.753790 1.603714
v -0.409828 22.754354 1.603748
v -0.391618 22.816717 1.637387
v -0.408759 22.817282 1.637424
v -0.390249 22.886343 1.670175
v -0.407482 22.886946 1.670215
v -0.385615 22.961336 1.703990
v -0.408705 22.962164 1.704056
v -0.303420 22.638374 1.348449
v -0.301862 22.621052 1.275255
v -0.284058 22.620682 1.275251
v -0.284756 22.637953 1.348442
v -0.285585 22.665297 1.409797
v -0.304133 22.665731 1.409805
v -0.286162 22.702669 1.460588
v -0.304298 22.703117 1.460599
v -0.286315 22.749458 1.503248
v -0.304076 22.749924 1.503262
v -0.286034 22.804609 1.540097
v -0.303492 22.805084 1.540116
v -0.285332 22.867479 1.573755
v -0.302560 22.867956 1.573778
v -0.284065 22.937252 1.606507
v -0.301470 22.937756 1.606537
v -0.279721 23.012136 1.640290
v -0.302857 23.012808 1.640341
v -0.197336 22.690006 1.284925
v -0.195771 22.672842 1.211639
v -0.177955 22.672543 1.211641
v -0.178378 22.689665 1.284939
v -0.179120 22.716915 1.346301
v -0.197965 22.717285 1.346289
v -0.179637 22.754400 1.397086
v -0.198093 22.754772 1.397078
v -0.179770 22.801016 1.439731
v -0.197893 22.801409 1.439729
v -0.179499 22.856306 1.476552
v -0.197385 22.856695 1.476557
v -0.178844 22.919176 1.510166
v -0.196604 22.919571 1.510181
v -0.177715 22.988840 1.542857
v -0.195697 22.989244 1.542879
v -0.173863 23.064077 1.576626
v -0.197033 23.064602 1.576662
v -0.205091 22.744633 1.620687
v -0.204237 22.727034 1.548207
v -0.186651 22.726652 1.548208
v -0.187838 22.744221 1.620703
v -0.188416 22.771280 1.682125
v -0.205738 22.771711 1.682111
v -0.188702 22.808416 1.733060
v -0.205738 22.808853 1.733055
v -0.188533 22.855049 1.775890
v -0.205280 22.855478 1.775892
v -0.187929 22.910133 1.813042
v -0.204428 22.910576 1.813053
v -0.187079 22.973057 1.846750
v -0.203443 22.973495 1.846776
v -0.186911 23.043131 1.879930
v -0.203775 23.043598 1.879981
v -0.185388 23.118616 1.914021
v -0.209097 23.119278 1.914125
v -0.281983 22.686380 1.657599
v -0.281029 22.668694 1.585110
v -0.263452 22.668226 1.585105
v -0.264698 22.685898 1.657596
v -0.265328 22.713036 1.719008
v -0.282664 22.713535 1.719013
v -0.265657 22.750219 1.769933
v -0.282663 22.750723 1.769941
v -0.265519 22.796877 1.812759
v -0.282166 22.797380 1.812772
v -0.264944 22.851938 1.849944
v -0.281250 22.852455 1.849967
v -0.264233 22.914843 1.883841
v -0.280291 22.915361 1.883872
v -0.264704 22.984936 1.917004
v -0.281155 22.985474 1.917054
v -0.263892 23.060381 1.951211
v -0.287431 23.061157 1.951308
v -0.359203 22.628460 1.694631
v -0.358014 22.610737 1.622040
v -0.340453 22.610209 1.622030
v -0.341595 22.627922 1.694611
v -0.342262 22.655144 1.756014
v -0.359918 22.655712 1.756037
v -0.342627 22.692413 1.806914
v -0.359924 22.692991 1.806939
v -0.342524 22.739119 1.849713
v -0.359409 22.739702 1.849742
v -0.341977 22.794209 1.886880
v -0.358441 22.794794 1.886914
v -0.341315 22.857109 1.920776
v -0.357408 22.857697 1.920815
v -0.342018 22.927191 1.953990
v -0.358344 22.927799 1.954036
v -0.341632 23.002613 1.988292
v -0.364936 23.003492 1.988375
v -0.198213 22.689924 0.969073
v -0.195515 22.672737 0.895099
v -0.177980 22.672523 0.895098
v -0.176810 22.689632 0.969079
v -0.177455 22.717186 1.030399
v -0.198631 22.717495 1.030394
v -0.177930 22.754770 1.081072
v -0.198689 22.755087 1.081070
v -0.178110 22.801826 1.123404
v -0.198500 22.802155 1.123405
v -0.178000 22.857176 1.160269
v -0.198092 22.857512 1.160276
v -0.177596 22.920273 1.193753
v -0.197485 22.920612 1.193765
v -0.176865 22.990314 1.226291
v -0.196754 22.990665 1.226310
v -0.174183 23.065729 1.260054
v -0.197625 23.066147 1.260082
v -0.264901 22.672243 0.932493
v -0.262087 22.655230 0.858452
v -0.244563 22.655001 0.858448
v -0.243286 22.671925 0.932491
v -0.243935 22.699572 0.993809
v -0.265310 22.699905 0.993812
v -0.244405 22.737473 1.044491
v -0.265365 22.737804 1.044497
v -0.244591 22.784401 1.087031
v -0.265171 22.784758 1.087039
v -0.244482 22.840027 1.123889
v -0.264742 22.840391 1.123902
v -0.244078 22.903181 1.157153
v -0.264105 22.903557 1.157169
v -0.243357 22.973078 1.189672
v -0.263335 22.973461 1.189694
v -0.240690 23.048746 1.223444
v -0.264121 23.049206 1.223475
v -0.331338 22.654762 0.896182
v -0.328625 22.637701 0.822061
v -0.310861 22.637457 0.822055
v -0.309681 22.654442 0.896172
v -0.310340 22.682178 0.957486
v -0.331728 22.682522 0.957497
v -0.310798 22.719944 1.008162
v -0.331792 22.720303 1.008176
v -0.310976 22.767181 1.050680
v -0.331598 22.767548 1.050695
v -0.310862 22.822899 1.087325
v -0.331160 22.823275 1.087343
v -0.310465 22.886116 1.120776
v -0.330508 22.886509 1.120797
v -0.309757 22.956078 1.153305
v -0.329706 22.956470 1.153330
v -0.307182 23.031803 1.187089
v -0.330356 23.032280 1.187123
v -0.088376 22.723637 0.662785
v -0.084993 22.706932 0.588276
v -0.067471 22.706797 0.588276
v -0.065116 22.723446 0.662791
v -0.065572 22.751139 0.724120
v -0.088623 22.751352 0.724113
v -0.065873 22.788862 0.774763
v -0.088673 22.789080 0.774758
v -0.065989 22.836103 0.817221
v -0.088555 22.836321 0.817219
v -0.065919 22.891619 0.853753
v -0.088285 22.891842 0.853754
v -0.065668 22.954885 0.887077
v -0.087883 22.955120 0.887083
v -0.065243 23.025137 0.919447
v -0.087372 23.025379 0.919459
v -0.064002 23.101004 0.953227
v -0.087470 23.101255 0.953241
v -0.183331 22.688580 0.543861
v -0.179863 22.671776 0.469275
v -0.162351 22.671640 0.469273
v -0.159844 22.688385 0.543859
v -0.160222 22.716192 0.604970
v -0.183604 22.716404 0.604972
v -0.160471 22.754269 0.655864
v -0.183686 22.754498 0.655866
v -0.160564 22.801376 0.698071
v -0.183592 22.801615 0.698075
v -0.160496 22.857237 0.734820
v -0.183342 22.857475 0.734826
v -0.160269 22.920582 0.768124
v -0.182957 22.920830 0.768133
v -0.159890 22.990679 0.800468
v -0.182457 22.990938 0.800481
v -0.158890 23.066889 0.834259
v -0.182355 23.067160 0.834275
v -0.278181 22.653572 0.424621
v -0.274739 22.636379 0.350012
v -0.256985 22.636244 0.350009
v -0.254674 22.653376 0.424617
v -0.254978 22.681278 0.486008
v -0.278480 22.681488 0.486014
v -0.255154 22.719208 0.536679
v -0.278613 22.719437 0.536685
v -0.255198 22.766647 0.579133
v -0.278575 22.766880 0.579140
v -0.255111 22.822346 0.615626
v -0.278377 22.822590 0.615635
v -0.254893 22.885784 0.648905
v -0.278038 22.886040 0.648917
v -0.254544 22.956215 0.681222
v -0.277577 22.956472 0.681236
v -0.253819 23.032312 0.715023
v -0.277282 23.032585 0.715039
v -0.015353 22.874815 0.427557
v -0.012038 22.858070 0.352931
v 0.005467 22.857973 0.352930
v 0.008154 22.874685 0.427555
v 0.007963 22.902458 0.488962
v -0.015544 22.902599 0.488965
v 0.007896 22.940269 0.539652
v -0.015600 22.940418 0.539654
v 0.007949 22.987617 0.582120
v -0.015517 22.987764 0.582124
v 0.008115 23.043245 0.618868
v -0.015312 23.043409 0.618873
v 0.008394 23.106913 0.651895
v -0.014995 23.107073 0.651903
v 0.008767 23.177082 0.684191
v -0.014596 23.177252 0.684203
v 0.009273 23.253496 0.717995
v -0.014182 23.253672 0.718008
v -0.013752 22.878767 0.316766
v -0.010480 22.861935 0.242379
v 0.007021 22.861849 0.242377
v 0.009751 22.878643 0.316764
v 0.009587 22.906477 0.378179
v -0.013915 22.906607 0.378182
v 0.009537 22.944580 0.428875
v -0.013963 22.944723 0.428878
v 0.009595 22.991728 0.471347
v -0.013900 22.991865 0.471352
v 0.009759 23.047651 0.508094
v -0.013729 23.047789 0.508101
v 0.010017 23.111090 0.541363
v -0.013463 23.111237 0.541371
v 0.010355 23.181545 0.573649
v -0.013112 23.181696 0.573659
v 0.010760 23.257757 0.607446
v -0.012699 23.257908 0.607458
v -0.012229 22.882847 0.206206
v -0.008993 22.865965 0.131559
v 0.008506 22.865887 0.131558
v 0.011271 22.882734 0.206203
v 0.011132 22.910637 0.267376
v -0.012367 22.910748 0.267379
v 0.011089 22.948544 0.318325
v -0.012408 22.948668 0.318329
v 0.011147 22.995987 0.360550
v -0.012346 22.996111 0.360554
v 0.011294 23.051943 0.397296
v -0.012193 23.052076 0.397301
v 0.011524 23.115416 0.430560
v -0.011957 23.115551 0.430568
v 0.011823 23.185648 0.462840
v -0.011649 23.185787 0.462849
v 0.012183 23.262142 0.496630
v -0.011280 23.262270 0.496641
v 0.244448 22.650343 0.424663
v 0.247817 22.633633 0.350050
v 0.265347 22.633583 0.350056
v 0.267995 22.650282 0.424671
v 0.267733 22.678001 0.486064
v 0.244183 22.678070 0.486054
v 0.267568 22.715752 0.536732
v 0.244017 22.715820 0.536723
v 0.267501 22.763029 0.579175
v 0.243951 22.763098 0.579166
v 0.267524 22.818584 0.615640
v 0.243978 22.818655 0.615632
v 0.267630 22.882162 0.648874
v 0.244092 22.882227 0.648867
v 0.267806 22.952238 0.681123
v 0.244282 22.952305 0.681118
v 0.268046 23.028553 0.714882
v 0.244527 23.028620 0.714879
v 0.147636 22.686432 0.543901
v 0.151068 22.669552 0.469303
v 0.168601 22.669474 0.469308
v 0.171186 22.686331 0.543908
v 0.170884 22.713991 0.605040
v 0.147333 22.714096 0.605032
v 0.170688 22.751678 0.655947
v 0.147170 22.751791 0.655936
v 0.170599 22.798929 0.698134
v 0.147156 22.799040 0.698124
v 0.170614 22.854439 0.734851
v 0.147263 22.854567 0.734842
v 0.170739 22.917732 0.768101
v 0.147476 22.917847 0.768096
v 0.170967 22.988012 0.800379
v 0.147777 22.988140 0.800378
v 0.171456 23.064018 0.834145
v 0.147947 23.064135 0.834146
v 0.050792 22.722593 0.662835
v 0.054222 22.705736 0.588289
v 0.071755 22.705641 0.588293
v 0.074212 22.722450 0.662847
v 0.073790 22.750072 0.724184
v 0.050531 22.750227 0.724170
v 0.073506 22.787746 0.774823
v 0.050444 22.787912 0.774809
v 0.073380 22.834934 0.817266
v 0.050509 22.835106 0.817255
v 0.073415 22.890411 0.853771
v 0.050709 22.890585 0.853765
v 0.073604 22.953659 0.887065
v 0.051026 22.953827 0.887063
v 0.073941 23.023895 0.919397
v 0.051438 23.024065 0.919402
v 0.074891 23.099783 0.953166
v 0.051400 23.099958 0.953173
v 0.300812 22.616287 1.696770
v 0.303531 22.599916 1.623111
v 0.321303 22.599970 1.623168
v 0.322489 22.616331 1.696896
v 0.321943 22.643332 1.758255
v 0.300111 22.643265 1.758132
v 0.321469 22.680424 1.808932
v 0.299719 22.680347 1.808815
v 0.321149 22.727047 1.851405
v 0.299516 22.726961 1.851299
v 0.320977 22.782028 1.888162
v 0.299500 22.781925 1.888070
v 0.321092 22.844837 1.921499
v 0.299825 22.844738 1.921426
v 0.323642 22.914978 1.954152
v 0.302524 22.914858 1.954098
v 0.330926 22.991112 1.988310
v 0.307155 22.990931 1.988248
v 0.226125 22.676647 1.659225
v 0.228454 22.660145 1.585812
v 0.246195 22.660133 1.585861
v 0.246869 22.676609 1.659340
v 0.246314 22.703562 1.720715
v 0.225389 22.703596 1.720602
v 0.245854 22.740824 1.771435
v 0.225047 22.740843 1.771333
v 0.245602 22.787245 1.813970
v 0.224942 22.787258 1.813879
v 0.245557 22.842455 1.850800
v 0.225076 22.842451 1.850725
v 0.245903 22.905323 1.884234
v 0.225601 22.905319 1.884178
v 0.248572 22.975296 1.916957
v 0.228246 22.975277 1.916912
v 0.255950 23.051575 1.951076
v 0.232052 23.051489 1.951009
v 0.152025 22.737659 1.621782
v 0.153745 22.720774 1.548601
v 0.171697 22.720703 1.548639
v 0.171690 22.737539 1.621880
v 0.171128 22.764467 1.683272
v 0.151310 22.764582 1.683176
v 0.170710 22.801516 1.734045
v 0.151038 22.801622 1.733959
v 0.170563 22.848133 1.776649
v 0.151052 22.848230 1.776577
v 0.170682 22.903183 1.813561
v 0.151330 22.903286 1.813505
v 0.171197 22.966122 1.847081
v 0.151968 22.966209 1.847045
v 0.173505 23.036291 1.879812
v 0.154067 23.036364 1.879778
v 0.180350 23.112240 1.913828
v 0.156648 23.112259 1.913765
v 0.290073 22.648546 0.896717
v 0.293477 22.632137 0.822253
v 0.311057 22.632090 0.822269
v 0.313358 22.648487 0.896755
v 0.312864 22.675915 0.958075
v 0.289721 22.675966 0.958035
v 0.312494 22.713396 1.008700
v 0.289531 22.713455 1.008660
v 0.312269 22.760403 1.051124
v 0.289472 22.760458 1.051087
v 0.312189 22.815952 1.087606
v 0.289530 22.815990 1.087575
v 0.312242 22.879030 1.120870
v 0.289687 22.879066 1.120845
v 0.312425 22.948875 1.153167
v 0.289924 22.948912 1.153152
v 0.313231 23.024870 1.186894
v 0.289660 23.024878 1.186879
v 0.221903 22.667297 0.932975
v 0.224935 22.650843 0.858609
v 0.242766 22.650787 0.858624
v 0.244610 22.667200 0.933015
v 0.244072 22.694605 0.994328
v 0.221537 22.694691 0.994287
v 0.243671 22.732035 1.044960
v 0.221357 22.732128 1.044921
v 0.243444 22.779028 1.087407
v 0.221323 22.779114 1.087373
v 0.243384 22.834538 1.124147
v 0.221423 22.834614 1.124118
v 0.243485 22.897585 1.157213
v 0.221643 22.897669 1.157194
v 0.243740 22.967426 1.189541
v 0.221949 22.967493 1.189531
v 0.244852 23.043339 1.223270
v 0.221545 23.043394 1.223259
v 0.153530 22.686140 0.969461
v 0.156633 22.669634 0.895216
v 0.174462 22.669542 0.895229
v 0.176047 22.686018 0.969503
v 0.175476 22.713371 1.030816
v 0.153136 22.713511 1.030775
v 0.175053 22.750799 1.081455
v 0.152971 22.750931 1.081416
v 0.174829 22.797741 1.123693
v 0.152979 22.797876 1.123660
v 0.174794 22.853231 1.160459
v 0.153137 22.853359 1.160433
v 0.174949 22.916264 1.193800
v 0.153424 22.916391 1.193783
v 0.175297 22.986086 1.226179
v 0.153802 22.986200 1.226173
v 0.176772 23.061924 1.259911
v 0.153232 23.062037 1.259905
v 0.149506 22.684786 1.285659
v 0.151984 22.667980 1.211886
v 0.169618 22.667896 1.211910
v 0.170489 22.684647 1.285731
v 0.169846 22.711740 1.347066
v 0.148906 22.711868 1.346997
v 0.169337 22.748909 1.397762
v 0.148649 22.749039 1.397699
v 0.169085 22.795591 1.440281
v 0.148600 22.795723 1.440226
v 0.169080 22.850639 1.476909
v 0.148742 22.850756 1.476867
v 0.169321 22.913473 1.510314
v 0.149052 22.913601 1.510286
v 0.169837 22.983345 1.542772
v 0.149462 22.983459 1.542760
v 0.172017 23.058748 1.576491
v 0.148437 23.058847 1.576478
v 0.253960 22.629601 1.349713
v 0.256506 22.613186 1.275769
v 0.274428 22.613165 1.275803
v 0.275423 22.629539 1.349801
v 0.274784 22.656622 1.411127
v 0.253355 22.656666 1.411042
v 0.274262 22.693981 1.461788
v 0.253033 22.694017 1.461708
v 0.273942 22.740446 1.504258
v 0.252881 22.740480 1.504186
v 0.273820 22.795668 1.540813
v 0.252894 22.795681 1.540754
v 0.273889 22.858459 1.574145
v 0.253048 22.858471 1.574099
v 0.274172 22.928072 1.606524
v 0.253294 22.928078 1.606494
v 0.275794 23.003716 1.640219
v 0.252387 23.003677 1.640186
v 0.358572 22.575151 1.413891
v 0.361656 22.558861 1.339745
v 0.379355 22.558893 1.339788
v 0.381019 22.575184 1.413988
v 0.380428 22.602301 1.475312
v 0.357986 22.602245 1.475215
v 0.379926 22.639690 1.525944
v 0.357625 22.639626 1.525851
v 0.379570 22.686161 1.568369
v 0.357398 22.686087 1.568283
v 0.379358 22.741388 1.604857
v 0.357295 22.741299 1.604782
v 0.379283 22.804169 1.638116
v 0.357300 22.804056 1.638052
v 0.379357 22.873751 1.670412
v 0.357384 22.873621 1.670363
v 0.380374 22.949438 1.704089
v 0.356643 22.949263 1.704035
v -0.409878 23.413706 2.673244
v -0.402749 23.392843 2.602774
v -0.379739 23.392359 2.603502
v -0.394466 23.413475 2.673694
v -0.403851 23.442083 2.734829
v -0.418918 23.442268 2.734360
v -0.411725 23.480259 2.785679
v -0.427040 23.480448 2.785139
v -0.419823 23.527748 2.827964
v -0.435577 23.528078 2.827357
v -0.430389 23.585596 2.864136
v -0.446338 23.586779 2.863748
v -0.442215 23.662146 2.899836
v -0.456330 23.666920 2.900954
v -0.451384 23.781403 2.946172
v -0.463692 23.792971 2.949940
v -0.472909 23.932487 2.997941
v -0.496685 23.949610 3.002874
v -0.441940 23.609268 2.781018
v -0.436193 23.589436 2.711473
v -0.411967 23.589005 2.712619
v -0.424646 23.608782 2.781790
v -0.433780 23.638609 2.842012
v -0.450176 23.640411 2.841762
v -0.440492 23.689917 2.895991
v -0.453662 23.696915 2.898005
v -0.446921 23.781664 2.951612
v -0.457459 23.795799 2.956227
v -0.474975 23.896139 3.001070
v -0.484258 23.905602 3.004047
v -0.522110 23.975485 3.028643
v -0.529004 23.964529 3.025350
v -0.562058 24.019831 3.041655
v -0.570579 23.991501 3.032860
v -0.588451 24.079039 3.058139
v -0.613385 24.025167 3.040511
v -0.143964 23.392452 2.781761
v -0.148697 23.371233 2.712530
v -0.121805 23.370794 2.712858
v -0.129473 23.392265 2.781901
v -0.131016 23.420475 2.843080
v -0.144408 23.420628 2.842968
v -0.131609 23.457773 2.894544
v -0.145724 23.457912 2.894425
v -0.132559 23.504063 2.937665
v -0.147978 23.504225 2.937523
v -0.134218 23.558386 2.974494
v -0.151572 23.558569 2.974316
v -0.136268 23.619682 3.007144
v -0.156508 23.619938 3.006871
v -0.139538 23.686958 3.037520
v -0.165805 23.687336 3.036883
v -0.139215 23.758205 3.067490
v -0.189533 23.758873 3.065499
v -0.154497 23.601589 2.888580
v -0.159283 23.583313 2.819457
v -0.128713 23.582920 2.819755
v -0.135549 23.601366 2.888748
v -0.135974 23.626795 2.949323
v -0.155341 23.627022 2.949121
v -0.136090 23.661444 2.999620
v -0.157743 23.661747 2.999287
v -0.137843 23.704952 3.040978
v -0.162256 23.705334 3.040417
v -0.139425 23.755730 3.076250
v -0.166481 23.755981 3.075407
v -0.124886 23.809887 3.111122
v -0.150359 23.809469 3.110952
v -0.093086 23.866131 3.148109
v -0.107439 23.863995 3.150666
v -0.090055 23.930048 3.179720
v -0.100350 23.926167 3.185571
v 0.415296 23.590584 2.778812
v 0.398153 23.575714 2.710865
v 0.431607 23.573341 2.708543
v 0.454369 23.587460 2.776965
v 0.441356 23.622852 2.839401
v 0.409369 23.626024 2.841664
v 0.426253 23.689459 2.903574
v 0.404158 23.694508 2.907866
v 0.492050 23.734011 2.943235
v 0.473340 23.754381 2.957822
v 0.577414 23.710932 2.931314
v 0.568979 23.738667 2.951446
v 0.629410 23.716484 2.929841
v 0.623195 23.732117 2.943021
v 0.644484 23.823914 2.987342
v 0.634234 23.827936 2.993688
v 0.602613 23.951902 3.052345
v 0.578029 23.953890 3.058837
v 0.361255 23.400463 2.676122
v 0.347068 23.380285 2.604783
v 0.370661 23.380266 2.603975
v 0.380678 23.400278 2.675609
v 0.391036 23.428986 2.736675
v 0.371108 23.429211 2.737176
v 0.399540 23.467173 2.786747
v 0.377744 23.467539 2.787141
v 0.408906 23.513775 2.827412
v 0.383197 23.514883 2.828015
v 0.423016 23.569925 2.862118
v 0.393054 23.572491 2.863639
v 0.423174 23.649755 2.901077
v 0.401579 23.653774 2.904489
v 0.486375 23.725483 2.933271
v 0.470123 23.744024 2.946895
v 0.593745 23.704636 2.905147
v 0.591880 23.732256 2.926692
v 0.098116 23.598663 2.885175
v 0.096697 23.580118 2.817366
v 0.123111 23.579903 2.815998
v 0.114044 23.598562 2.884205
v 0.115100 23.625120 2.945167
v 0.099314 23.624825 2.946011
v 0.123565 23.665691 2.999627
v 0.106694 23.663609 2.999582
v 0.141186 23.729826 3.053298
v 0.123786 23.723326 3.051060
v 0.176374 23.812387 3.100893
v 0.151625 23.808857 3.101771
v 0.201150 23.876978 3.121600
v 0.152095 23.874687 3.124562
v 0.098103 23.923285 3.126556
v 0.061237 23.916965 3.129115
v 0.084883 23.989504 3.157264
v 0.036584 23.978607 3.157904
v 0.095822 23.388643 2.781403
v 0.088236 23.367523 2.712610
v 0.115343 23.367323 2.712214
v 0.110345 23.388481 2.781159
v 0.108442 23.416693 2.841516
v 0.095753 23.416845 2.841901
v 0.105472 23.454153 2.891550
v 0.093099 23.454294 2.892163
v 0.103989 23.500687 2.933311
v 0.091309 23.500803 2.934137
v 0.107363 23.555759 2.969833
v 0.093550 23.555704 2.970753
v 0.117642 23.620983 3.005116
v 0.101923 23.620100 3.005738
v 0.137851 23.705059 3.045664
v 0.119920 23.701908 3.045583
v 0.181197 23.819761 3.097066
v 0.154115 23.818838 3.101227
v -0.624946 23.435751 2.570075
v -0.608421 23.415890 2.499000
v -0.590385 23.415579 2.499480
v -0.609393 23.435642 2.570431
v -0.624083 23.464327 2.630728
v -0.639757 23.464361 2.630317
v -0.636812 23.502748 2.680212
v -0.652560 23.502752 2.679715
v -0.649736 23.550659 2.720812
v -0.665685 23.550663 2.720206
v -0.665317 23.607096 2.753937
v -0.681570 23.607136 2.753206
v -0.683621 23.670208 2.781570
v -0.700350 23.670671 2.780772
v -0.700032 23.733896 2.805604
v -0.718647 23.736761 2.805106
v -0.714033 23.793718 2.827280
v -0.740189 23.802052 2.827895
v -0.664327 23.618330 2.666678
v -0.646354 23.599125 2.597590
v -0.628714 23.598949 2.598269
v -0.647560 23.618303 2.667302
v -0.664426 23.646627 2.724844
v -0.681393 23.646658 2.724112
v -0.680474 23.683556 2.770869
v -0.697650 23.683981 2.770086
v -0.691113 23.722471 2.806519
v -0.710113 23.725086 2.805887
v -0.699598 23.758295 2.832652
v -0.719801 23.763687 2.832546
v -0.724919 23.811581 2.854900
v -0.742281 23.819105 2.856031
v -0.750855 23.895187 2.884180
v -0.764713 23.900591 2.885359
v -0.758341 23.986111 2.919050
v -0.780316 23.989542 2.919169
v 0.654938 23.608635 2.670104
v 0.613550 23.585512 2.595738
v 0.631080 23.585346 2.594924
v 0.669924 23.608150 2.668677
v 0.701264 23.642174 2.729833
v 0.689014 23.643099 2.731767
v 0.716896 23.682501 2.776347
v 0.704468 23.682850 2.777977
v 0.723039 23.724604 2.809310
v 0.709030 23.722031 2.809069
v 0.729946 23.774347 2.835397
v 0.714031 23.769718 2.833793
v 0.743435 23.837324 2.862214
v 0.725046 23.834702 2.861686
v 0.762640 23.906460 2.888826
v 0.741953 23.906118 2.889611
v 0.796287 23.980614 2.918196
v 0.766577 23.979971 2.918884
v 0.582226 23.417658 2.569965
v 0.564798 23.398630 2.497505
v 0.583178 23.398594 2.496956
v 0.603627 23.417500 2.569324
v 0.619590 23.446522 2.629436
v 0.598155 23.446745 2.630167
v 0.634753 23.485725 2.678900
v 0.614445 23.486046 2.679820
v 0.663691 23.537497 2.721446
v 0.648071 23.538013 2.722797
v 0.697355 23.600267 2.758091
v 0.685004 23.601095 2.759897
v 0.717295 23.667137 2.786669
v 0.704909 23.667292 2.788173
v 0.725583 23.732981 2.807911
v 0.711256 23.731077 2.808058
v 0.736763 23.803770 2.829679
v 0.716220 23.801270 2.829465
v 0.565417 23.966284 3.072490
v 0.547356 24.046345 3.065879
v 0.523411 24.045738 3.068822
v 0.545028 23.964991 3.074959
v 0.578058 23.879354 3.054078
v 0.590929 23.883602 3.053987
v 0.591485 23.774296 3.001318
v 0.622392 23.772968 2.998899
v 0.460884 23.795364 3.006608
v 0.574688 23.750963 2.981597
v 0.404315 23.784613 2.986968
v 0.515400 23.771448 2.980570
v 0.383401 23.756660 2.950510
v 0.434435 23.761732 2.953184
v 0.354322 23.673136 2.874617
v 0.383766 23.675632 2.875443
v 0.339329 23.602062 2.804813
v 0.391893 23.596294 2.801081
v -0.284371 23.504263 2.807489
v -0.287453 23.484455 2.737998
v -0.260589 23.483986 2.738696
v -0.268241 23.504053 2.807848
v -0.270445 23.531155 2.868761
v -0.286180 23.531342 2.868409
v -0.273314 23.567434 2.919507
v -0.290157 23.567665 2.919065
v -0.279236 23.612879 2.961225
v -0.297711 23.613197 2.960614
v -0.289028 23.666634 2.995985
v -0.309154 23.667103 2.995193
v -0.301039 23.727465 3.026365
v -0.322453 23.728220 3.025429
v -0.309295 23.792795 3.055495
v -0.334016 23.794575 3.054301
v -0.297623 23.857290 3.086464
v -0.346152 23.863338 3.083488
v -0.256792 23.298134 2.697254
v -0.255497 23.276741 2.626691
v -0.231318 23.276245 2.627170
v -0.242753 23.297903 2.697506
v -0.249234 23.326967 2.759374
v -0.262255 23.327145 2.759123
v -0.255018 23.365488 2.811295
v -0.268196 23.365658 2.811006
v -0.260744 23.413073 2.854975
v -0.274444 23.413260 2.854645
v -0.266624 23.468994 2.892468
v -0.281257 23.469181 2.892091
v -0.273567 23.532169 2.925795
v -0.289825 23.532404 2.925324
v -0.282532 23.601330 2.956867
v -0.303075 23.601706 2.956128
v -0.288113 23.674677 2.987436
v -0.328322 23.675617 2.985747
v -0.336077 23.973572 3.061580
v -0.367283 24.050110 3.047424
v -0.426771 24.065359 3.041379
v -0.368373 23.979815 3.057758
v -0.338313 23.910170 3.059551
v -0.311360 23.906322 3.062324
v -0.329502 23.854250 3.043485
v -0.306200 23.852106 3.044926
v -0.325889 23.804279 3.013624
v -0.303900 23.803205 3.014647
v -0.317203 23.756207 2.974178
v -0.295282 23.755558 2.975157
v -0.305772 23.708641 2.926535
v -0.284408 23.708143 2.927387
v -0.294206 23.659637 2.871984
v -0.271962 23.659216 2.872709
v -0.291334 23.608643 2.812487
v -0.252494 23.608036 2.813476
v 0.222052 23.496899 2.804142
v 0.228533 23.477068 2.737678
v 0.256401 23.476982 2.736926
v 0.239717 23.496727 2.803769
v 0.229176 23.524105 2.861688
v 0.212285 23.524296 2.862104
v 0.225917 23.560921 2.910482
v 0.208310 23.561199 2.911088
v 0.229552 23.607347 2.952556
v 0.210667 23.608238 2.953733
v 0.224157 23.663816 2.989565
v 0.206554 23.667599 2.992788
v 0.216100 23.722475 3.018273
v 0.200926 23.733374 3.025748
v 0.250923 23.757698 3.025345
v 0.231771 23.774008 3.033282
v 0.354292 23.793427 3.031605
v 0.302079 23.813208 3.031864
v 0.203985 23.289467 2.698312
v 0.191906 23.267975 2.627752
v 0.216113 23.267879 2.627228
v 0.219174 23.289318 2.698057
v 0.225721 23.318424 2.759848
v 0.211291 23.318586 2.760098
v 0.230325 23.357044 2.810853
v 0.215765 23.357197 2.811157
v 0.229668 23.404888 2.852185
v 0.214826 23.405039 2.852569
v 0.225712 23.461006 2.886594
v 0.210293 23.461170 2.887081
v 0.224910 23.524414 2.917538
v 0.208070 23.524698 2.918228
v 0.232104 23.594435 2.948263
v 0.211381 23.595581 2.949731
v 0.240573 23.669783 2.980006
v 0.205547 23.675243 2.985045
v -0.506925 23.329592 2.538681
v -0.492658 23.308657 2.467072
v -0.472870 23.308168 2.467526
v -0.491516 23.329334 2.539014
v -0.506787 23.358742 2.600403
v -0.522151 23.358932 2.600015
v -0.520989 23.397995 2.651165
v -0.536385 23.398157 2.650697
v -0.534284 23.446318 2.693464
v -0.549820 23.446438 2.692907
v -0.547325 23.503128 2.729306
v -0.563217 23.503239 2.728617
v -0.561535 23.567394 2.760568
v -0.578183 23.567465 2.759661
v -0.576882 23.638010 2.789295
v -0.595393 23.637596 2.787871
v -0.580944 23.712666 2.819382
v -0.610005 23.709063 2.815828
v -0.548226 23.519384 2.646556
v -0.535831 23.499346 2.576145
v -0.515360 23.499010 2.576925
v -0.531953 23.519241 2.647146
v -0.544326 23.547724 2.707179
v -0.560735 23.547821 2.706497
v -0.556249 23.585936 2.756180
v -0.573088 23.585985 2.755307
v -0.567055 23.633667 2.796595
v -0.584232 23.633150 2.795354
v -0.565633 23.689816 2.833054
v -0.581748 23.686260 2.830848
v -0.561015 23.748089 2.864324
v -0.574846 23.739187 2.860616
v -0.593839 23.790195 2.878241
v -0.607342 23.779678 2.874066
v -0.659007 23.828871 2.882151
v -0.682535 23.822296 2.878361
v -0.671164 23.755318 2.739894
v -0.649040 23.737659 2.673566
v -0.629975 23.737431 2.674730
v -0.653324 23.754892 2.740889
v -0.666451 23.772581 2.794630
v -0.685114 23.774317 2.793724
v -0.673003 23.783745 2.833534
v -0.692308 23.786688 2.832723
v -0.696126 23.810177 2.862734
v -0.713720 23.815742 2.863055
v -0.726060 23.873840 2.894191
v -0.738985 23.880884 2.895836
v -0.734840 23.953074 2.930537
v -0.746479 23.958790 2.931814
v -0.744038 24.028448 2.963676
v -0.757066 24.033503 2.964979
v -0.754185 24.105818 2.996281
v -0.782096 24.113188 2.998818
v -0.025235 23.277922 2.725467
v -0.031476 23.256176 2.655308
v -0.006988 23.255857 2.655285
v -0.011848 23.277758 2.725459
v -0.011539 23.306877 2.787415
v -0.023705 23.307016 2.787424
v -0.010335 23.345377 2.839542
v -0.022698 23.345510 2.839555
v -0.008836 23.392937 2.883407
v -0.021776 23.393070 2.883427
v -0.007117 23.448759 2.921083
v -0.021077 23.448898 2.921135
v -0.004992 23.511816 2.954740
v -0.020861 23.511969 2.954845
v -0.000962 23.580557 2.986486
v -0.021970 23.580742 2.986614
v 0.011813 23.653208 3.018107
v -0.030978 23.653543 3.018212
v -0.021695 23.495037 2.835457
v -0.028903 23.474876 2.766560
v 0.000814 23.474552 2.766515
v -0.005520 23.494858 2.835410
v -0.005471 23.521902 2.896316
v -0.020741 23.522064 2.896416
v -0.004015 23.557896 2.947297
v -0.020627 23.558062 2.947441
v -0.001543 23.602732 2.989786
v -0.020454 23.602880 2.989914
v 0.002037 23.655560 3.025860
v -0.020135 23.655699 3.025939
v 0.007641 23.715776 3.057975
v -0.019139 23.715641 3.058138
v 0.013745 23.783730 3.087635
v -0.017122 23.781866 3.088627
v 0.001283 23.860947 3.115843
v -0.025744 23.852104 3.119761
v -0.019931 23.767918 2.960602
v -0.024530 23.750364 2.891479
v 0.010053 23.750076 2.891418
v 0.009579 23.767757 2.960553
v 0.016018 23.793850 3.019476
v -0.017970 23.793451 3.019809
v 0.011480 23.831915 3.066574
v -0.018451 23.828835 3.067961
v -0.010777 23.878551 3.104177
v -0.030501 23.872723 3.106745
v -0.034118 23.927677 3.134815
v -0.050216 23.921328 3.138011
v -0.020972 23.982737 3.166814
v -0.042791 23.975374 3.168845
v 0.013684 24.048296 3.202224
v -0.021046 24.040831 3.201635
v 0.038685 24.126749 3.238755
v -0.013074 24.122923 3.236876
v -0.729092 24.125219 2.992125
v -0.734427 24.201759 2.991823
v -0.758555 24.204081 2.993323
v -0.739794 24.127001 2.993231
v -0.727859 24.052010 2.983934
v -0.719134 24.049950 2.983023
v -0.715147 23.985020 2.964967
v -0.705121 23.982674 2.964480
v -0.712748 23.925833 2.933924
v -0.701338 23.922422 2.933407
v -0.707357 23.866890 2.893018
v -0.694254 23.864143 2.892906
v -0.678824 23.824976 2.854455
v -0.663148 23.825262 2.855785
v -0.655411 23.799911 2.814289
v -0.637225 23.800539 2.816059
v -0.644832 23.766687 2.765404
v -0.617507 23.766243 2.767437
v 0.509496 23.503714 2.649054
v 0.491210 23.485075 2.576939
v 0.512576 23.485022 2.576057
v 0.532235 23.503695 2.648282
v 0.571563 23.532299 2.709299
v 0.547326 23.530983 2.709454
v 0.616194 23.573427 2.760292
v 0.593164 23.570120 2.759691
v 0.639989 23.619196 2.797868
v 0.618259 23.615162 2.797143
v 0.642256 23.658159 2.817799
v 0.616008 23.654055 2.817075
v 0.651906 23.699375 2.830168
v 0.627454 23.693441 2.828580
v 0.668049 23.762098 2.850791
v 0.652191 23.750208 2.846079
v 0.677321 23.861166 2.892281
v 0.661391 23.846819 2.887054
v 0.454455 23.310946 2.542018
v 0.437199 23.290997 2.469062
v 0.457947 23.291025 2.468530
v 0.475475 23.310810 2.541549
v 0.492260 23.340351 2.602997
v 0.470902 23.340532 2.603553
v 0.508421 23.379816 2.653302
v 0.486963 23.380005 2.653982
v 0.525194 23.428625 2.694991
v 0.503603 23.428780 2.695780
v 0.552444 23.485798 2.730837
v 0.529934 23.485371 2.731472
v 0.606683 23.552368 2.764082
v 0.584042 23.549778 2.763830
v 0.646342 23.624277 2.792469
v 0.626063 23.620134 2.791752
v 0.656950 23.685421 2.808287
v 0.629931 23.679317 2.806954
v 1.154569 25.050503 3.299114
v 1.145264 25.125401 3.269761
v 1.138703 25.126060 3.268739
v 1.146678 25.051676 3.297564
v 1.133315 24.976086 3.314830
v 1.141508 24.974928 3.316253
v 1.103446 24.900805 3.320837
v 1.112766 24.899839 3.321942
v 1.062204 24.826748 3.316328
v 1.073307 24.826065 3.317003
v 1.014151 24.754509 3.302071
v 1.027784 24.754238 3.302164
v 0.964914 24.685480 3.279462
v 0.981459 24.685677 3.278962
v 0.924332 24.618866 3.248096
v 0.943079 24.618885 3.247307
v 0.898497 24.549801 3.213219
v 0.923519 24.549635 3.211978
v 0.943109 24.671978 3.162594
v 0.935450 24.741257 3.135033
v 0.920047 24.741051 3.135659
v 0.924369 24.671991 3.163207
v 0.919000 24.607628 3.178133
v 0.938557 24.607483 3.177451
v 0.925679 24.546957 3.181520
v 0.946673 24.546761 3.180691
v 0.942254 24.488138 3.174339
v 0.964445 24.487965 3.173387
v 0.950503 24.429277 3.158583
v 0.973972 24.429083 3.157117
v 0.930077 24.369417 3.135111
v 0.955771 24.368946 3.132856
v 0.855780 24.305466 3.101200
v 0.885660 24.305017 3.098996
v 0.768898 24.235668 3.061253
v 0.800301 24.235792 3.059478
v 0.621811 24.850914 3.454998
v 0.706298 24.921795 3.414268
v 0.622965 24.920761 3.423978
v 0.564253 24.851114 3.463795
v 0.515613 24.784203 3.482451
v 0.553585 24.783566 3.479262
v 0.474586 24.719608 3.482929
v 0.504333 24.719257 3.481078
v 0.426319 24.652580 3.474079
v 0.458826 24.654936 3.472313
v 0.377555 24.568583 3.450276
v 0.415694 24.582638 3.452002
v 0.304687 24.462488 3.408029
v 0.363368 24.496750 3.417617
v 0.224401 24.413340 3.378052
v 0.299741 24.423769 3.376805
v 0.219850 24.389826 3.331961
v 0.308151 24.385530 3.341169
v 0.388107 24.498804 3.311848
v 0.436218 24.571653 3.281024
v 0.380978 24.572865 3.285602
v 0.321027 24.486937 3.308197
v 0.273313 24.424070 3.315153
v 0.350233 24.428696 3.325640
v 0.273064 24.373632 3.319720
v 0.360746 24.372034 3.332376
v 0.275708 24.314676 3.329473
v 0.378417 24.314796 3.340340
v 0.238100 24.251070 3.319270
v 0.328794 24.250717 3.325593
v 0.214474 24.185741 3.288149
v 0.273835 24.185902 3.289205
v 0.220032 24.116402 3.250769
v 0.266480 24.116302 3.248978
v 0.234445 24.048231 3.209404
v 0.327382 24.036377 3.205045
v -0.956616 24.684399 3.149444
v -0.922375 24.745674 3.134253
v -0.937143 24.744987 3.133395
v -0.970306 24.681770 3.149374
v -1.010752 24.624537 3.151639
v -0.995347 24.627151 3.150702
v -1.046594 24.571276 3.145576
v -1.029003 24.573000 3.143840
v -1.051106 24.516500 3.134866
v -1.030528 24.516645 3.133083
v -0.995623 24.450836 3.120269
v -0.972656 24.449438 3.119352
v -0.916019 24.379116 3.103997
v -0.898071 24.377125 3.103639
v -0.867989 24.305418 3.082495
v -0.850565 24.302303 3.081609
v -0.847158 24.230406 3.054061
v -0.811719 24.223463 3.051450
v -1.141443 25.054739 3.298339
v -1.133609 25.128735 3.269710
v -1.140191 25.128086 3.270732
v -1.149332 25.053591 3.299880
v -1.136221 24.978241 3.317191
v -1.128150 24.979353 3.315781
v -1.107152 24.902740 3.322700
v -1.098213 24.903530 3.321596
v -1.069882 24.822573 3.315255
v -1.061169 24.822704 3.314353
v -1.046573 24.753944 3.299031
v -1.037151 24.756382 3.299042
v -1.036680 24.690802 3.265022
v -1.026605 24.693619 3.264882
v -1.030441 24.631964 3.216577
v -1.018958 24.635132 3.215797
v -1.044289 24.574041 3.169671
v -1.024253 24.577362 3.168002
v -0.333049 24.513376 3.322529
v -0.369890 24.578762 3.289350
v -0.416116 24.580500 3.287426
v -0.355256 24.521555 3.325096
v -0.325109 24.458645 3.343074
v -0.308962 24.448246 3.338886
v -0.311835 24.399084 3.342032
v -0.294589 24.391897 3.339457
v -0.294099 24.347099 3.324442
v -0.269989 24.345783 3.326097
v -0.264685 24.296310 3.296301
v -0.234828 24.297640 3.302426
v -0.251502 24.227072 3.266625
v -0.219228 24.227940 3.274505
v -0.265488 24.135529 3.235464
v -0.233863 24.134893 3.242276
v -0.287546 24.031706 3.199562
v -0.243563 24.020662 3.205839
v -0.583944 24.837158 3.444914
v -0.614618 24.928209 3.426386
v -0.686329 24.937048 3.422556
v -0.631581 24.839565 3.442733
v -0.630865 24.739080 3.440141
v -0.599735 24.731255 3.438624
v -0.601867 24.637604 3.429602
v -0.571348 24.632950 3.429624
v -0.504455 24.580128 3.436450
v -0.465351 24.594601 3.443704
v -0.394223 24.565542 3.450138
v -0.362157 24.570988 3.451327
v -0.332659 24.519621 3.436078
v -0.306855 24.516850 3.434457
v -0.312629 24.463514 3.405066
v -0.291559 24.458233 3.402884
v -0.312171 24.406265 3.368410
v -0.280969 24.393322 3.361839
v 1.033182 24.753132 3.166332
v 1.025385 24.825544 3.138330
v 1.015917 24.825123 3.137157
v 1.021118 24.752815 3.164875
v 1.015438 24.686106 3.179254
v 1.028316 24.686251 3.180571
v 1.005733 24.623348 3.180176
v 1.019410 24.623398 3.181380
v 1.003585 24.563213 3.170403
v 1.015864 24.563175 3.171408
v 1.017620 24.504162 3.152083
v 1.027793 24.504158 3.152882
v 1.029803 24.444052 3.127088
v 1.038986 24.444002 3.127644
v 1.019180 24.380850 3.095986
v 1.029595 24.380743 3.096389
v 0.965692 24.312702 3.058583
v 0.981901 24.312634 3.059013
v 1.187559 25.125404 3.300936
v 1.170594 25.197535 3.272982
v 1.165758 25.198166 3.270906
v 1.181995 25.126484 3.297889
v 1.179705 25.053358 3.312697
v 1.185044 25.052303 3.315804
v 1.162559 24.979015 3.315952
v 1.168273 24.978130 3.318919
v 1.133813 24.904474 3.308479
v 1.140475 24.903873 3.311113
v 1.097789 24.831121 3.292076
v 1.105974 24.830936 3.294251
v 1.058888 24.759825 3.267289
v 1.069171 24.760128 3.268901
v 1.020419 24.689310 3.236461
v 1.032916 24.689465 3.237576
v 0.988304 24.617500 3.199987
v 1.004133 24.617491 3.200777
v -1.180155 25.102211 3.302186
v -1.167821 25.175407 3.274208
v -1.172307 25.174845 3.276552
v -1.185342 25.101295 3.305467
v -1.179826 25.027468 3.320956
v -1.174733 25.028332 3.317668
v -1.160918 24.953606 3.324173
v -1.155404 24.954275 3.321083
v -1.132676 24.880295 3.316661
v -1.126212 24.880650 3.313909
v -1.100375 24.806133 3.298276
v -1.093057 24.805433 3.295798
v -1.081948 24.736692 3.269985
v -1.074358 24.736128 3.267663
v -1.071127 24.670681 3.228867
v -1.063135 24.670023 3.226039
v -1.082991 24.607561 3.183054
v -1.073361 24.607738 3.179507
v -1.031284 24.733887 3.164545
v -1.019218 24.805511 3.140225
v -1.028181 24.805899 3.141562
v -1.041905 24.734207 3.166657
v -1.058969 24.669209 3.173846
v -1.049569 24.668613 3.171120
v -1.088567 24.613976 3.169110
v -1.080270 24.613865 3.165901
v -1.115713 24.563486 3.155824
v -1.108375 24.563869 3.152489
v -1.121131 24.511232 3.137294
v -1.113077 24.511604 3.134190
v -1.086475 24.449354 3.114141
v -1.075227 24.448933 3.111482
v -1.028249 24.375969 3.086362
v -1.016154 24.375624 3.084738
v -0.999464 24.302080 3.056495
v -0.982115 24.302292 3.055692
v 0.758400 24.409307 3.193635
v 0.710370 24.465315 3.140284
v 0.673810 24.465715 3.143770
v 0.713722 24.413406 3.200941
v 0.753530 24.368807 3.243543
v 0.795676 24.363247 3.238336
v 0.756371 24.318111 3.256698
v 0.798472 24.312870 3.251282
v 0.691199 24.253691 3.239068
v 0.739630 24.251482 3.237664
v 0.601576 24.167742 3.195631
v 0.638494 24.169901 3.194608
v 0.564715 24.088173 3.155586
v 0.593280 24.087990 3.152175
v 0.584448 24.013384 3.120886
v 0.606770 24.012335 3.116346
v 0.593579 23.939203 3.084863
v 0.616283 23.937738 3.078630
v 0.894378 24.727531 3.312075
v 0.933917 24.801140 3.274169
v 0.910306 24.800617 3.277175
v 0.866751 24.727421 3.315079
v 0.819293 24.658754 3.335659
v 0.847060 24.658981 3.333597
v 0.781667 24.590422 3.328128
v 0.808330 24.592684 3.329499
v 0.733448 24.529295 3.318637
v 0.770218 24.529873 3.313815
v 0.650185 24.480482 3.324306
v 0.704686 24.478722 3.317680
v 0.586979 24.432390 3.322587
v 0.634174 24.430641 3.324047
v 0.620228 24.387541 3.308288
v 0.670564 24.384302 3.315802
v 0.681504 24.333811 3.286412
v 0.781032 24.328608 3.286137
v 1.160390 25.138647 3.444060
v 1.146818 25.212202 3.413024
v 1.125416 25.206848 3.416555
v 1.131737 25.131159 3.448633
v 1.111157 25.054184 3.468138
v 1.143093 25.061255 3.463354
v 1.070329 24.978127 3.475196
v 1.104300 24.983713 3.470502
v 1.016943 24.904028 3.471320
v 1.051616 24.908012 3.466594
v 0.949806 24.830511 3.462916
v 0.987273 24.832973 3.454936
v 0.873776 24.756981 3.450910
v 0.899683 24.758030 3.450106
v 0.817269 24.681694 3.408978
v 0.843525 24.682245 3.407818
v 0.759196 24.600426 3.361963
v 0.796407 24.603443 3.361620
v -1.100554 25.128010 3.453157
v -1.096774 25.203770 3.421312
v -1.123740 25.210304 3.416853
v -1.136574 25.136511 3.447709
v -1.114562 25.058842 3.467032
v -1.077785 25.051460 3.471928
v -1.066894 24.978752 3.473513
v -1.029654 24.966341 3.475873
v -0.982313 24.877642 3.465957
v -0.945036 24.864639 3.467882
v -0.882547 24.789171 3.455749
v -0.853483 24.783878 3.458831
v -0.827765 24.717413 3.434419
v -0.807106 24.710857 3.435596
v -0.806662 24.654694 3.402767
v -0.775759 24.641417 3.404247
v -0.801294 24.606974 3.367241
v -0.710290 24.567179 3.373522
v -0.872096 24.741367 3.313351
v -0.882416 24.807318 3.284916
v -0.913350 24.807972 3.280264
v -0.897163 24.745779 3.311256
v -0.879868 24.685497 3.326763
v -0.848222 24.677214 3.329298
v -0.831833 24.620541 3.330024
v -0.793742 24.609072 3.334185
v -0.753734 24.548780 3.326178
v -0.718136 24.538895 3.331564
v -0.682480 24.484442 3.315886
v -0.650764 24.482216 3.322778
v -0.642397 24.428413 3.292926
v -0.615456 24.433048 3.299870
v -0.646595 24.369324 3.250498
v -0.622144 24.376455 3.255547
v -0.693088 24.304382 3.193818
v -0.651289 24.318684 3.198759
v -0.679856 24.404125 3.150170
v -0.658316 24.469481 3.136478
v -0.703355 24.474756 3.129146
v -0.696877 24.404314 3.147791
v -0.701212 24.343321 3.156484
v -0.691272 24.345512 3.157483
v -0.700084 24.291529 3.156208
v -0.692568 24.295238 3.156778
v -0.688177 24.242483 3.148453
v -0.682119 24.247530 3.149021
v -0.670714 24.188042 3.133277
v -0.665539 24.195023 3.134374
v -0.651915 24.132629 3.114713
v -0.646062 24.143126 3.117219
v -0.632628 24.085800 3.097841
v -0.623087 24.105793 3.103942
v -0.618118 24.030605 3.077837
v -0.592816 24.088888 3.097070
v 0.975315 24.549818 3.081939
v 0.929689 24.617502 3.054071
v 0.914576 24.617559 3.054111
v 0.959140 24.549927 3.081855
v 0.995827 24.487225 3.098435
v 1.009222 24.487123 3.098452
v 1.009485 24.427256 3.102457
v 1.021886 24.427168 3.102344
v 0.992757 24.368603 3.093737
v 1.007504 24.368498 3.093614
v 0.939749 24.309088 3.073367
v 0.960033 24.309078 3.073340
v 0.871375 24.247753 3.044167
v 0.894589 24.247835 3.044118
v 0.844246 24.183504 3.010840
v 0.867058 24.183636 3.010571
v 0.843008 24.114786 2.975095
v 0.871119 24.114952 2.974774
v 1.080265 24.889479 3.223830
v 1.077625 24.965363 3.194316
v 1.069961 24.965296 3.193017
v 1.070360 24.889486 3.222197
v 1.054656 24.817640 3.238983
v 1.065460 24.817802 3.240345
v 1.028909 24.750383 3.243328
v 1.041194 24.750687 3.244288
v 0.999188 24.686483 3.235916
v 1.013158 24.686605 3.236501
v 0.972968 24.624489 3.217081
v 0.988560 24.624441 3.217395
v 0.962027 24.562426 3.190229
v 0.978056 24.562292 3.190210
v 0.981039 24.498827 3.159286
v 0.996145 24.498703 3.159033
v 0.994211 24.431450 3.126215
v 1.010123 24.431362 3.125644
v 1.200963 25.283060 3.367796
v 1.168102 25.346987 3.342828
v 1.161287 25.347916 3.341874
v 1.193929 25.285006 3.365955
v 1.209160 25.220602 3.377605
v 1.214947 25.218403 3.379815
v 1.209753 25.152977 3.377468
v 1.214954 25.150862 3.379894
v 1.196430 25.080313 3.367477
v 1.201705 25.078436 3.369940
v 1.169191 25.002979 3.349252
v 1.175251 25.001490 3.351551
v 1.129011 24.921516 3.325348
v 1.136532 24.920458 3.327258
v 1.078974 24.838419 3.297297
v 1.088685 24.837864 3.298638
v 1.023705 24.755455 3.265666
v 1.037478 24.755619 3.266294
v 0.025484 24.323891 3.254855
v 0.023931 24.394779 3.223433
v -0.023961 24.394966 3.223443
v -0.025516 24.324417 3.254510
v -0.018626 24.256725 3.270348
v 0.024773 24.256056 3.270423
v -0.010825 24.189737 3.271432
v 0.030586 24.190479 3.271878
v -0.008176 24.123001 3.259453
v 0.034358 24.126223 3.261009
v -0.013153 24.053423 3.235415
v 0.024227 24.060049 3.236806
v -0.028433 23.988733 3.203743
v -0.004233 23.996393 3.202575
v -0.047017 23.929415 3.168106
v -0.031866 23.935854 3.164687
v -0.033780 23.867144 3.134565
v -0.012507 23.875898 3.129781
v 0.042895 24.717115 3.419177
v 0.050110 24.751919 3.375218
v -0.049163 24.767696 3.379292
v -0.028347 24.744520 3.424652
v 0.009006 24.711239 3.447693
v 0.068234 24.672211 3.442249
v 0.041133 24.649967 3.463627
v 0.102839 24.613869 3.457488
v 0.046877 24.554310 3.455784
v 0.084526 24.536665 3.446636
v -0.013691 24.450121 3.407781
v 0.031757 24.434624 3.401227
v -0.039561 24.367945 3.368722
v 0.022394 24.360699 3.369243
v -0.025696 24.290125 3.333638
v 0.022588 24.289108 3.334145
v -0.017154 24.213846 3.294840
v 0.029212 24.213833 3.294843
v 0.048820 25.004406 3.558064
v 0.074218 25.054411 3.520624
v -0.066914 25.053789 3.520420
v -0.054674 25.004623 3.558215
v -0.046748 24.953014 3.581931
v 0.036403 24.952221 3.585409
v -0.039430 24.899441 3.593126
v 0.019666 24.897217 3.606386
v -0.032012 24.851103 3.589360
v 0.013592 24.844948 3.609005
v -0.035280 24.818476 3.573457
v 0.014018 24.805733 3.590022
v -0.049294 24.797792 3.554477
v 0.008904 24.781443 3.564225
v -0.022419 24.772379 3.522264
v 0.025440 24.748043 3.524402
v 0.019960 24.709793 3.482086
v 0.084231 24.650803 3.474123
v -1.192735 25.286552 3.367028
v -1.160965 25.349682 3.342682
v -1.167489 25.348715 3.343847
v -1.199299 25.284662 3.369074
v -1.212759 25.220005 3.381295
v -1.207320 25.222149 3.378918
v -1.212446 25.152363 3.381549
v -1.207533 25.154413 3.378977
v -1.199154 25.080498 3.371693
v -1.194155 25.082296 3.369092
v -1.172843 25.003891 3.353285
v -1.167160 25.005301 3.350871
v -1.134636 24.923277 3.328884
v -1.127671 24.924250 3.326863
v -1.087672 24.839542 3.299611
v -1.079165 24.839565 3.298016
v -1.053484 24.755253 3.264618
v -1.042355 24.755207 3.263592
v -1.070279 24.893112 3.224109
v -1.069566 24.968803 3.194822
v -1.076940 24.968887 3.196253
v -1.080044 24.893185 3.225961
v -1.066159 24.822020 3.242075
v -1.056000 24.821754 3.240445
v -1.055442 24.753883 3.242863
v -1.045914 24.753445 3.241209
v -1.051733 24.690289 3.226318
v -1.042489 24.689989 3.224220
v -1.055719 24.632774 3.196470
v -1.045968 24.633656 3.194040
v -1.078544 24.581535 3.163233
v -1.067111 24.582329 3.160393
v -1.086326 24.526688 3.131565
v -1.072068 24.526371 3.128814
v -1.039007 24.456812 3.101222
v -1.013711 24.454430 3.098360
v -1.006809 24.567808 3.067698
v -0.940156 24.625416 3.048041
v -0.956371 24.625422 3.048564
v -1.024734 24.568569 3.069561
v -1.054971 24.513075 3.081940
v -1.037346 24.511688 3.079490
v -1.033217 24.451046 3.084006
v -1.015434 24.449503 3.081834
v -0.990391 24.385317 3.077928
v -0.974260 24.384403 3.076657
v -0.965004 24.321770 3.064473
v -0.949669 24.321199 3.063920
v -0.955916 24.259716 3.041465
v -0.939073 24.258877 3.041299
v -0.935312 24.195593 3.010004
v -0.915020 24.194454 3.010113
v -0.888859 24.126854 2.974781
v -0.855861 24.125162 2.975197
v -0.207488 23.149359 2.566814
v -0.208075 23.128181 2.493948
v -0.186299 23.127739 2.494031
v -0.193188 23.149097 2.566878
v -0.197605 23.178850 2.630488
v -0.211066 23.179064 2.630386
v -0.203243 23.218643 2.683907
v -0.216301 23.218845 2.683754
v -0.210430 23.267796 2.728894
v -0.223215 23.267988 2.728688
v -0.218808 23.325426 2.767754
v -0.231641 23.325613 2.767496
v -0.227318 23.390488 2.802691
v -0.240973 23.390684 2.802387
v -0.233837 23.461718 2.835855
v -0.251344 23.461964 2.835463
v -0.231641 23.536812 2.869001
v -0.268874 23.537357 2.868188
v -0.081907 23.154024 2.602713
v -0.085870 23.132391 2.530213
v -0.063750 23.132042 2.530228
v -0.068255 23.153831 2.602725
v -0.069244 23.183550 2.666421
v -0.081761 23.183723 2.666391
v -0.070570 23.223059 2.720127
v -0.082709 23.223225 2.720069
v -0.072336 23.272024 2.765377
v -0.084398 23.272179 2.765310
v -0.074011 23.329468 2.804351
v -0.086353 23.329617 2.804281
v -0.075073 23.394300 2.839286
v -0.088513 23.394455 2.839212
v -0.074162 23.465204 2.872384
v -0.092279 23.465414 2.872288
v -0.064336 23.539972 2.905310
v -0.105121 23.540413 2.905095
v 0.146357 23.141903 2.568652
v 0.139082 23.120642 2.495551
v 0.160862 23.120481 2.495443
v 0.161639 23.141727 2.568606
v 0.166634 23.171515 2.632133
v 0.152182 23.171694 2.632221
v 0.173735 23.211262 2.685412
v 0.159771 23.211428 2.685565
v 0.182848 23.260471 2.730224
v 0.169141 23.260614 2.730449
v 0.192802 23.318117 2.768667
v 0.178987 23.318251 2.768973
v 0.200081 23.383215 2.802341
v 0.185586 23.383339 2.802762
v 0.201640 23.454561 2.832706
v 0.184073 23.454704 2.833384
v 0.206482 23.530006 2.861720
v 0.171350 23.530222 2.863307
v 0.023687 23.152065 2.603192
v 0.018057 23.130405 2.530674
v 0.040590 23.130140 2.530631
v 0.037551 23.151882 2.603176
v 0.038972 23.181622 2.666839
v 0.026340 23.181778 2.666877
v 0.041990 23.221132 2.720502
v 0.029766 23.221275 2.720573
v 0.046083 23.270077 2.765716
v 0.033941 23.270214 2.765805
v 0.050510 23.327484 2.804598
v 0.038158 23.327627 2.804718
v 0.054407 23.392326 2.839202
v 0.041388 23.392469 2.839441
v 0.057686 23.463287 2.871403
v 0.041575 23.463449 2.872036
v 0.066914 23.538162 2.902618
v 0.033220 23.538479 2.904556
v -0.499530 22.707287 1.958385
v -0.499087 22.689489 1.885798
v -0.481657 22.688757 1.885753
v -0.482471 22.706572 1.958304
v -0.482618 22.734018 2.019902
v -0.499763 22.734747 2.019985
v -0.483752 22.771860 2.071198
v -0.500512 22.772581 2.071269
v -0.487117 22.819300 2.114735
v -0.503398 22.820004 2.114791
v -0.492764 22.875847 2.152966
v -0.508532 22.876522 2.153007
v -0.500472 22.940413 2.188102
v -0.515788 22.941059 2.188121
v -0.509750 23.012115 2.222863
v -0.525240 23.012754 2.222867
v -0.516953 23.089386 2.258483
v -0.539130 23.090303 2.258468
v -0.550087 22.620659 1.847382
v -0.548980 22.603016 1.774296
v -0.531290 22.602306 1.774253
v -0.532083 22.619928 1.847298
v -0.532412 22.647392 1.908803
v -0.550459 22.648144 1.908891
v -0.532357 22.684877 1.959764
v -0.550086 22.685654 1.959849
v -0.531870 22.731834 2.002605
v -0.549201 22.732605 2.002686
v -0.531665 22.787270 2.039756
v -0.548487 22.788033 2.039821
v -0.533721 22.850992 2.074113
v -0.550012 22.851732 2.074155
v -0.538252 22.921808 2.108013
v -0.554466 22.922539 2.108032
v -0.542100 22.998280 2.143263
v -0.564099 22.999277 2.143274
v 0.437428 22.684555 1.961274
v 0.440525 22.668154 1.887271
v 0.458348 22.668385 1.887345
v 0.460316 22.684834 1.961415
v 0.459922 22.712158 2.022789
v 0.436950 22.711861 2.022650
v 0.460542 22.749693 2.073565
v 0.437818 22.749397 2.073447
v 0.464207 22.797148 2.116488
v 0.441862 22.796858 2.116400
v 0.470869 22.853542 2.154055
v 0.448974 22.853252 2.154000
v 0.480332 22.917889 2.188299
v 0.458928 22.917606 2.188289
v 0.492463 22.989464 2.222358
v 0.471510 22.989187 2.222384
v 0.507623 23.067585 2.257590
v 0.484832 23.067265 2.257649
v 0.489558 22.600595 1.850410
v 0.492589 22.584293 1.776067
v 0.510651 22.584511 1.776139
v 0.512543 22.600876 1.850536
v 0.512110 22.628145 1.911901
v 0.489030 22.627838 1.911775
v 0.511725 22.665716 1.962538
v 0.488645 22.665380 1.962415
v 0.511412 22.712336 2.004940
v 0.488360 22.711973 2.004822
v 0.511519 22.767771 2.041412
v 0.488674 22.767405 2.041317
v 0.514632 22.831150 2.075020
v 0.492174 22.830799 2.074965
v 0.521245 22.902029 2.108093
v 0.499228 22.901691 2.108086
v 0.531630 22.979099 2.143014
v 0.508946 22.978741 2.143037
v -0.603563 22.578499 1.694050
v -0.601594 22.560831 1.620746
v -0.584160 22.560196 1.620706
v -0.584574 22.577795 1.693962
v -0.585159 22.605427 1.755401
v -0.604228 22.606180 1.755491
v -0.585395 22.643082 1.806262
v -0.604144 22.643854 1.806352
v -0.585116 22.690184 1.848991
v -0.603472 22.690981 1.849078
v -0.584300 22.745762 1.885926
v -0.602238 22.746572 1.886008
v -0.582964 22.808840 1.919714
v -0.600507 22.809641 1.919791
v -0.581298 22.878639 1.952688
v -0.598774 22.879456 1.952755
v -0.578405 22.954062 1.986986
v -0.601165 22.955141 1.987054
v -0.448834 22.837587 2.098865
v -0.444346 22.818663 2.025756
v -0.427033 22.817932 2.025711
v -0.433268 22.836960 2.098795
v -0.439981 22.865562 2.161407
v -0.455491 22.866196 2.161477
v -0.448221 22.904547 2.213839
v -0.463380 22.905163 2.213901
v -0.457594 22.953314 2.258394
v -0.472434 22.953907 2.258439
v -0.467182 23.010914 2.297451
v -0.481990 23.011459 2.297449
v -0.476403 23.076794 2.333559
v -0.491386 23.077295 2.333495
v -0.485693 23.149776 2.368641
v -0.501711 23.150261 2.368488
v -0.494017 23.228420 2.403786
v -0.518790 23.229122 2.403414
v -0.357886 23.044373 2.310610
v -0.351789 23.024908 2.236318
v -0.333248 23.024290 2.236341
v -0.343027 23.043940 2.310629
v -0.349850 23.072800 2.375394
v -0.364848 23.073210 2.375351
v -0.356253 23.112173 2.430198
v -0.371352 23.112555 2.430112
v -0.364226 23.161324 2.476524
v -0.379433 23.161686 2.476356
v -0.375342 23.219610 2.516481
v -0.390614 23.219959 2.516222
v -0.389624 23.286016 2.552266
v -0.405107 23.286354 2.551903
v -0.405551 23.358995 2.586137
v -0.422829 23.359339 2.585612
v -0.416961 23.436554 2.620029
v -0.447358 23.437153 2.618942
v 0.297860 23.024481 2.299010
v 0.289779 23.006336 2.223540
v 0.308634 23.006422 2.223511
v 0.317468 23.024452 2.299027
v 0.325508 23.053076 2.363513
v 0.305658 23.053131 2.363540
v 0.333287 23.092314 2.417890
v 0.313622 23.092400 2.417971
v 0.342870 23.141605 2.463823
v 0.323247 23.141701 2.464015
v 0.356359 23.199883 2.503397
v 0.336659 23.199966 2.503725
v 0.373914 23.266190 2.538754
v 0.353908 23.266279 2.539237
v 0.395078 23.339474 2.572164
v 0.373790 23.339558 2.572847
v 0.421788 23.417780 2.605483
v 0.390840 23.417810 2.606656
v 0.387651 22.812611 2.097136
v 0.385571 22.795282 2.022819
v 0.403317 22.795498 2.022882
v 0.409288 22.812828 2.097272
v 0.415753 22.841198 2.159506
v 0.394296 22.840984 2.159385
v 0.424358 22.879976 2.211329
v 0.403339 22.879751 2.211234
v 0.435020 22.928568 2.255219
v 0.414443 22.928347 2.255156
v 0.447190 22.985886 2.293641
v 0.426709 22.985701 2.293651
v 0.459578 23.051697 2.328770
v 0.439004 23.051556 2.328882
v 0.472453 23.124662 2.363435
v 0.451557 23.124565 2.363653
v 0.491131 23.204163 2.397951
v 0.465808 23.204052 2.398376
v 0.547119 22.559525 1.696872
v 0.550241 22.543262 1.622457
v 0.568260 22.543463 1.622520
v 0.570292 22.559797 1.696982
v 0.569847 22.587072 1.758332
v 0.546628 22.586763 1.758221
v 0.569454 22.624393 1.808955
v 0.546244 22.624062 1.808846
v 0.569121 22.671227 1.851346
v 0.545924 22.670872 1.851239
v 0.568841 22.726362 1.887757
v 0.545659 22.725981 1.887656
v 0.568613 22.789501 1.920928
v 0.545443 22.789099 1.920832
v 0.568484 22.859213 1.953116
v 0.545384 22.858805 1.953039
v 0.570947 22.935511 1.987080
v 0.547763 22.935095 1.987043
v -0.113253 23.143190 2.573039
v -0.116352 23.121668 2.500177
v -0.094468 23.121290 2.500208
v -0.099275 23.142984 2.573056
v -0.100855 23.172758 2.636936
v -0.113787 23.172937 2.636896
v -0.103187 23.212433 2.690771
v -0.115650 23.212603 2.690692
v -0.106619 23.261576 2.736186
v -0.118844 23.261759 2.736077
v -0.110426 23.319237 2.775353
v -0.122824 23.319395 2.775233
v -0.113680 23.384315 2.810456
v -0.127074 23.384485 2.810327
v -0.114752 23.455496 2.843681
v -0.132636 23.455723 2.843516
v -0.106690 23.530523 2.876735
v -0.146774 23.531023 2.876384
v -0.189615 23.168673 2.614704
v -0.190393 23.147310 2.542351
v -0.168413 23.146889 2.542461
v -0.175633 23.168447 2.614785
v -0.179914 23.198101 2.678058
v -0.192998 23.198299 2.677945
v -0.185022 23.237635 2.731234
v -0.197791 23.237820 2.731076
v -0.191259 23.286438 2.776023
v -0.203904 23.286625 2.775817
v -0.198162 23.343678 2.814683
v -0.211055 23.343855 2.814441
v -0.204735 23.408342 2.849413
v -0.218672 23.408531 2.849139
v -0.209473 23.479094 2.882380
v -0.227484 23.479342 2.882028
v -0.206144 23.553661 2.915272
v -0.244341 23.554192 2.914528
v 0.131010 23.162092 2.615545
v 0.122738 23.140575 2.543225
v 0.145273 23.140404 2.543089
v 0.145570 23.161924 2.615476
v 0.150475 23.191618 2.678636
v 0.136939 23.191786 2.678741
v 0.157240 23.231119 2.731686
v 0.144087 23.231262 2.731848
v 0.165341 23.279999 2.776259
v 0.152319 23.280134 2.776485
v 0.172688 23.337273 2.814228
v 0.159540 23.337410 2.814547
v 0.175072 23.401962 2.847001
v 0.161528 23.402081 2.847509
v 0.173478 23.472790 2.876807
v 0.157296 23.472933 2.877688
v 0.178318 23.547771 2.905885
v 0.145997 23.548006 2.908015
v 0.048330 23.140562 2.576501
v 0.042462 23.119196 2.503462
v 0.064829 23.118952 2.503407
v 0.062521 23.140383 2.576490
v 0.064397 23.170168 2.640329
v 0.051419 23.170334 2.640366
v 0.068085 23.209896 2.694038
v 0.055625 23.210047 2.694121
v 0.073396 23.258957 2.739455
v 0.061158 23.259083 2.739576
v 0.079406 23.316551 2.778526
v 0.067042 23.316675 2.778684
v 0.084554 23.381664 2.813169
v 0.071618 23.381804 2.813454
v 0.087783 23.452892 2.845128
v 0.072036 23.453053 2.845830
v 0.095431 23.528212 2.875825
v 0.062972 23.528496 2.877928
v -0.650136 22.665506 1.938458
v -0.648950 22.647816 1.865390
v -0.631605 22.647030 1.865327
v -0.631659 22.664682 1.938333
v -0.631564 22.692240 1.999900
v -0.650166 22.693104 2.000026
v -0.631146 22.729853 2.050942
v -0.649474 22.730717 2.051062
v -0.631010 22.777040 2.093979
v -0.648859 22.777895 2.094070
v -0.632960 22.833147 2.131722
v -0.650240 22.833960 2.131775
v -0.637252 22.897226 2.166502
v -0.653999 22.897995 2.166512
v -0.643619 22.968443 2.200723
v -0.660186 22.969173 2.200688
v -0.649312 23.045408 2.236295
v -0.670675 23.046320 2.236217
v -0.423045 22.659718 1.869102
v -0.422486 22.641842 1.796348
v -0.404725 22.641188 1.796322
v -0.405976 22.659086 1.869056
v -0.406316 22.686390 1.930578
v -0.423418 22.687035 1.930627
v -0.406371 22.723757 1.981592
v -0.423136 22.724413 1.981645
v -0.406665 22.770683 2.024567
v -0.422991 22.771332 2.024615
v -0.409078 22.826397 2.062087
v -0.424912 22.827030 2.062133
v -0.414059 22.890331 2.096838
v -0.429418 22.890957 2.096879
v -0.421167 22.961596 2.131089
v -0.436701 22.962234 2.131126
v -0.426674 23.038097 2.166526
v -0.449308 23.039043 2.166585
v 0.587445 22.640179 1.941463
v 0.590606 22.623798 1.867224
v 0.608665 22.624102 1.867299
v 0.610869 22.640596 1.941584
v 0.610481 22.668062 2.002951
v 0.586994 22.667610 2.002831
v 0.610134 22.705568 2.053584
v 0.586627 22.705101 2.053467
v 0.610171 22.752655 2.096019
v 0.586859 22.752178 2.095927
v 0.612928 22.808619 2.133052
v 0.590046 22.808170 2.133008
v 0.618737 22.872543 2.166981
v 0.596370 22.872126 2.166991
v 0.627453 22.943695 2.200300
v 0.605659 22.943312 2.200368
v 0.639129 23.021513 2.235425
v 0.617254 23.021143 2.235547
v 0.363302 22.641682 1.871817
v 0.366203 22.625299 1.797743
v 0.384019 22.625446 1.797812
v 0.385608 22.641846 1.871958
v 0.385157 22.668997 1.933341
v 0.362692 22.668821 1.933203
v 0.384755 22.706474 1.984006
v 0.362381 22.706282 1.983876
v 0.384824 22.753323 2.026491
v 0.362684 22.753122 2.026376
v 0.387739 22.808840 2.063380
v 0.365960 22.808645 2.063290
v 0.394013 22.872564 2.097463
v 0.372646 22.872362 2.097400
v 0.403553 22.943754 2.131001
v 0.382547 22.943537 2.130971
v 0.417226 23.020945 2.166211
v 0.393799 23.020658 2.166185
v -0.481561 22.595142 1.746571
v -0.480090 22.577341 1.673561
v -0.462589 22.576725 1.673535
v -0.463433 22.594494 1.746514
v -0.464023 22.621893 1.807957
v -0.482211 22.622581 1.808017
v -0.464286 22.659317 1.858826
v -0.482118 22.660015 1.858886
v -0.464056 22.706175 1.901429
v -0.481463 22.706875 1.901487
v -0.463376 22.761383 1.938573
v -0.480335 22.762091 1.938631
v -0.462729 22.824396 1.972501
v -0.479226 22.825102 1.972554
v -0.463918 22.894659 2.005867
v -0.480428 22.895367 2.005909
v -0.464414 22.970285 2.040579
v -0.487245 22.971287 2.040634
v -0.687635 22.585083 1.829147
v -0.685634 22.567440 1.755626
v -0.668269 22.566721 1.755569
v -0.668168 22.584276 1.829028
v -0.668448 22.611977 1.890520
v -0.688008 22.612825 1.890642
v -0.668348 22.649725 1.941422
v -0.687621 22.650585 1.941541
v -0.667723 22.696890 1.984192
v -0.686637 22.697771 1.984306
v -0.666606 22.752356 2.021161
v -0.685120 22.753254 2.021265
v -0.665478 22.815760 2.055052
v -0.683490 22.816628 2.055132
v -0.666363 22.886095 2.088428
v -0.684018 22.886936 2.088462
v -0.667345 22.962278 2.123320
v -0.689398 22.963327 2.123323
v -0.605329 22.779379 2.056019
v -0.604631 22.761467 1.983171
v -0.587320 22.760624 1.983098
v -0.588200 22.778582 2.055905
v -0.590479 22.806507 2.117956
v -0.607593 22.807287 2.118048
v -0.594804 22.844877 2.169832
v -0.611529 22.845629 2.169894
v -0.600904 22.893080 2.213885
v -0.617180 22.893787 2.213914
v -0.608600 22.950022 2.252556
v -0.624440 22.950680 2.252550
v -0.617643 23.015167 2.288110
v -0.633128 23.015776 2.288065
v -0.627540 23.087284 2.322850
v -0.643105 23.087858 2.322767
v -0.636093 23.165056 2.358481
v -0.656884 23.165781 2.358351
v -0.360484 22.750603 1.997080
v -0.360293 22.732653 1.924560
v -0.342786 22.732031 1.924536
v -0.344294 22.750015 1.997042
v -0.346216 22.777636 2.058880
v -0.362429 22.778234 2.058925
v -0.350490 22.815762 2.110581
v -0.366322 22.816345 2.110633
v -0.356884 22.863777 2.154491
v -0.372254 22.864359 2.154546
v -0.364887 22.920765 2.192989
v -0.379892 22.921331 2.193033
v -0.373255 22.985823 2.228750
v -0.388225 22.986345 2.228755
v -0.380814 23.058117 2.264031
v -0.396712 23.058638 2.263988
v -0.383711 23.135904 2.300414
v -0.408905 23.136696 2.300292
v -0.540464 22.963654 2.214848
v -0.531531 22.945900 2.140491
v -0.514534 22.945122 2.140469
v -0.525655 22.963045 2.214786
v -0.535789 22.990725 2.278780
v -0.550566 22.991306 2.278831
v -0.546055 23.029057 2.332697
v -0.560692 23.029598 2.332716
v -0.556146 23.077080 2.378819
v -0.570874 23.077568 2.378778
v -0.567162 23.134226 2.419233
v -0.582089 23.134659 2.419117
v -0.581338 23.199734 2.455612
v -0.596502 23.200098 2.455414
v -0.598584 23.272539 2.489792
v -0.614456 23.272856 2.489491
v -0.615067 23.350660 2.523868
v -0.637691 23.351049 2.523341
v -0.306582 22.932987 2.144704
v -0.299562 22.915180 2.071104
v -0.281700 22.914555 2.071040
v -0.291729 22.932486 2.144661
v -0.299392 22.960135 2.208794
v -0.314356 22.960606 2.208813
v -0.306250 22.998510 2.263092
v -0.321212 22.998960 2.263084
v -0.312350 23.046724 2.309804
v -0.327295 23.047148 2.309769
v -0.317899 23.104044 2.351322
v -0.332906 23.104446 2.351253
v -0.323773 23.169571 2.389739
v -0.339094 23.169958 2.389609
v -0.332025 23.242390 2.426418
v -0.349050 23.242821 2.426158
v -0.338523 23.320259 2.462864
v -0.367655 23.320990 2.462242
v -0.377056 23.165405 2.476847
v -0.370685 23.144754 2.403300
v -0.350508 23.144196 2.403465
v -0.361997 23.165052 2.476992
v -0.371911 23.194723 2.540440
v -0.386830 23.195049 2.540239
v -0.383300 23.234591 2.593187
v -0.398126 23.234880 2.592918
v -0.396414 23.284081 2.637334
v -0.411128 23.284338 2.636992
v -0.410850 23.342062 2.675270
v -0.425585 23.342297 2.674845
v -0.425660 23.407492 2.709318
v -0.440782 23.407707 2.708784
v -0.439207 23.479170 2.741610
v -0.456495 23.479427 2.740874
v -0.446160 23.555050 2.774129
v -0.477463 23.555573 2.772587
v -0.206775 23.086380 2.475855
v -0.206883 23.065790 2.401966
v -0.186053 23.065310 2.402030
v -0.191802 23.086082 2.475889
v -0.194660 23.115643 2.540402
v -0.209068 23.115900 2.540361
v -0.198321 23.155531 2.594776
v -0.212307 23.155775 2.594688
v -0.204137 23.205036 2.640665
v -0.217672 23.205263 2.640514
v -0.212336 23.263325 2.680392
v -0.225576 23.263544 2.680175
v -0.222162 23.329292 2.716184
v -0.235769 23.329515 2.715897
v -0.231140 23.401438 2.750141
v -0.248253 23.401720 2.749746
v -0.231622 23.477650 2.783948
v -0.268407 23.478258 2.783113
v -0.561018 22.554478 1.538959
v -0.558838 22.536833 1.465855
v -0.541365 22.536293 1.465827
v -0.541802 22.553856 1.538892
v -0.542620 22.581533 1.600248
v -0.561843 22.582195 1.600317
v -0.543116 22.619389 1.651051
v -0.562000 22.620073 1.651117
v -0.543135 22.666323 1.693741
v -0.561641 22.667023 1.693808
v -0.542661 22.721870 1.730798
v -0.560757 22.722605 1.730862
v -0.541671 22.784945 1.764529
v -0.559374 22.785675 1.764591
v -0.539994 22.854694 1.797370
v -0.557682 22.855453 1.797431
v -0.535061 22.929760 1.831277
v -0.558290 22.930811 1.831374
v -0.721825 22.601648 1.654171
v -0.719746 22.583632 1.580818
v -0.702128 22.582987 1.580765
v -0.702245 22.600927 1.654058
v -0.702728 22.628847 1.715497
v -0.722360 22.629620 1.715612
v -0.702792 22.666758 1.766363
v -0.722176 22.667562 1.766475
v -0.702312 22.714066 1.809115
v -0.721392 22.714893 1.809224
v -0.701283 22.769646 1.846238
v -0.720037 22.770493 1.846342
v -0.699690 22.832888 1.880028
v -0.718138 22.833757 1.880125
v -0.697469 22.902958 1.912932
v -0.715865 22.903847 1.913019
v -0.692773 22.978121 1.947018
v -0.715477 22.979242 1.947122
v -0.028016 23.163170 2.635957
v -0.033151 23.141636 2.563683
v -0.010798 23.141331 2.563669
v -0.014661 23.162994 2.635951
v -0.014368 23.192568 2.699455
v -0.026532 23.192717 2.699461
v -0.013380 23.231934 2.752923
v -0.025330 23.232079 2.752933
v -0.012091 23.280607 2.798028
v -0.024097 23.280754 2.798040
v -0.010515 23.337797 2.836850
v -0.022884 23.337938 2.836866
v -0.008497 23.402412 2.871616
v -0.021998 23.402573 2.871655
v -0.004914 23.473045 2.904479
v -0.022881 23.473227 2.904609
v 0.007015 23.547655 2.936943
v -0.032536 23.548029 2.937410
v -0.029231 23.154448 2.580545
v -0.033919 23.132759 2.507824
v -0.011783 23.132446 2.507810
v -0.015416 23.154255 2.580542
v -0.015221 23.184065 2.644399
v -0.027822 23.184233 2.644404
v -0.014397 23.223682 2.698257
v -0.026603 23.223841 2.698264
v -0.013234 23.272753 2.743600
v -0.025359 23.272900 2.743608
v -0.011740 23.330315 2.782619
v -0.024125 23.330454 2.782632
v -0.009730 23.395277 2.817580
v -0.023176 23.395428 2.817605
v -0.005967 23.466312 2.850631
v -0.023976 23.466509 2.850713
v 0.006478 23.541248 2.883189
v -0.033809 23.541645 2.883504
v 0.143563 23.077612 2.468729
v 0.137585 23.057365 2.394408
v 0.158966 23.057240 2.394330
v 0.160164 23.077427 2.468733
v 0.163582 23.107035 2.533140
v 0.147813 23.107227 2.533150
v 0.168352 23.147036 2.587335
v 0.153333 23.147211 2.587409
v 0.175859 23.196571 2.633070
v 0.161419 23.196728 2.633226
v 0.186471 23.254824 2.672652
v 0.172286 23.254963 2.672896
v 0.199544 23.320780 2.708227
v 0.184886 23.320904 2.708563
v 0.213386 23.393024 2.741551
v 0.195443 23.393145 2.742032
v 0.230255 23.469664 2.773278
v 0.194104 23.469826 2.774373
v 0.316230 23.148743 2.477975
v 0.306229 23.128723 2.403314
v 0.326606 23.128729 2.403122
v 0.335213 23.148638 2.477846
v 0.346136 23.178139 2.541152
v 0.327104 23.178282 2.541356
v 0.359169 23.218185 2.593580
v 0.340328 23.218336 2.593888
v 0.374600 23.267670 2.637526
v 0.355759 23.267832 2.637947
v 0.392197 23.325893 2.675066
v 0.373003 23.326035 2.675626
v 0.411280 23.391420 2.708478
v 0.391215 23.391569 2.709203
v 0.434221 23.462481 2.739807
v 0.410706 23.462732 2.740748
v 0.479821 23.534124 2.769199
v 0.433306 23.535542 2.770976
v 0.252272 22.909763 2.133851
v 0.245130 22.893517 2.059172
v 0.263021 22.893612 2.059244
v 0.271752 22.909801 2.133997
v 0.280269 22.937002 2.197812
v 0.260409 22.937000 2.197712
v 0.288605 22.975149 2.251491
v 0.268726 22.975161 2.251455
v 0.296846 23.023136 2.297568
v 0.276995 23.023165 2.297596
v 0.305078 23.080336 2.338486
v 0.285269 23.080391 2.338579
v 0.313810 23.145813 2.376476
v 0.293990 23.145880 2.376647
v 0.326349 23.218744 2.412808
v 0.305577 23.218792 2.413148
v 0.347150 23.297274 2.449055
v 0.317497 23.297255 2.449745
v 0.478541 22.936134 2.212848
v 0.470458 22.919992 2.137007
v 0.488007 22.920271 2.137018
v 0.499444 22.936398 2.212914
v 0.510131 22.963961 2.276450
v 0.489545 22.963707 2.276415
v 0.521679 23.002350 2.329696
v 0.501526 23.002113 2.329701
v 0.533885 23.050356 2.375344
v 0.513748 23.050184 2.375432
v 0.547016 23.107552 2.415216
v 0.526767 23.107441 2.415409
v 0.564059 23.173145 2.450849
v 0.543647 23.173092 2.451161
v 0.585176 23.246237 2.484435
v 0.564548 23.246233 2.484866
v 0.610439 23.325357 2.518154
v 0.587063 23.325384 2.518750
v 0.302256 22.730577 1.998222
v 0.304576 22.713650 1.924366
v 0.322650 22.713774 1.924435
v 0.323677 22.730684 1.998375
v 0.324690 22.758144 2.059947
v 0.303278 22.758043 2.059800
v 0.328671 22.796087 2.111182
v 0.307594 22.795958 2.111049
v 0.335508 22.843893 2.154369
v 0.314851 22.843752 2.154256
v 0.344981 22.900396 2.192396
v 0.324726 22.900263 2.192308
v 0.356230 22.965136 2.227417
v 0.335933 22.965019 2.227411
v 0.367858 23.037472 2.261963
v 0.347247 23.037394 2.262046
v 0.381676 23.115816 2.298028
v 0.356024 23.115709 2.298202
v 0.539305 22.750780 2.058157
v 0.542395 22.734266 1.983938
v 0.560208 22.734598 1.984016
v 0.562707 22.751202 2.058282
v 0.564638 22.779057 2.119941
v 0.541519 22.778664 2.119851
v 0.569237 22.817577 2.171192
v 0.546542 22.817194 2.171144
v 0.576254 22.865494 2.214521
v 0.554054 22.865120 2.214516
v 0.585592 22.922512 2.252416
v 0.563938 22.922169 2.252457
v 0.596951 22.987442 2.287107
v 0.575848 22.987125 2.287201
v 0.609862 23.059599 2.321040
v 0.589276 23.059334 2.321185
v 0.625102 23.138340 2.356352
v 0.603564 23.138079 2.356536
v 0.669300 22.579626 1.656738
v 0.672737 22.563051 1.582458
v 0.690466 22.563286 1.582515
v 0.692997 22.579969 1.656828
v 0.692617 22.607393 1.718189
v 0.668885 22.607012 1.718096
v 0.692276 22.644861 1.768816
v 0.668532 22.644468 1.768721
v 0.691962 22.691856 1.811203
v 0.668216 22.691429 1.811108
v 0.691669 22.747128 1.847848
v 0.667924 22.746672 1.847755
v 0.691393 22.810184 1.881001
v 0.667651 22.809700 1.880911
v 0.691139 22.880280 1.913158
v 0.667398 22.879763 1.913072
v 0.691024 22.956190 1.946828
v 0.667369 22.955669 1.946762
v 0.507831 22.537561 1.541386
v 0.511186 22.521320 1.467255
v 0.528917 22.521452 1.467308
v 0.531099 22.537743 1.541484
v 0.530615 22.564968 1.602820
v 0.507322 22.564758 1.602719
v 0.530194 22.602476 1.653439
v 0.506948 22.602253 1.653339
v 0.529852 22.649023 1.695836
v 0.506657 22.649004 1.695738
v 0.529582 22.704323 1.732502
v 0.506433 22.704044 1.732411
v 0.529383 22.767166 1.765691
v 0.506268 22.766861 1.765607
v 0.529259 22.837038 1.797896
v 0.506152 22.836708 1.797821
v 0.529512 22.912659 1.831558
v 0.505713 22.912287 1.831481
v 0.629145 22.562662 1.832209
v 0.632585 22.546310 1.757686
v 0.650366 22.546579 1.757754
v 0.652899 22.563047 1.832319
v 0.652515 22.590494 1.893681
v 0.628722 22.590086 1.893569
v 0.652161 22.628210 1.944305
v 0.628356 22.627762 1.944194
v 0.651830 22.674952 1.986689
v 0.628022 22.674477 1.986578
v 0.651515 22.730450 2.023080
v 0.627711 22.729946 2.022971
v 0.651335 22.793503 2.056241
v 0.627674 22.792978 2.056153
v 0.653788 22.863678 2.088736
v 0.630605 22.863194 2.088711
v 0.659889 22.940636 2.123181
v 0.637085 22.940182 2.123216
v 0.421929 22.578951 1.749316
v 0.425076 22.562670 1.675105
v 0.442867 22.562820 1.675170
v 0.444717 22.579123 1.749444
v 0.444230 22.606264 1.810801
v 0.421328 22.606058 1.810675
v 0.443796 22.643471 1.861434
v 0.420925 22.643246 1.861314
v 0.443461 22.690201 1.903613
v 0.420642 22.689947 1.903501
v 0.443213 22.745466 1.940298
v 0.420478 22.745197 1.940192
v 0.443240 22.808323 1.973546
v 0.420689 22.808043 1.973459
v 0.446108 22.878340 2.006168
v 0.423866 22.878067 2.006119
v 0.453379 22.954992 2.040660
v 0.429939 22.954678 2.040627
v 1.155243 25.407967 3.479853
v 1.099067 25.465244 3.459441
v 1.083427 25.464422 3.460819
v 1.138629 25.407740 3.481069
v 1.175982 25.351942 3.488728
v 1.189181 25.351643 3.488113
v 1.200931 25.295124 3.484030
v 1.211247 25.294477 3.483998
v 1.214846 25.234213 3.467586
v 1.222819 25.233198 3.468126
v 1.214821 25.166199 3.443068
v 1.221457 25.164919 3.444046
v 1.197855 25.089205 3.413408
v 1.204374 25.087885 3.414592
v 1.162084 25.002800 3.381314
v 1.169707 25.001642 3.382399
v 1.108352 24.909147 3.349359
v 1.118530 24.908184 3.350075
v 0.613324 25.195414 3.622995
v 0.612812 25.277058 3.599106
v 0.548520 25.259165 3.603297
v 0.541616 25.160538 3.616365
v 0.513712 25.093121 3.624315
v 0.593908 25.121037 3.633227
v 0.492840 25.044569 3.628078
v 0.572044 25.060343 3.634658
v 0.489593 24.997702 3.625154
v 0.558064 25.005093 3.627732
v 0.496134 24.943260 3.611215
v 0.548382 24.945499 3.608921
v 0.489056 24.879549 3.583067
v 0.531664 24.879780 3.578680
v 0.470279 24.810148 3.548900
v 0.512206 24.809544 3.545296
v 0.428900 24.738331 3.512465
v 0.513400 24.736012 3.506599
v -0.121844 23.101965 2.523268
v -0.124224 23.080770 2.449620
v -0.102738 23.080381 2.449655
v -0.107252 23.101723 2.523283
v -0.108553 23.131464 2.587594
v -0.122192 23.131666 2.587576
v -0.110170 23.171247 2.641839
v -0.123190 23.171434 2.641788
v -0.113245 23.220667 2.687883
v -0.125789 23.220842 2.687786
v -0.117697 23.278681 2.727737
v -0.130113 23.278860 2.727607
v -0.122271 23.344240 2.763482
v -0.135422 23.344423 2.763336
v -0.124719 23.416006 2.797223
v -0.142123 23.416254 2.797041
v -0.117761 23.491644 2.830663
v -0.157107 23.492186 2.830282
v -0.066301 23.145670 2.555387
v -0.070124 23.124254 2.482209
v -0.048174 23.123919 2.482216
v -0.052247 23.145462 2.555391
v -0.052838 23.175295 2.619441
v -0.065724 23.175484 2.619429
v -0.053515 23.215090 2.673409
v -0.065899 23.215261 2.673374
v -0.054576 23.264257 2.719016
v -0.066783 23.264420 2.718969
v -0.055554 23.321985 2.758264
v -0.067956 23.322145 2.758217
v -0.055911 23.387213 2.793369
v -0.069332 23.387383 2.793320
v -0.054153 23.458481 2.826551
v -0.072226 23.458687 2.826492
v -0.043114 23.533697 2.859498
v -0.084101 23.534153 2.859373
v -0.351458 23.233057 2.578391
v -0.344984 23.211658 2.506323
v -0.323078 23.211105 2.506675
v -0.336569 23.232752 2.578621
v -0.346956 23.262482 2.641069
v -0.361297 23.262718 2.640810
v -0.357663 23.301994 2.693091
v -0.371876 23.302204 2.692775
v -0.368926 23.350821 2.736667
v -0.383168 23.351021 2.736280
v -0.380409 23.407957 2.774161
v -0.394925 23.408152 2.773690
v -0.391823 23.472435 2.807842
v -0.407036 23.472652 2.807253
v -0.403243 23.543171 2.839495
v -0.421283 23.543476 2.838627
v -0.411459 23.618034 2.870634
v -0.445561 23.618784 2.868655
v -0.123044 23.203100 2.675922
v -0.125716 23.181351 2.604650
v -0.102906 23.180967 2.604766
v -0.109725 23.202904 2.676005
v -0.112633 23.232334 2.738803
v -0.124844 23.232494 2.738704
v -0.115492 23.271326 2.791722
v -0.127626 23.271482 2.791606
v -0.118431 23.319660 2.836233
v -0.130801 23.319815 2.836106
v -0.121139 23.376366 2.874556
v -0.134110 23.376522 2.874423
v -0.123443 23.440376 2.908958
v -0.137826 23.440535 2.908811
v -0.124535 23.510366 2.941567
v -0.143551 23.510584 2.941382
v -0.117769 23.584106 2.973971
v -0.158278 23.584572 2.973601
v 0.068099 23.199209 2.675821
v 0.059999 23.177494 2.604360
v 0.082938 23.177269 2.604214
v 0.081610 23.199066 2.675734
v 0.085174 23.228434 2.738532
v 0.072799 23.228567 2.738642
v 0.090025 23.267475 2.791335
v 0.077779 23.267609 2.791476
v 0.094979 23.315802 2.835709
v 0.082657 23.315926 2.835903
v 0.098297 23.372585 2.873414
v 0.085902 23.372709 2.873748
v 0.098677 23.436674 2.906363
v 0.085992 23.436806 2.906974
v 0.099896 23.506720 2.937199
v 0.084404 23.506865 2.938267
v 0.110790 23.580753 2.967794
v 0.078984 23.580997 2.970259
v 0.293020 23.219063 2.581853
v 0.279960 23.198322 2.509119
v 0.302390 23.198303 2.508719
v 0.310734 23.218914 2.581629
v 0.322036 23.248577 2.644040
v 0.304601 23.248770 2.644309
v 0.334576 23.288286 2.695852
v 0.317184 23.288464 2.696209
v 0.348213 23.337149 2.739250
v 0.330465 23.337341 2.739690
v 0.361890 23.394445 2.776181
v 0.343003 23.394630 2.776634
v 0.373264 23.459122 2.808421
v 0.351902 23.459396 2.808777
v 0.385748 23.529488 2.838226
v 0.359603 23.530243 2.838798
v 0.409864 23.604748 2.867973
v 0.367176 23.606243 2.869426
v -0.000127 23.146700 2.560510
v -0.005060 23.125273 2.487378
v 0.016985 23.124981 2.487349
v 0.013984 23.146507 2.560505
v 0.014781 23.176308 2.624491
v 0.001878 23.176479 2.624508
v 0.016720 23.216000 2.678351
v 0.004317 23.216156 2.678391
v 0.019590 23.265173 2.723795
v 0.007334 23.265318 2.723848
v 0.022963 23.322861 2.762972
v 0.010503 23.323004 2.763038
v 0.026600 23.387978 2.798048
v 0.013255 23.388123 2.798160
v 0.031178 23.459208 2.830955
v 0.013934 23.459391 2.831270
v 0.042901 23.534361 2.863101
v 0.005715 23.534731 2.864197
v 0.050622 23.100407 2.527949
v 0.045497 23.079407 2.454269
v 0.067492 23.079174 2.454222
v 0.065700 23.100210 2.527953
v 0.067199 23.129978 2.592174
v 0.053269 23.130165 2.592183
v 0.069852 23.169863 2.646327
v 0.056680 23.170034 2.646379
v 0.074471 23.219189 2.692296
v 0.061793 23.219334 2.692398
v 0.080961 23.277128 2.732056
v 0.068371 23.277260 2.732200
v 0.088040 23.342688 2.767557
v 0.074852 23.342827 2.767776
v 0.094688 23.414455 2.800561
v 0.078246 23.414618 2.801065
v 0.105490 23.490362 2.832143
v 0.071071 23.490641 2.833772
v -0.292562 24.163527 3.138395
v -0.288737 24.233871 3.107609
v -0.357187 24.230490 3.092190
v -0.332826 24.161770 3.128762
v -0.313188 24.087654 3.156653
v -0.279512 24.086140 3.164636
v -0.275823 24.006666 3.174115
v -0.242304 24.001593 3.180229
v -0.216861 23.930729 3.181082
v -0.168802 23.931240 3.187840
v -0.187900 23.875397 3.169665
v -0.143865 23.877209 3.174487
v -0.228145 23.829094 3.134738
v -0.194906 23.828262 3.137620
v -0.257062 23.775160 3.096053
v -0.230257 23.774282 3.097232
v -0.265554 23.710829 3.060038
v -0.222752 23.709845 3.061471
v -0.820238 24.362862 3.007087
v -0.797136 24.429567 2.983535
v -0.817548 24.429588 2.982294
v -0.836158 24.363722 3.006787
v -0.852863 24.299421 3.021485
v -0.835730 24.297464 3.021106
v -0.853407 24.236223 3.023405
v -0.835193 24.233557 3.022676
v -0.829776 24.174839 3.014477
v -0.812937 24.171978 3.013697
v -0.798834 24.113300 2.995762
v -0.785373 24.110073 2.994908
v -0.774763 24.047667 2.968415
v -0.763507 24.043484 2.967402
v -0.762119 23.976971 2.934787
v -0.750313 23.971251 2.933406
v -0.760583 23.895063 2.895065
v -0.742121 23.883738 2.891721
v -0.509933 25.158743 3.625450
v -0.530803 25.274300 3.606336
v -0.608200 25.279154 3.599628
v -0.600384 25.188286 3.624985
v -0.562932 25.061560 3.625441
v -0.472525 25.017296 3.619295
v -0.519275 24.965965 3.617594
v -0.443048 24.935009 3.613182
v -0.490656 24.913288 3.608076
v -0.428581 24.893806 3.606215
v -0.474764 24.877790 3.592718
v -0.421477 24.865274 3.592591
v -0.482666 24.839363 3.565914
v -0.431232 24.829063 3.566270
v -0.546075 24.774229 3.519187
v -0.489196 24.754700 3.516393
v -0.664186 24.663607 3.448498
v -0.585770 24.597992 3.431630
v -1.135096 25.409239 3.481442
v -1.080125 25.465759 3.461114
v -1.095724 25.466593 3.459745
v -1.151580 25.409483 3.480251
v -1.185356 25.353262 3.488613
v -1.172253 25.353542 3.489213
v -1.207248 25.296185 3.484313
v -1.197014 25.296789 3.484329
v -1.218599 25.234978 3.468809
v -1.210675 25.235971 3.468266
v -1.216895 25.166759 3.444594
v -1.210280 25.168022 3.443620
v -1.199416 25.089844 3.415278
v -1.192903 25.091135 3.414110
v -1.164075 25.003729 3.383226
v -1.156592 25.004814 3.382200
v -1.112856 24.910765 3.351146
v -1.102103 24.911989 3.350645
v 0.883815 24.356516 3.012967
v 0.851517 24.423899 2.984581
v 0.823711 24.423960 2.985295
v 0.849359 24.356533 3.013623
v 0.824850 24.292942 3.027832
v 0.856864 24.293039 3.027098
v 0.792182 24.231945 3.029248
v 0.819664 24.232098 3.028272
v 0.779827 24.172354 3.020123
v 0.807027 24.172590 3.019102
v 0.774690 24.112259 3.001148
v 0.803550 24.112635 3.000276
v 0.770812 24.048744 2.972836
v 0.798744 24.049906 2.972177
v 0.752740 23.981848 2.939245
v 0.777869 23.983166 2.938549
v 0.725737 23.911606 2.904683
v 0.750392 23.912455 2.903561
v 0.300975 24.154955 3.165897
v 0.298542 24.226231 3.134024
v 0.255538 24.225809 3.137625
v 0.254927 24.154329 3.168660
v 0.283121 24.083803 3.183700
v 0.340474 24.079613 3.179934
v 0.272163 24.029150 3.180801
v 0.365670 24.010698 3.173824
v 0.208888 23.990437 3.164448
v 0.346793 23.954294 3.149883
v 0.184361 23.946482 3.141293
v 0.304721 23.920761 3.129891
v 0.261627 23.874578 3.114796
v 0.281990 23.829945 3.087584
v 0.216677 23.801832 3.092793
v 0.222300 23.780844 3.079113
v 0.166257 23.748363 3.081407
v 0.180460 23.739008 3.072502
v -0.193728 22.796095 1.697607
v -0.193173 22.778633 1.625246
v -0.175597 22.778238 1.625244
v -0.176898 22.795683 1.697623
v -0.177355 22.822744 1.759080
v -0.194262 22.823183 1.759066
v -0.177490 22.860058 1.810076
v -0.194140 22.860493 1.810071
v -0.177237 22.906641 1.852977
v -0.193629 22.907070 1.852983
v -0.177109 22.962038 1.890298
v -0.193341 22.962481 1.890324
v -0.178544 23.025427 1.924538
v -0.194759 23.025883 1.924587
v -0.181052 23.096035 1.958181
v -0.198021 23.096493 1.958236
v -0.180249 23.172413 1.993126
v -0.205012 23.173054 1.993183
v -0.578331 23.250082 2.467077
v -0.563174 23.229916 2.394460
v -0.545683 23.229408 2.394698
v -0.563121 23.249783 2.467257
v -0.578908 23.279171 2.529188
v -0.594293 23.279394 2.528950
v -0.594692 23.318581 2.580371
v -0.610051 23.318741 2.580066
v -0.610395 23.367416 2.622745
v -0.625764 23.367516 2.622359
v -0.625576 23.424543 2.658782
v -0.641080 23.424591 2.658313
v -0.640177 23.489128 2.690681
v -0.655967 23.489155 2.690109
v -0.655769 23.560532 2.720358
v -0.672434 23.560572 2.719636
v -0.671935 23.637131 2.748829
v -0.695159 23.637262 2.747648
v 1.151458 25.464634 3.473416
v 1.088379 25.523830 3.456078
v 1.076605 25.523563 3.456088
v 1.139787 25.465340 3.472768
v 1.181711 25.409008 3.477833
v 1.190772 25.407454 3.479022
v 1.208345 25.352877 3.471865
v 1.215563 25.350687 3.473485
v 1.223859 25.294912 3.455648
v 1.229627 25.292398 3.457717
v 1.228804 25.231258 3.430534
v 1.233645 25.228735 3.432983
v 1.221355 25.159342 3.399731
v 1.225878 25.157108 3.402430
v 1.199333 25.077560 3.365941
v 1.204237 25.075788 3.368665
v 1.161444 24.986034 3.330997
v 1.167610 24.984770 3.333520
v -0.767874 22.732653 2.032063
v -0.766920 22.715080 1.958434
v -0.749435 22.714220 1.958346
v -0.748871 22.731752 2.031897
v -0.748370 22.759399 2.093577
v -0.767486 22.760317 2.093738
v -0.748175 22.797359 2.144773
v -0.766892 22.798256 2.144893
v -0.749740 22.844761 2.188120
v -0.767917 22.845598 2.188185
v -0.753187 22.901186 2.225942
v -0.770830 22.901960 2.225944
v -0.758418 22.965473 2.260862
v -0.775567 22.966173 2.260803
v -0.765132 23.036776 2.295113
v -0.782005 23.037403 2.294990
v -0.771136 23.113960 2.330711
v -0.791318 23.114653 2.330506
v -0.798737 22.611654 1.932856
v -0.796635 22.594101 1.858996
v -0.779361 22.593340 1.858920
v -0.778457 22.610777 1.932703
v -0.778349 22.638601 1.994256
v -0.798727 22.639513 1.994410
v -0.777828 22.676626 2.045198
v -0.797981 22.677563 2.045347
v -0.776803 22.723700 2.088017
v -0.796672 22.724644 2.088157
v -0.775393 22.779449 2.125202
v -0.794910 22.780392 2.125329
v -0.775152 22.842918 2.159068
v -0.793988 22.843807 2.159128
v -0.777273 22.913511 2.192611
v -0.795591 22.914341 2.192602
v -0.779834 22.990076 2.227745
v -0.801232 22.991003 2.227673
v -0.377381 22.634550 1.787657
v -0.376571 22.616995 1.715106
v -0.358768 22.616423 1.715092
v -0.360102 22.633970 1.787630
v -0.360659 22.661196 1.849068
v -0.377950 22.661795 1.849097
v -0.360874 22.698473 1.900011
v -0.377823 22.699074 1.900042
v -0.360677 22.745211 1.942853
v -0.377202 22.745817 1.942889
v -0.360543 22.800425 1.980104
v -0.376618 22.801031 1.980142
v -0.362371 22.863752 2.014236
v -0.378023 22.864351 2.014278
v -0.366616 22.934444 2.048110
v -0.382453 22.935066 2.048156
v -0.369592 23.010406 2.082944
v -0.392537 23.011330 2.083029
v -0.296070 22.690176 1.904045
v -0.295636 22.672518 1.831678
v -0.278052 22.671991 1.831672
v -0.279306 22.689650 1.904038
v -0.279667 22.716848 1.965534
v -0.296487 22.717392 1.965544
v -0.280154 22.754206 2.016611
v -0.296638 22.754740 2.016630
v -0.282387 22.801384 2.059844
v -0.298434 22.801922 2.059876
v -0.287030 22.857557 2.097816
v -0.302607 22.858103 2.097860
v -0.293536 22.921812 2.132906
v -0.308825 22.922333 2.132946
v -0.300055 22.993338 2.167614
v -0.316119 22.993858 2.167622
v -0.302247 23.070412 2.203595
v -0.327480 23.071207 2.203564
v 0.524908 23.228930 2.467498
v 0.509237 23.209770 2.393109
v 0.527376 23.209869 2.392815
v 0.545705 23.228910 2.467170
v 0.563026 23.258375 2.528910
v 0.541881 23.258457 2.529335
v 0.580720 23.298033 2.579512
v 0.559504 23.298155 2.580041
v 0.598964 23.347290 2.621556
v 0.577677 23.347454 2.622188
v 0.617000 23.404924 2.657094
v 0.595744 23.405125 2.657832
v 0.635280 23.470333 2.688685
v 0.614730 23.470617 2.689591
v 0.669684 23.546238 2.720733
v 0.654517 23.546844 2.722207
v 0.709084 23.630505 2.753379
v 0.695935 23.631926 2.755840
v 0.738803 22.584648 1.935741
v 0.741976 22.567869 1.861146
v 0.760000 22.568209 1.861216
v 0.762428 22.585140 1.935838
v 0.762089 22.612797 1.997212
v 0.738456 22.612276 1.997112
v 0.761757 22.650461 2.047843
v 0.738119 22.649916 2.047741
v 0.761416 22.697632 2.090230
v 0.737779 22.697063 2.090127
v 0.761066 22.753069 2.126617
v 0.737435 22.752480 2.126514
v 0.761812 22.816412 2.159895
v 0.738689 22.815859 2.159854
v 0.765716 22.887213 2.192570
v 0.743194 22.886717 2.192605
v 0.772670 22.964228 2.227130
v 0.750735 22.963793 2.227241
v 0.701158 22.701468 2.034552
v 0.704625 22.684681 1.959969
v 0.722409 22.685064 1.960043
v 0.725045 22.702011 2.034657
v 0.724678 22.729723 2.096028
v 0.700784 22.729145 2.095921
v 0.724651 22.767490 2.146701
v 0.701017 22.766926 2.146626
v 0.726945 22.815092 2.189420
v 0.703803 22.814566 2.189402
v 0.731750 22.871307 2.226461
v 0.709153 22.870827 2.226505
v 0.738947 22.935648 2.260563
v 0.716953 22.935226 2.260672
v 0.748302 23.007374 2.293956
v 0.726938 23.007019 2.294135
v 0.759384 23.085238 2.329046
v 0.738255 23.084942 2.329292
v 0.239939 22.674437 1.906145
v 0.242232 22.657808 1.832668
v 0.260044 22.657852 1.832732
v 0.260922 22.674446 1.906285
v 0.260467 22.701574 1.967677
v 0.239347 22.701548 1.967539
v 0.260246 22.739050 2.018416
v 0.239384 22.739017 2.018290
v 0.262386 22.785919 2.061243
v 0.241845 22.785875 2.061125
v 0.267768 22.841900 2.098764
v 0.247602 22.841835 2.098659
v 0.276152 22.905886 2.133273
v 0.256279 22.905811 2.133196
v 0.286297 22.977203 2.167345
v 0.266088 22.977156 2.167344
v 0.299293 23.054865 2.203094
v 0.273705 23.054785 2.203154
v 0.317970 22.620342 1.790053
v 0.320734 22.603708 1.716342
v 0.338534 22.603798 1.716406
v 0.339850 22.620419 1.790188
v 0.339351 22.647478 1.851559
v 0.317295 22.647373 1.851427
v 0.338907 22.684616 1.902235
v 0.316926 22.684507 1.902110
v 0.338595 22.731312 1.944698
v 0.316765 22.731184 1.944584
v 0.338652 22.786375 1.981465
v 0.317072 22.786245 1.981366
v 0.341436 22.849564 2.014920
v 0.320177 22.849428 2.014847
v 0.347839 22.920221 2.048270
v 0.326833 22.920065 2.048217
v 0.358833 22.996870 2.082900
v 0.335119 22.996639 2.082842
v 0.138997 22.789520 1.698660
v 0.140718 22.772779 1.625580
v 0.158414 22.772711 1.625615
v 0.158466 22.789391 1.698759
v 0.157976 22.816343 1.760172
v 0.138316 22.816458 1.760074
v 0.157631 22.853643 1.810981
v 0.138137 22.853756 1.810894
v 0.157613 22.900177 1.853631
v 0.138309 22.900297 1.853559
v 0.158443 22.955601 1.890665
v 0.139269 22.955702 1.890604
v 0.161810 23.018961 1.924588
v 0.142626 23.019039 1.924532
v 0.167619 23.089533 1.957890
v 0.147950 23.089605 1.957863
v 0.176427 23.166348 1.992753
v 0.151419 23.166418 1.992752
v -1.162982 25.445910 3.469386
v -1.109692 25.505493 3.450500
v -1.118646 25.505358 3.451167
v -1.172048 25.444748 3.470899
v -1.204600 25.386271 3.478440
v -1.197438 25.388153 3.476495
v -1.224173 25.328905 3.474731
v -1.218363 25.331276 3.472440
v -1.234276 25.269125 3.459765
v -1.229525 25.271687 3.457117
v -1.234560 25.204332 3.436306
v -1.230406 25.206783 3.433378
v -1.223243 25.131453 3.406672
v -1.219150 25.133554 3.403593
v -1.198326 25.049318 3.373372
v -1.193687 25.050924 3.370357
v -1.159727 24.958347 3.338860
v -1.153686 24.959442 3.336079
v -0.985416 24.434669 3.018174
v -0.961278 24.498674 2.992251
v -0.977533 24.499599 2.993524
v -1.000405 24.435530 3.019760
v -1.008345 24.371023 3.034035
v -0.996097 24.370745 3.032701
v -1.012947 24.308186 3.036159
v -1.003030 24.308397 3.035161
v -1.018625 24.248648 3.026703
v -1.009239 24.249043 3.025919
v -1.008265 24.189594 3.006992
v -0.997842 24.189970 3.006390
v -0.965863 24.127010 2.980032
v -0.954294 24.127193 2.979567
v -0.912363 24.058901 2.947214
v -0.900816 24.058985 2.946769
v -0.877844 23.987183 2.911284
v -0.860870 23.987421 2.910656
v 1.008409 24.441618 3.023258
v 0.961544 24.509092 2.993837
v 0.949008 24.509146 2.993302
v 0.996103 24.441738 3.022512
v 1.005597 24.378639 3.037453
v 1.016937 24.378500 3.038238
v 0.979283 24.318451 3.038274
v 0.992436 24.318359 3.039127
v 0.933243 24.259262 3.026920
v 0.948742 24.259205 3.027773
v 0.907469 24.199636 3.006364
v 0.923603 24.199617 3.007052
v 0.911867 24.138287 2.979553
v 0.928510 24.138237 2.980074
v 0.912527 24.072849 2.946296
v 0.929696 24.072737 2.946739
v 0.887036 24.001919 2.908455
v 0.906555 24.001680 2.908870
v -0.450339 22.576651 1.613221
v -0.448838 22.559111 1.540393
v -0.431064 22.558571 1.540375
v -0.432120 22.576065 1.613179
v -0.432914 22.603477 1.674556
v -0.451150 22.604088 1.674601
v -0.433397 22.641062 1.725394
v -0.451277 22.641687 1.725440
v -0.433422 22.687777 1.768122
v -0.450877 22.688421 1.768167
v -0.432957 22.743128 1.805222
v -0.449970 22.743773 1.805267
v -0.431987 22.806007 1.839003
v -0.448600 22.806671 1.839049
v -0.430398 22.875631 1.871900
v -0.447103 22.876307 1.871948
v -0.425857 22.950588 1.905855
v -0.448807 22.951548 1.905930
v -0.163726 22.701708 1.111044
v -0.161666 22.684479 1.037364
v -0.143865 22.684235 1.037365
v -0.143500 22.701399 1.111058
v -0.144199 22.728796 1.172389
v -0.164213 22.729111 1.172376
v -0.144700 22.766233 1.223115
v -0.164299 22.766563 1.223106
v -0.144862 22.813131 1.265696
v -0.164120 22.813475 1.265691
v -0.144688 22.868364 1.302427
v -0.163696 22.868706 1.302429
v -0.144188 22.931339 1.335952
v -0.163048 22.931679 1.335962
v -0.143309 23.001261 1.368546
v -0.162282 23.001619 1.368566
v -0.140189 23.076525 1.402305
v -0.163380 23.076960 1.402333
v -0.147700 22.743654 1.435598
v -0.146392 22.726471 1.362596
v -0.128809 22.726177 1.362601
v -0.129480 22.743311 1.435625
v -0.130117 22.770407 1.497035
v -0.148373 22.770767 1.497010
v -0.130506 22.807716 1.547898
v -0.148492 22.808092 1.547881
v -0.130490 22.854227 1.590613
v -0.148236 22.854605 1.590603
v -0.130065 22.909445 1.627500
v -0.147628 22.909826 1.627501
v -0.129246 22.972343 1.661175
v -0.146725 22.972723 1.661187
v -0.127910 23.042198 1.693922
v -0.145721 23.042576 1.693945
v -0.123726 23.117315 1.727710
v -0.147127 23.117807 1.727749
v -0.814828 22.593422 1.805348
v -0.812360 22.575476 1.731708
v -0.795065 22.574787 1.731638
v -0.794307 22.592590 1.805206
v -0.794482 22.620577 1.866692
v -0.815093 22.621431 1.866835
v -0.794230 22.658539 1.917578
v -0.814632 22.659430 1.917719
v -0.793438 22.705944 1.960345
v -0.813567 22.706856 1.960479
v -0.792108 22.761580 1.997478
v -0.811932 22.762506 1.997606
v -0.790261 22.824867 2.031272
v -0.809771 22.825806 2.031385
v -0.788316 22.895058 2.064245
v -0.807511 22.895987 2.064323
v -0.786484 22.970760 2.098766
v -0.808744 22.971817 2.098800
v -0.229370 22.822536 2.051230
v -0.226941 22.803789 1.978792
v -0.209097 22.803282 1.978778
v -0.213759 22.822069 2.051210
v -0.218844 22.850328 2.113447
v -0.234435 22.850800 2.113476
v -0.224401 22.889088 2.165761
v -0.239903 22.889534 2.165777
v -0.229649 22.937759 2.210484
v -0.245027 22.938196 2.210482
v -0.234462 22.995331 2.250011
v -0.249727 22.995750 2.249992
v -0.238683 23.061142 2.286584
v -0.253977 23.061543 2.286547
v -0.241740 23.134224 2.322430
v -0.258289 23.134638 2.322365
v -0.239410 23.212324 2.359095
v -0.267154 23.213003 2.358939
v -0.730367 22.876125 2.147639
v -0.726573 22.859875 2.073519
v -0.709625 22.859015 2.073454
v -0.712925 22.875330 2.147547
v -0.717556 22.901951 2.210817
v -0.734982 22.902714 2.210864
v -0.723481 22.939152 2.264181
v -0.740553 22.939859 2.264180
v -0.730442 22.986305 2.309667
v -0.747139 22.986938 2.309610
v -0.738224 23.042294 2.349851
v -0.754569 23.042850 2.349740
v -0.746771 23.106281 2.386920
v -0.762799 23.106756 2.386764
v -0.757571 23.177576 2.422632
v -0.773357 23.177958 2.422488
v -0.770414 23.254629 2.458362
v -0.789277 23.254986 2.458238
v -0.175111 22.999989 2.308166
v -0.173524 22.980543 2.233658
v -0.153829 22.980091 2.233675
v -0.159519 22.999634 2.308201
v -0.162479 23.028479 2.373046
v -0.177983 23.028830 2.373008
v -0.164881 23.067877 2.427980
v -0.180152 23.068199 2.427943
v -0.167102 23.117033 2.475191
v -0.181979 23.117327 2.475144
v -0.170038 23.175251 2.516688
v -0.184524 23.175520 2.516600
v -0.175490 23.241640 2.554375
v -0.189982 23.241905 2.554203
v -0.182899 23.314693 2.590255
v -0.199928 23.315012 2.589948
v -0.184987 23.392185 2.626000
v -0.219393 23.392859 2.625266
v -0.553675 23.131765 2.377855
v -0.543234 23.112659 2.303545
v -0.526232 23.112005 2.303607
v -0.538837 23.131325 2.377902
v -0.550890 23.160233 2.441545
v -0.566095 23.160614 2.441437
v -0.564512 23.199757 2.494351
v -0.579833 23.200075 2.494171
v -0.579858 23.248846 2.538226
v -0.595187 23.249102 2.537967
v -0.596750 23.306684 2.575638
v -0.612091 23.306875 2.575297
v -0.614379 23.372160 2.608882
v -0.629848 23.372303 2.608451
v -0.631299 23.444162 2.640396
v -0.647564 23.444265 2.639858
v -0.644129 23.520847 2.671853
v -0.667307 23.521004 2.670979
v -0.106977 22.705984 0.860180
v -0.103966 22.688965 0.785967
v -0.086430 22.688801 0.785968
v -0.084719 22.705742 0.860193
v -0.085299 22.733313 0.921507
v -0.107311 22.733568 0.921494
v -0.085708 22.770916 0.972171
v -0.107376 22.771179 0.972162
v -0.085873 22.818007 1.014667
v -0.107239 22.818277 1.014661
v -0.085798 22.873400 1.051267
v -0.106914 22.873665 1.051267
v -0.085491 22.936541 1.084661
v -0.106425 22.936823 1.084668
v -0.084937 23.006660 1.117117
v -0.105820 23.006947 1.117130
v -0.082934 23.082262 1.150878
v -0.106400 23.082575 1.150897
v -0.017276 22.821398 0.565951
v -0.014136 22.804478 0.491353
v 0.003628 22.804367 0.491353
v 0.005972 22.821239 0.565952
v 0.005671 22.848944 0.627324
v -0.017486 22.849110 0.627321
v 0.005500 22.886700 0.677985
v -0.017523 22.886871 0.677982
v 0.005479 22.933979 0.720443
v -0.017409 22.934153 0.720442
v 0.005610 22.989546 0.756953
v -0.017163 22.989729 0.756955
v 0.005886 23.052889 0.790247
v -0.016806 23.053070 0.790254
v 0.006296 23.123232 0.822574
v -0.016355 23.123423 0.822586
v 0.007086 23.199276 0.856370
v -0.016124 23.199461 0.856384
v -0.417648 22.606310 1.179843
v -0.415260 22.588720 1.106229
v -0.397746 22.588366 1.106217
v -0.397489 22.605886 1.179817
v -0.398312 22.633570 1.241139
v -0.418287 22.634026 1.241167
v -0.398910 22.671227 1.291868
v -0.418430 22.671705 1.291898
v -0.399120 22.718330 1.334461
v -0.418215 22.718821 1.334491
v -0.398937 22.773727 1.371226
v -0.417653 22.774227 1.371257
v -0.398352 22.836809 1.404809
v -0.416769 22.837328 1.404842
v -0.397263 22.906778 1.437496
v -0.415699 22.907318 1.437531
v -0.393407 22.981892 1.471293
v -0.416778 22.982601 1.471347
v -0.358780 22.623642 0.597168
v -0.355270 22.606676 0.522614
v -0.337766 22.606504 0.522609
v -0.335395 22.623384 0.597161
v -0.335873 22.651312 0.658499
v -0.359091 22.651588 0.658508
v -0.336196 22.689257 0.709140
v -0.359184 22.689539 0.709151
v -0.336334 22.736677 0.751592
v -0.359076 22.736973 0.751604
v -0.336282 22.792356 0.788117
v -0.358786 22.792667 0.788132
v -0.336041 22.855776 0.821444
v -0.358329 22.856092 0.821460
v -0.335611 22.926138 0.853828
v -0.357727 22.926466 0.853847
v -0.334283 23.002073 0.887624
v -0.357732 23.002438 0.887648
v -0.192453 22.779932 0.209390
v -0.189171 22.762960 0.134749
v -0.171673 22.762861 0.134746
v -0.168955 22.779789 0.209386
v -0.169132 22.807741 0.270804
v -0.192628 22.807894 0.270809
v -0.169196 22.845959 0.321501
v -0.192691 22.846111 0.321507
v -0.169151 22.893181 0.363975
v -0.192643 22.893345 0.363982
v -0.168999 22.949165 0.400473
v -0.192485 22.949337 0.400481
v -0.168751 23.012655 0.433742
v -0.192231 23.012831 0.433752
v -0.168418 23.082897 0.466028
v -0.191890 23.083088 0.466039
v -0.168011 23.159370 0.499827
v -0.191473 23.159561 0.499840
v 0.165905 22.778250 0.209373
v 0.169167 22.761414 0.134734
v 0.186678 22.761362 0.134735
v 0.189421 22.778175 0.209375
v 0.189247 22.806026 0.270789
v 0.165729 22.806107 0.270787
v 0.189159 22.843908 0.321478
v 0.165642 22.843983 0.321476
v 0.189157 22.891304 0.363939
v 0.165643 22.891384 0.363938
v 0.189236 22.946980 0.400420
v 0.165726 22.947058 0.400420
v 0.189387 23.010408 0.433668
v 0.165883 23.010502 0.433669
v 0.189602 23.080866 0.465929
v 0.166106 23.080948 0.465932
v 0.189867 23.157045 0.499699
v 0.166380 23.157131 0.499703
v 0.321708 22.618830 0.597315
v 0.325138 22.601995 0.522720
v 0.342687 22.601969 0.522729
v 0.345281 22.618786 0.597330
v 0.344969 22.646402 0.658707
v 0.321390 22.646450 0.658692
v 0.344759 22.684061 0.709362
v 0.321183 22.684103 0.709345
v 0.344640 22.731251 0.751791
v 0.321091 22.731293 0.751773
v 0.344611 22.786716 0.788244
v 0.321105 22.786770 0.788227
v 0.344663 22.849960 0.821469
v 0.321212 22.850004 0.821454
v 0.344791 22.920198 0.853715
v 0.321395 22.920240 0.853704
v 0.345071 22.996172 0.887460
v 0.321525 22.996208 0.887450
v 0.493296 23.107061 2.378223
v 0.482940 23.088881 2.302153
v 0.500336 23.089073 2.302055
v 0.513623 23.107140 2.378119
v 0.526820 23.136091 2.441508
v 0.506094 23.136049 2.441715
v 0.542050 23.175600 2.493705
v 0.521202 23.175604 2.494022
v 0.559767 23.225065 2.537277
v 0.538797 23.225107 2.537702
v 0.579635 23.283194 2.574205
v 0.558510 23.283283 2.574746
v 0.600815 23.349068 2.606860
v 0.579532 23.349215 2.607523
v 0.621831 23.421757 2.637729
v 0.600505 23.421938 2.638511
v 0.643350 23.499794 2.669158
v 0.620386 23.500130 2.670273
v 0.662724 22.843119 2.149112
v 0.662435 22.827984 2.073582
v 0.679983 22.828386 2.073628
v 0.685793 22.843609 2.149133
v 0.690757 22.870394 2.211919
v 0.668166 22.869940 2.211946
v 0.697514 22.907734 2.264446
v 0.675456 22.907324 2.264522
v 0.705979 22.955109 2.309454
v 0.684485 22.954741 2.309583
v 0.715815 23.011307 2.348920
v 0.694881 23.011000 2.349106
v 0.726712 23.075598 2.385303
v 0.706340 23.075369 2.385544
v 0.739883 23.147327 2.420560
v 0.720297 23.147194 2.420782
v 0.758092 23.225349 2.456027
v 0.738518 23.225313 2.456207
v 0.177244 22.804628 2.045898
v 0.176157 22.787151 1.972579
v 0.193942 22.787149 1.972636
v 0.196564 22.804577 2.046049
v 0.201273 22.832516 2.108113
v 0.181849 22.832554 2.107957
v 0.207794 22.870955 2.159968
v 0.188387 22.871000 2.159853
v 0.214779 22.919376 2.204166
v 0.195388 22.919443 2.204109
v 0.222007 22.976686 2.243131
v 0.202664 22.976763 2.243129
v 0.229366 23.042311 2.278984
v 0.210043 23.042395 2.279043
v 0.237015 23.115417 2.314469
v 0.217119 23.115505 2.314583
v 0.248348 23.194084 2.350727
v 0.220167 23.194174 2.350945
v 0.064544 22.704168 0.860326
v 0.067720 22.687586 0.786006
v 0.085274 22.687475 0.786013
v 0.087248 22.704004 0.860353
v 0.086702 22.731485 0.921665
v 0.064215 22.731649 0.921638
v 0.086311 22.769241 0.972311
v 0.064108 22.769417 0.972286
v 0.086124 22.816057 1.014777
v 0.064163 22.816238 1.014756
v 0.086142 22.871628 1.051327
v 0.064377 22.871803 1.051315
v 0.086349 22.934746 1.084666
v 0.064725 22.934931 1.084660
v 0.086749 23.004854 1.117054
v 0.065175 23.005035 1.117057
v 0.088234 23.080540 1.150802
v 0.064729 23.080713 1.150807
v -0.017026 22.821396 0.565951
v -0.013635 22.804476 0.491353
v 0.003879 22.804369 0.491353
v 0.006472 22.821238 0.565952
v 0.006171 22.848948 0.627324
v -0.017235 22.849108 0.627321
v 0.005999 22.886694 0.677985
v -0.017272 22.886868 0.677982
v 0.005978 22.933975 0.720443
v -0.017157 22.934151 0.720442
v 0.006108 22.989546 0.756953
v -0.016911 22.989727 0.756956
v 0.006384 23.052883 0.790247
v -0.016553 23.053072 0.790254
v 0.006793 23.123226 0.822573
v -0.016103 23.123423 0.822585
v 0.007585 23.199266 0.856370
v -0.015875 23.199463 0.856383
v 0.098992 22.739155 1.436231
v 0.100959 22.722460 1.362793
v 0.118604 22.722334 1.362818
v 0.118831 22.738977 1.436308
v 0.118229 22.765942 1.497690
v 0.098310 22.766115 1.497617
v 0.117782 22.803019 1.548455
v 0.098060 22.803190 1.548391
v 0.117641 22.849638 1.591048
v 0.098073 22.849796 1.590995
v 0.117796 22.904686 1.627762
v 0.098330 22.904848 1.627725
v 0.118239 22.967735 1.661253
v 0.098808 22.967894 1.661232
v 0.119015 23.037491 1.693802
v 0.099396 23.037645 1.693795
v 0.121804 23.113132 1.727550
v 0.098263 23.113279 1.727546
v 0.117674 22.984674 2.277435
v 0.112816 22.966145 2.202319
v 0.132447 22.966028 2.202318
v 0.135700 22.984499 2.277486
v 0.139712 23.013027 2.342158
v 0.121642 23.013214 2.342126
v 0.143517 23.052193 2.396779
v 0.125865 23.052385 2.396781
v 0.147405 23.101410 2.443748
v 0.130428 23.101597 2.443783
v 0.152145 23.159576 2.485093
v 0.135868 23.159763 2.485181
v 0.160041 23.225828 2.522700
v 0.143940 23.225986 2.522900
v 0.172982 23.298954 2.558496
v 0.154817 23.299097 2.558867
v 0.195564 23.376715 2.593929
v 0.161632 23.376848 2.594811
v 0.760495 22.568100 1.808059
v 0.763912 22.551611 1.733719
v 0.781907 22.551918 1.733780
v 0.784334 22.568539 1.808149
v 0.784001 22.596159 1.869523
v 0.760149 22.595684 1.869431
v 0.783677 22.634045 1.920156
v 0.759819 22.633532 1.920061
v 0.783349 22.681190 1.962542
v 0.759489 22.680651 1.962445
v 0.783009 22.736589 1.999180
v 0.759152 22.736021 1.999083
v 0.782654 22.799761 2.032319
v 0.758807 22.799168 2.032223
v 0.782381 22.869974 2.064469
v 0.758728 22.869387 2.064396
v 0.784533 22.946306 2.098425
v 0.761505 22.945780 2.098431
v 0.393847 22.562597 1.615595
v 0.396943 22.546324 1.541680
v 0.414701 22.546417 1.541736
v 0.416419 22.562708 1.615711
v 0.415879 22.589787 1.677049
v 0.393223 22.589664 1.676934
v 0.415408 22.626940 1.727687
v 0.392814 22.626791 1.727575
v 0.415051 22.673609 1.770109
v 0.392536 22.673433 1.770005
v 0.414805 22.728582 1.806809
v 0.392369 22.728384 1.806713
v 0.414670 22.791338 1.840048
v 0.392312 22.791130 1.839964
v 0.414676 22.861145 1.872317
v 0.392379 22.860922 1.872249
v 0.416179 22.936737 1.906076
v 0.392456 22.936470 1.906012
v 0.117508 22.698011 1.111479
v 0.120256 22.681444 1.037493
v 0.137850 22.681339 1.037508
v 0.139143 22.697857 1.111531
v 0.138524 22.725094 1.172850
v 0.117031 22.725254 1.172799
v 0.138042 22.762398 1.223521
v 0.116857 22.762564 1.223474
v 0.137802 22.809250 1.266018
v 0.116874 22.809401 1.265979
v 0.137807 22.864630 1.302623
v 0.117063 22.864784 1.302594
v 0.138043 22.927570 1.336010
v 0.117398 22.927719 1.335993
v 0.138529 22.997313 1.368450
v 0.117825 22.997463 1.368446
v 0.140516 23.073019 1.402178
v 0.116976 23.073158 1.402174
v 0.371944 22.595860 1.181080
v 0.375215 22.579536 1.106765
v 0.392854 22.579557 1.106794
v 0.394857 22.595861 1.181148
v 0.394313 22.623102 1.242468
v 0.371464 22.623083 1.242399
v 0.393871 22.660643 1.293092
v 0.371176 22.660614 1.293024
v 0.393560 22.707251 1.335510
v 0.371018 22.707209 1.335445
v 0.393385 22.762625 1.371985
v 0.370978 22.762573 1.371929
v 0.393339 22.825535 1.405236
v 0.371032 22.825472 1.405189
v 0.393425 22.895226 1.437523
v 0.371156 22.895155 1.437488
v 0.394275 22.971043 1.471216
v 0.370615 22.970928 1.471177
v -0.334082 22.656467 1.769432
v -0.333189 22.638718 1.696733
v -0.315620 22.638187 1.696724
v -0.316862 22.655931 1.769415
v -0.317410 22.683123 1.830880
v -0.334686 22.683689 1.830898
v -0.317644 22.720367 1.881831
v -0.334580 22.720928 1.881851
v -0.317471 22.767069 1.924652
v -0.333996 22.767630 1.924678
v -0.317366 22.822260 1.961760
v -0.333475 22.822828 1.961792
v -0.319180 22.885563 1.995997
v -0.334919 22.886129 1.996038
v -0.323280 22.956223 2.029737
v -0.339297 22.956800 2.029791
v -0.325927 23.032152 2.064683
v -0.349362 23.033031 2.064780
v -0.277851 22.712137 1.740621
v -0.277163 22.694605 1.668025
v -0.259587 22.694124 1.668019
v -0.260944 22.711649 1.740619
v -0.261464 22.738754 1.802094
v -0.278427 22.739265 1.802098
v -0.261660 22.775949 1.853069
v -0.278311 22.776457 1.853080
v -0.261470 22.822660 1.895923
v -0.277761 22.823181 1.895941
v -0.261479 22.878065 1.933079
v -0.277450 22.878574 1.933107
v -0.263412 22.941425 1.967347
v -0.279144 22.941938 1.967393
v -0.267260 23.011990 2.001078
v -0.283465 23.012526 2.001137
v -0.268897 23.088169 2.036028
v -0.292981 23.088953 2.036101
v -0.221665 22.767969 1.711935
v -0.221092 22.750479 1.639585
v -0.203515 22.750050 1.639584
v -0.204862 22.767534 1.711945
v -0.205342 22.794617 1.773397
v -0.222212 22.795073 1.773390
v -0.205497 22.831934 1.824391
v -0.222089 22.832390 1.824390
v -0.205272 22.878519 1.867289
v -0.221571 22.878960 1.867298
v -0.205235 22.933895 1.904592
v -0.221321 22.934361 1.904618
v -0.206918 22.997311 1.938722
v -0.222910 22.997784 1.938771
v -0.210028 23.068041 1.972502
v -0.226681 23.068527 1.972561
v -0.210008 23.144175 2.007286
v -0.234589 23.144871 2.007346
v 0.166160 22.760292 1.713201
v 0.168043 22.743614 1.640033
v 0.185760 22.743567 1.640074
v 0.185981 22.760187 1.713310
v 0.185480 22.787140 1.774715
v 0.165462 22.787233 1.774609
v 0.185101 22.824430 1.825498
v 0.165245 22.824524 1.825402
v 0.185021 22.870958 1.868114
v 0.165367 22.871038 1.868034
v 0.185803 22.926352 1.905099
v 0.166314 22.926420 1.905028
v 0.189265 22.989700 1.938817
v 0.169836 22.989738 1.938758
v 0.195503 23.060240 1.972270
v 0.175758 23.060276 1.972227
v 0.205098 23.137045 2.006923
v 0.180235 23.137062 2.006910
v 0.220697 22.701797 1.742342
v 0.222921 22.685228 1.668741
v 0.240676 22.685225 1.668793
v 0.241280 22.701763 1.742464
v 0.240769 22.728933 1.803869
v 0.219984 22.728956 1.803750
v 0.240341 22.766048 1.854606
v 0.219696 22.766062 1.854495
v 0.240145 22.812717 1.897141
v 0.219706 22.812731 1.897044
v 0.240681 22.867867 1.933847
v 0.220471 22.867870 1.933767
v 0.244057 22.931154 1.967665
v 0.224028 22.931139 1.967597
v 0.250621 23.001852 2.000929
v 0.230552 23.001808 2.000873
v 0.261534 23.078405 2.035751
v 0.237101 23.078327 2.035711
v 0.275521 22.643801 1.771580
v 0.278083 22.627350 1.697767
v 0.295870 22.627401 1.697825
v 0.296896 22.643829 1.771711
v 0.296384 22.670835 1.833099
v 0.274819 22.670795 1.832970
v 0.295935 22.707954 1.883794
v 0.274472 22.707903 1.883675
v 0.295646 22.754629 1.926275
v 0.274368 22.754551 1.926165
v 0.295806 22.809692 1.962873
v 0.274787 22.809620 1.962783
v 0.298696 22.872890 1.996579
v 0.277955 22.872801 1.996504
v 0.305091 22.943525 2.029767
v 0.284511 22.943415 2.029709
v 0.316194 23.020096 2.064593
v 0.292317 23.019903 2.064518
v -0.206113 22.685572 1.122434
v -0.203857 22.668509 1.048792
v -0.186310 22.668255 1.048791
v -0.185830 22.685244 1.122443
v -0.186543 22.712675 1.183771
v -0.206634 22.713024 1.183764
v -0.187063 22.750332 1.234502
v -0.206721 22.750683 1.234498
v -0.187239 22.797079 1.277089
v -0.206533 22.797443 1.277089
v -0.187061 22.852507 1.313832
v -0.206076 22.852871 1.313839
v -0.186546 22.915480 1.347373
v -0.205384 22.915859 1.347386
v -0.185628 22.985222 1.379988
v -0.204573 22.985611 1.380010
v -0.182307 23.060635 1.413750
v -0.205737 23.061113 1.413783
v -0.290741 22.653679 1.145270
v -0.288491 22.636484 1.071905
v -0.270954 22.636196 1.071901
v -0.270622 22.653311 1.145265
v -0.271383 22.680820 1.206576
v -0.291309 22.681221 1.206582
v -0.271939 22.718548 1.257310
v -0.291412 22.718954 1.257318
v -0.272132 22.765343 1.299926
v -0.291209 22.765762 1.299937
v -0.271956 22.820805 1.336888
v -0.290703 22.821232 1.336904
v -0.271412 22.883814 1.370477
v -0.289928 22.884251 1.370498
v -0.270417 22.953566 1.403130
v -0.289016 22.954014 1.403157
v -0.266805 23.028889 1.436902
v -0.290214 23.029463 1.436943
v -0.375205 22.621984 1.168380
v -0.373097 22.604679 1.094784
v -0.355324 22.604343 1.094775
v -0.355284 22.621571 1.168362
v -0.356102 22.649204 1.229685
v -0.375808 22.649628 1.229706
v -0.356684 22.687002 1.280417
v -0.375937 22.687450 1.280439
v -0.356889 22.733885 1.323012
v -0.375727 22.734343 1.323035
v -0.356703 22.789415 1.359778
v -0.375179 22.789898 1.359804
v -0.356130 22.852474 1.393359
v -0.374330 22.852961 1.393388
v -0.355071 22.922249 1.426037
v -0.373314 22.922750 1.426069
v -0.351293 22.997549 1.459824
v -0.374428 22.998199 1.459873
v -0.394373 22.597401 1.581533
v -0.393014 22.579693 1.508559
v -0.375218 22.579185 1.508547
v -0.376378 22.596872 1.581504
v -0.377182 22.624189 1.642905
v -0.395184 22.624758 1.642935
v -0.377685 22.661533 1.693748
v -0.395332 22.662117 1.693779
v -0.377736 22.708313 1.736456
v -0.394967 22.708904 1.736488
v -0.377312 22.763453 1.773371
v -0.394123 22.764042 1.773406
v -0.376394 22.826303 1.807121
v -0.392840 22.826900 1.807160
v -0.374815 22.896025 1.839997
v -0.391418 22.896646 1.840039
v -0.369978 22.970737 1.873878
v -0.393019 22.971621 1.873949
v -0.295738 22.655418 1.523093
v -0.294417 22.637989 1.450204
v -0.276849 22.637568 1.450201
v -0.277866 22.654964 1.523088
v -0.278602 22.682339 1.584494
v -0.296513 22.682816 1.584502
v -0.279072 22.719593 1.635360
v -0.296647 22.720089 1.635370
v -0.279101 22.766293 1.678085
v -0.296310 22.766792 1.678099
v -0.278675 22.821352 1.715013
v -0.295543 22.821857 1.715032
v -0.277783 22.884174 1.748756
v -0.294391 22.884680 1.748782
v -0.276232 22.953903 1.781598
v -0.293113 22.954432 1.781632
v -0.271265 23.028679 1.815407
v -0.294623 23.029415 1.815467
v -0.197059 22.714109 1.464590
v -0.195800 22.696838 1.391879
v -0.178220 22.696503 1.391881
v -0.179057 22.713728 1.464607
v -0.179731 22.740850 1.525990
v -0.197768 22.741251 1.525976
v -0.180146 22.778206 1.576860
v -0.197890 22.778616 1.576851
v -0.180145 22.824884 1.619613
v -0.197602 22.825294 1.619610
v -0.179723 22.879934 1.656707
v -0.196943 22.880358 1.656713
v -0.178877 22.942770 1.690443
v -0.195955 22.943195 1.690459
v -0.177460 23.012575 1.723228
v -0.194863 23.013002 1.723255
v -0.172963 23.087559 1.757021
v -0.196350 23.088125 1.757066
v -0.316774 22.637461 0.641025
v -0.313311 22.620295 0.566509
v -0.295803 22.620117 0.566505
v -0.293511 22.637211 0.641018
v -0.294026 22.665075 0.702343
v -0.317072 22.665354 0.702351
v -0.294375 22.702971 0.752982
v -0.317148 22.703255 0.752991
v -0.294527 22.750343 0.795438
v -0.317025 22.750645 0.795449
v -0.294476 22.805979 0.831977
v -0.316718 22.806288 0.831990
v -0.294226 22.869349 0.865317
v -0.316246 22.869671 0.865332
v -0.293774 22.939667 0.897716
v -0.315633 22.940002 0.897734
v -0.292300 23.015526 0.931506
v -0.315750 23.015898 0.931529
v -0.232943 22.664986 0.728700
v -0.229636 22.647884 0.654295
v -0.212118 22.647705 0.654292
v -0.210045 22.664740 0.728700
v -0.210606 22.692495 0.790011
v -0.233239 22.692762 0.790012
v -0.210994 22.730270 0.840655
v -0.233297 22.730558 0.840658
v -0.211159 22.777546 0.883126
v -0.233156 22.777838 0.883131
v -0.211101 22.833071 0.919691
v -0.232833 22.833378 0.919700
v -0.210824 22.896347 0.953056
v -0.232345 22.896652 0.953069
v -0.210326 22.966579 0.985483
v -0.231724 22.966890 0.985500
v -0.208594 23.042316 1.019261
v -0.232049 23.042667 1.019283
v -0.149056 22.692354 0.816353
v -0.145946 22.675312 0.742077
v -0.128416 22.675144 0.742076
v -0.126588 22.692110 0.816361
v -0.127168 22.719746 0.877671
v -0.149373 22.720005 0.877664
v -0.127574 22.757408 0.928328
v -0.149431 22.757685 0.928323
v -0.127739 22.804554 0.970816
v -0.149292 22.804827 0.970815
v -0.127668 22.859985 1.007406
v -0.148967 22.860275 1.007410
v -0.127370 22.923178 1.040793
v -0.148473 22.923466 1.040801
v -0.126835 22.993326 1.073240
v -0.147856 22.993628 1.073256
v -0.124902 23.068966 1.107007
v -0.148363 23.069296 1.107027
v -0.163225 22.786989 0.268788
v -0.159926 22.770061 0.194401
v -0.142426 22.769962 0.194399
v -0.139724 22.786846 0.268784
v -0.139912 22.814758 0.330198
v -0.163412 22.814915 0.330203
v -0.139984 22.852688 0.380893
v -0.163480 22.853094 0.380898
v -0.139937 22.900131 0.423365
v -0.163431 22.900301 0.423372
v -0.139780 22.956093 0.460113
v -0.163267 22.956259 0.460121
v -0.139522 23.019554 0.493133
v -0.162996 23.019743 0.493143
v -0.139178 23.089777 0.525422
v -0.162632 23.089968 0.525433
v -0.138743 23.166233 0.559223
v -0.162205 23.166433 0.559237
v -0.104808 22.800985 0.387570
v -0.101721 22.783909 0.313195
v -0.083967 22.783800 0.313193
v -0.081301 22.800835 0.387567
v -0.081515 22.828659 0.448973
v -0.105022 22.828821 0.448976
v -0.081601 22.866510 0.499661
v -0.105100 22.866682 0.499665
v -0.081567 22.913898 0.542127
v -0.105035 22.914078 0.542132
v -0.081417 22.969551 0.578873
v -0.104841 22.969742 0.578880
v -0.081155 23.032970 0.612147
v -0.104530 23.033157 0.612156
v -0.080788 23.103399 0.644446
v -0.104121 23.103592 0.644458
v -0.080260 23.179548 0.678249
v -0.103720 23.179749 0.678263
v -0.046449 22.814552 0.506582
v -0.043317 22.797823 0.431972
v -0.025557 22.797718 0.431971
v -0.022934 22.814388 0.506581
v -0.023190 22.842138 0.567722
v -0.046671 22.842302 0.567722
v -0.023331 22.879923 0.618639
v -0.046726 22.880100 0.618639
v -0.023333 22.927246 0.660851
v -0.046623 22.927429 0.660853
v -0.023201 22.982845 0.697599
v -0.046390 22.983032 0.697603
v -0.022931 23.046455 0.730887
v -0.046041 23.046646 0.730895
v -0.022540 23.116589 0.763202
v -0.045601 23.116783 0.763215
v -0.021843 23.192921 0.797002
v -0.045302 23.193111 0.797016
v 0.135387 22.785509 0.268774
v 0.138668 22.768433 0.194389
v 0.156179 22.768379 0.194391
v 0.158904 22.785425 0.268776
v 0.158717 22.813244 0.330187
v 0.135199 22.813335 0.330184
v 0.158625 22.851101 0.380873
v 0.135108 22.851189 0.380871
v 0.158627 22.898472 0.423334
v 0.135113 22.898573 0.423333
v 0.158717 22.954128 0.460066
v 0.135207 22.954226 0.460066
v 0.158888 23.017540 0.493067
v 0.135385 23.017647 0.493069
v 0.159127 23.087976 0.525333
v 0.135633 23.088074 0.525336
v 0.159423 23.164146 0.559108
v 0.135939 23.164257 0.559113
v 0.074537 22.799736 0.387562
v 0.077864 22.782972 0.313188
v 0.095376 22.782898 0.313189
v 0.098056 22.799629 0.387563
v 0.097842 22.827394 0.448966
v 0.074322 22.827503 0.448965
v 0.097743 22.865444 0.499649
v 0.074225 22.865561 0.499649
v 0.097755 22.912527 0.542110
v 0.074241 22.912643 0.542110
v 0.097873 22.968386 0.578846
v 0.074370 22.968513 0.578847
v 0.098084 23.031771 0.612104
v 0.074600 23.031900 0.612107
v 0.098377 23.101927 0.644380
v 0.074916 23.102051 0.644386
v 0.098758 23.178320 0.678168
v 0.075282 23.178457 0.678176
v 0.013594 22.814169 0.506580
v 0.016971 22.797220 0.431969
v 0.034485 22.797127 0.431970
v 0.037114 22.814041 0.506580
v 0.036868 22.841759 0.567724
v 0.013361 22.841902 0.567723
v 0.036732 22.879507 0.618643
v 0.013288 22.879663 0.618640
v 0.036724 22.926811 0.660851
v 0.013369 22.926975 0.660850
v 0.036842 22.982397 0.697592
v 0.013575 22.982565 0.697594
v 0.037087 23.045757 0.730871
v 0.013890 23.045919 0.730876
v 0.037449 23.116117 0.763176
v 0.014296 23.116295 0.763185
v 0.038063 23.192215 0.796970
v 0.014597 23.192387 0.796981
v 0.278823 22.632992 0.641197
v 0.282284 22.616194 0.566609
v 0.299835 22.616156 0.566619
v 0.302399 22.632940 0.641212
v 0.302061 22.660528 0.702581
v 0.278492 22.660582 0.702564
v 0.301823 22.698162 0.753227
v 0.278296 22.698227 0.753208
v 0.301683 22.745335 0.795651
v 0.278230 22.745394 0.795631
v 0.301643 22.800783 0.832108
v 0.278278 22.800842 0.832089
v 0.301699 22.864000 0.865341
v 0.278422 22.864059 0.865327
v 0.301848 22.934229 0.897601
v 0.278645 22.934271 0.897592
v 0.302257 23.010153 0.931347
v 0.278714 23.010189 0.931339
v 0.193044 22.661375 0.728921
v 0.196516 22.644861 0.654377
v 0.214070 22.644793 0.654386
v 0.216525 22.661278 0.728941
v 0.216086 22.688828 0.790275
v 0.192734 22.688919 0.790251
v 0.215768 22.726416 0.840904
v 0.192583 22.726526 0.840879
v 0.215587 22.773540 0.883329
v 0.192572 22.773649 0.883307
v 0.215546 22.829197 0.919810
v 0.192685 22.829298 0.919792
v 0.215637 22.892368 0.953075
v 0.192903 22.892469 0.953063
v 0.215855 22.962305 0.985376
v 0.193205 22.962400 0.985371
v 0.216627 23.038385 1.019122
v 0.193094 23.038469 1.019117
v 0.107360 22.689875 0.816545
v 0.110670 22.673317 0.742132
v 0.128224 22.673229 0.742140
v 0.130395 22.689732 0.816571
v 0.129874 22.717234 0.877884
v 0.107046 22.717379 0.877857
v 0.129501 22.755016 0.928519
v 0.106928 22.755169 0.928493
v 0.129307 22.801847 0.970967
v 0.106961 22.802000 0.970945
v 0.129298 22.857449 1.007491
v 0.107137 22.857597 1.007475
v 0.129461 22.920574 1.040802
v 0.107434 22.920729 1.040793
v 0.129791 22.990479 1.073158
v 0.107827 22.990627 1.073157
v 0.131017 23.066444 1.106905
v 0.107500 23.066595 1.106905
v 0.338879 22.584932 1.583648
v 0.341557 22.568375 1.509620
v 0.359556 22.568436 1.509673
v 0.360988 22.584982 1.583763
v 0.360419 22.612022 1.645111
v 0.338221 22.611946 1.644997
v 0.359923 22.649124 1.695760
v 0.337820 22.649042 1.695652
v 0.359571 22.695761 1.738198
v 0.337573 22.695654 1.738098
v 0.359363 22.750708 1.774699
v 0.337466 22.750597 1.774611
v 0.359293 22.813457 1.807967
v 0.337493 22.813334 1.807894
v 0.359398 22.883257 1.840284
v 0.337643 22.883110 1.840226
v 0.360924 22.958757 1.874007
v 0.337177 22.958563 1.873945
v 0.242491 22.646160 1.524625
v 0.245027 22.629713 1.450856
v 0.262739 22.629707 1.450898
v 0.263628 22.646112 1.524729
v 0.263024 22.673075 1.586088
v 0.241784 22.673105 1.585985
v 0.262516 22.710138 1.636778
v 0.241422 22.710167 1.636683
v 0.262219 22.756739 1.679272
v 0.241261 22.756754 1.679187
v 0.262127 22.811716 1.715854
v 0.241290 22.811728 1.715785
v 0.262238 22.874701 1.749211
v 0.241494 22.874697 1.749157
v 0.262582 22.944342 1.781622
v 0.241815 22.944332 1.781586
v 0.264484 23.020008 1.815328
v 0.240797 23.019943 1.815286
v 0.146772 22.707947 1.465505
v 0.148695 22.691336 1.392202
v 0.166617 22.691256 1.392233
v 0.166813 22.707819 1.465590
v 0.166189 22.734774 1.526948
v 0.146085 22.734907 1.526865
v 0.165712 22.772038 1.577688
v 0.145792 22.772160 1.577613
v 0.165509 22.818462 1.620265
v 0.145740 22.818583 1.620202
v 0.165573 22.873663 1.657148
v 0.145918 22.873770 1.657098
v 0.165897 22.936483 1.690615
v 0.146303 22.936596 1.690582
v 0.166528 23.006184 1.723120
v 0.146805 23.006277 1.723106
v 0.169038 23.081818 1.756854
v 0.145700 23.081892 1.756838
v 0.159893 22.680887 1.123012
v 0.162499 22.664368 1.048974
v 0.180354 22.664286 1.048993
v 0.181519 22.680754 1.123068
v 0.180896 22.707983 1.184385
v 0.159415 22.708105 1.184329
v 0.180410 22.745283 1.235044
v 0.159216 22.745413 1.234993
v 0.180149 22.792103 1.277526
v 0.159198 22.792227 1.277482
v 0.180112 22.847265 1.314108
v 0.159342 22.847380 1.314074
v 0.180295 22.910400 1.347472
v 0.159628 22.910513 1.347450
v 0.180707 22.980137 1.379886
v 0.160003 22.980247 1.379877
v 0.182507 23.055853 1.413606
v 0.159195 23.055950 1.413597
v 0.244567 22.646795 1.146121
v 0.247588 22.630125 1.072215
v 0.265208 22.630087 1.072237
v 0.266850 22.646713 1.146183
v 0.266252 22.673939 1.207492
v 0.244075 22.674009 1.207428
v 0.265769 22.711231 1.258133
v 0.243835 22.711304 1.258072
v 0.265474 22.758045 1.300595
v 0.243757 22.758099 1.300541
v 0.265365 22.813171 1.337359
v 0.243819 22.813227 1.337314
v 0.265442 22.876080 1.370687
v 0.244007 22.876135 1.370654
v 0.265714 22.946009 1.403050
v 0.244280 22.946043 1.403030
v 0.267149 23.021521 1.436757
v 0.243544 23.021532 1.436735
v 0.329363 22.612686 1.169500
v 0.332559 22.596354 1.095240
v 0.350193 22.596352 1.095267
v 0.352076 22.612677 1.169568
v 0.351513 22.639908 1.230887
v 0.328875 22.639917 1.230817
v 0.351052 22.677441 1.281514
v 0.328602 22.677441 1.281448
v 0.350744 22.724257 1.323941
v 0.328469 22.724257 1.323879
v 0.350586 22.779398 1.360435
v 0.328462 22.779387 1.360382
v 0.350577 22.842302 1.393708
v 0.328559 22.842283 1.393665
v 0.350721 22.912226 1.426019
v 0.328733 22.912182 1.425989
v 0.351763 22.987783 1.459715
v 0.328121 22.987713 1.459682
v -0.390026 23.314013 2.616881
v -0.381726 23.292646 2.545688
v -0.359564 23.292116 2.546211
v -0.374957 23.313742 2.617211
v -0.386230 23.343163 2.678906
v -0.400880 23.343378 2.678550
v -0.396693 23.382128 2.730248
v -0.411413 23.382309 2.729830
v -0.406811 23.430285 2.773175
v -0.421774 23.430464 2.772675
v -0.416874 23.486788 2.809989
v -0.432279 23.487034 2.809400
v -0.428099 23.551413 2.842849
v -0.444048 23.552170 2.842324
v -0.440781 23.626503 2.874701
v -0.456305 23.630814 2.875650
v -0.445255 23.716049 2.910643
v -0.459748 23.738092 2.919602
v -0.426710 23.511831 2.727949
v -0.421992 23.491846 2.657886
v -0.398409 23.491407 2.658802
v -0.410608 23.511602 2.728546
v -0.417794 23.539591 2.789209
v -0.433761 23.539846 2.788577
v -0.425423 23.577747 2.839429
v -0.441738 23.578390 2.838830
v -0.434975 23.629547 2.882038
v -0.450217 23.632408 2.882340
v -0.443592 23.709366 2.925001
v -0.453975 23.718908 2.928376
v -0.462350 23.829103 2.972553
v -0.471356 23.837692 2.975598
v -0.505378 23.940731 3.008630
v -0.514262 23.922144 3.002789
v -0.555573 24.013206 3.027960
v -0.568469 23.914892 2.997104
v 0.674323 24.054754 3.031521
v 0.669420 24.134687 3.025177
v 0.646425 24.133781 3.027717
v 0.654892 24.053551 3.034769
v 0.657735 23.983074 3.028668
v 0.674214 23.984566 3.025150
v 0.656721 23.916420 3.005321
v 0.669154 23.920641 3.003509
v 0.670204 23.822943 2.950108
v 0.677519 23.836193 2.954108
v 0.657865 23.737009 2.887241
v 0.669154 23.750715 2.892334
v 0.624638 23.706514 2.851564
v 0.646369 23.710932 2.851783
v 0.594022 23.694485 2.824076
v 0.625944 23.694355 2.822061
v 0.600499 23.668642 2.788234
v 0.632865 23.673868 2.789021
v -0.136129 23.284893 2.725893
v -0.138709 23.263153 2.655755
v -0.114150 23.262714 2.656076
v -0.122721 23.284693 2.726043
v -0.125900 23.313726 2.787956
v -0.138109 23.313885 2.787833
v -0.128037 23.352097 2.840100
v -0.140497 23.352240 2.839976
v -0.129881 23.399632 2.883879
v -0.142977 23.399788 2.883750
v -0.131767 23.455408 2.921540
v -0.145959 23.455564 2.921395
v -0.133996 23.518318 2.955244
v -0.150149 23.518497 2.955068
v -0.135376 23.587025 2.987033
v -0.156553 23.587296 2.986774
v -0.128732 23.659487 3.018474
v -0.171528 23.660114 3.017825
v -0.149230 23.498302 2.835640
v -0.155451 23.478331 2.766507
v -0.125944 23.477915 2.766815
v -0.133002 23.498108 2.835776
v -0.133853 23.525030 2.896761
v -0.149325 23.525190 2.896642
v -0.134231 23.560949 2.947785
v -0.151064 23.561129 2.947636
v -0.134772 23.605762 2.990207
v -0.153682 23.605988 2.990006
v -0.136120 23.658615 3.026031
v -0.157827 23.658924 3.025689
v -0.138991 23.718309 3.057630
v -0.163902 23.718645 3.057051
v -0.136214 23.781672 3.088724
v -0.164533 23.781569 3.088113
v -0.097847 23.842951 3.126321
v -0.134450 23.841089 3.127719
v 0.383972 23.906401 3.046172
v 0.417072 23.980175 3.061511
v 0.344042 23.995281 3.064736
v 0.278744 23.962606 3.072769
v 0.277523 23.897543 3.062200
v 0.307528 23.852144 3.037222
v 0.231667 23.834240 3.046848
v 0.238987 23.809887 3.032313
v 0.191757 23.795744 3.033760
v 0.199847 23.782701 3.024519
v 0.176901 23.736593 2.990076
v 0.189567 23.733263 2.986467
v 0.180689 23.672449 2.931284
v 0.198781 23.671850 2.929764
v 0.176103 23.618689 2.872620
v 0.196121 23.618540 2.871580
v 0.166542 23.566416 2.813264
v 0.202672 23.566185 2.811767
v -0.622714 24.091118 3.015167
v -0.625895 24.139015 2.999288
v -0.645197 24.130363 2.998267
v -0.632255 24.081305 3.012682
v -0.613904 24.035755 3.020541
v -0.606956 24.051773 3.025107
v -0.590960 23.985880 3.014238
v -0.585305 24.010759 3.021504
v -0.565892 23.944378 2.996801
v -0.558584 23.973019 3.005694
v -0.531959 23.918289 2.973744
v -0.523313 23.935404 2.979243
v -0.500405 23.860703 2.930783
v -0.489746 23.861794 2.931297
v -0.482234 23.770044 2.867571
v -0.467168 23.766094 2.866842
v -0.480174 23.687628 2.800169
v -0.445779 23.686825 2.802471
v 0.382089 23.499680 2.730081
v 0.371171 23.480379 2.659404
v 0.395655 23.480343 2.658385
v 0.404418 23.499121 2.729316
v 0.415403 23.525043 2.788543
v 0.387859 23.526695 2.789494
v 0.424647 23.561689 2.836816
v 0.392809 23.564327 2.838184
v 0.420193 23.619074 2.882089
v 0.394628 23.621489 2.883987
v 0.435249 23.699612 2.930379
v 0.415013 23.706438 2.935969
v 0.532648 23.723211 2.938330
v 0.521133 23.747480 2.955925
v 0.609600 23.709206 2.918019
v 0.605195 23.728830 2.933739
v 0.656916 23.768106 2.942555
v 0.647995 23.774187 2.951185
v 0.335909 23.299589 2.620263
v 0.320705 23.278954 2.548459
v 0.343770 23.278946 2.547864
v 0.354279 23.299414 2.619904
v 0.366708 23.328798 2.681590
v 0.348398 23.328997 2.681992
v 0.379151 23.368073 2.732769
v 0.360545 23.368265 2.733245
v 0.391343 23.416346 2.775215
v 0.371685 23.416567 2.775706
v 0.402693 23.472662 2.810841
v 0.380302 23.473114 2.811287
v 0.417803 23.535681 2.841617
v 0.390444 23.537483 2.842762
v 0.430312 23.612638 2.874319
v 0.403122 23.617046 2.877643
v 0.442517 23.723364 2.922631
v 0.413649 23.741037 2.935898
v 0.158935 23.788519 2.970487
v 0.148568 23.746571 2.888726
v 0.181178 23.746971 2.887425
v 0.175864 23.789711 2.969331
v 0.195906 23.835855 3.033837
v 0.181658 23.845001 3.042164
v 0.225034 23.872738 3.070573
v 0.200041 23.888760 3.084054
v 0.181465 23.930580 3.105567
v 0.123963 23.917299 3.101555
v 0.117786 23.966885 3.126320
v 0.073547 23.961790 3.127890
v 0.148987 24.012346 3.161239
v 0.095283 24.011902 3.162652
v 0.204585 24.058527 3.198449
v 0.145083 24.061922 3.200050
v 0.207937 24.126123 3.232332
v 0.163351 24.126686 3.235400
v 0.096678 23.494770 2.833557
v 0.096585 23.474688 2.766229
v 0.124665 23.474476 2.765467
v 0.111282 23.494616 2.832922
v 0.105844 23.521753 2.892351
v 0.092909 23.521885 2.893166
v 0.106140 23.558153 2.942696
v 0.092629 23.558205 2.943643
v 0.112516 23.604681 2.986360
v 0.097535 23.604261 2.987149
v 0.125555 23.666075 3.027961
v 0.109033 23.663597 3.027774
v 0.150027 23.753439 3.074369
v 0.132491 23.746435 3.072275
v 0.188628 23.841402 3.106074
v 0.159986 23.841564 3.110251
v 0.153679 23.916159 3.119424
v 0.082070 23.886911 3.108997
v 0.084950 23.280783 2.725945
v 0.075071 23.258986 2.655893
v 0.099795 23.258810 2.655524
v 0.098610 23.280649 2.725779
v 0.102130 23.309702 2.787665
v 0.089718 23.309837 2.787817
v 0.105329 23.348124 2.839471
v 0.092960 23.348261 2.839692
v 0.106126 23.395748 2.882279
v 0.093883 23.395887 2.882682
v 0.104888 23.451658 2.918349
v 0.092623 23.451765 2.918997
v 0.105551 23.514774 2.950618
v 0.092428 23.514818 2.951491
v 0.112786 23.584198 2.982224
v 0.096051 23.583828 2.983175
v 0.131672 23.659138 3.015386
v 0.098557 23.656811 3.016309
v -0.601736 23.343164 2.519425
v -0.584845 23.323137 2.447642
v -0.567106 23.322723 2.448004
v -0.586357 23.342958 2.519695
v -0.602642 23.372156 2.580699
v -0.618154 23.372278 2.580374
v -0.617433 23.411222 2.631033
v -0.632966 23.411293 2.630636
v -0.630866 23.459282 2.672631
v -0.646510 23.459303 2.672152
v -0.644236 23.515858 2.707695
v -0.660098 23.515865 2.707120
v -0.659781 23.580233 2.737839
v -0.676062 23.580252 2.737124
v -0.678862 23.651297 2.764812
v -0.695971 23.651478 2.763947
v -0.697263 23.726084 2.790856
v -0.720868 23.727324 2.789728
v -0.644769 23.527143 2.619278
v -0.629362 23.508070 2.548862
v -0.611412 23.507839 2.549436
v -0.628604 23.527113 2.619740
v -0.642473 23.555500 2.679180
v -0.658825 23.555502 2.678636
v -0.656617 23.593969 2.727273
v -0.673115 23.593971 2.726612
v -0.672168 23.641241 2.765637
v -0.688980 23.641413 2.764859
v -0.687434 23.693893 2.796322
v -0.705342 23.695196 2.795542
v -0.698497 23.743866 2.820437
v -0.718124 23.747982 2.820057
v -0.720363 23.801746 2.841402
v -0.738582 23.808271 2.842143
v -0.747706 23.882273 2.867179
v -0.767777 23.890778 2.869328
v 0.855736 24.143208 3.000489
v 0.850384 24.215796 2.992762
v 0.830672 24.215944 2.993105
v 0.831160 24.143295 3.000835
v 0.827698 24.078737 2.994670
v 0.853508 24.078690 2.994394
v 0.817471 24.020676 2.974773
v 0.842550 24.020771 2.974558
v 0.795952 23.967524 2.944355
v 0.819405 23.967840 2.944067
v 0.771658 23.917616 2.905381
v 0.792480 23.917612 2.904828
v 0.752441 23.868322 2.860137
v 0.770977 23.868019 2.859375
v 0.734770 23.818026 2.810298
v 0.752793 23.817356 2.809085
v 0.718028 23.767853 2.758846
v 0.735770 23.765478 2.756387
v -0.871014 24.154974 2.997728
v -0.897562 24.226372 2.993883
v -0.925231 24.228607 2.993561
v -0.889685 24.156502 2.997791
v -0.849953 24.090101 2.990972
v -0.835516 24.088623 2.990805
v -0.822347 24.030079 2.971879
v -0.810571 24.028395 2.971637
v -0.808965 23.974884 2.942191
v -0.798091 23.972376 2.941624
v -0.800389 23.921289 2.903351
v -0.788924 23.916981 2.902210
v -0.788285 23.872129 2.858912
v -0.774773 23.867168 2.857878
v -0.773407 23.826200 2.810099
v -0.758022 23.823923 2.810167
v -0.757022 23.773685 2.756146
v -0.736086 23.772699 2.757080
v 0.607256 23.511055 2.619244
v 0.590866 23.492504 2.547200
v 0.609097 23.492426 2.546558
v 0.628276 23.510836 2.618441
v 0.652379 23.541567 2.679285
v 0.635315 23.542006 2.680495
v 0.685587 23.585499 2.730756
v 0.672343 23.586149 2.732389
v 0.709517 23.638155 2.771449
v 0.697632 23.638947 2.773333
v 0.720571 23.692720 2.800549
v 0.707381 23.691422 2.801128
v 0.726995 23.749823 2.822152
v 0.712029 23.746258 2.821250
v 0.738808 23.817467 2.845448
v 0.720899 23.814602 2.844807
v 0.758643 23.892214 2.872111
v 0.735592 23.892216 2.873282
v 0.553814 23.323389 2.519520
v 0.535939 23.304346 2.446341
v 0.554577 23.304380 2.445904
v 0.574764 23.323303 2.519035
v 0.592643 23.352676 2.580030
v 0.571430 23.352831 2.580604
v 0.609276 23.392223 2.629760
v 0.588107 23.392403 2.630430
v 0.624971 23.440853 2.670885
v 0.604142 23.441093 2.671662
v 0.645012 23.499056 2.706326
v 0.626864 23.499521 2.707443
v 0.683002 23.569595 2.740205
v 0.669523 23.570284 2.741811
v 0.712463 23.646254 2.769989
v 0.700645 23.647259 2.771995
v 0.725540 23.720924 2.793733
v 0.710030 23.720339 2.794914
v 1.200502 25.248087 3.379270
v 1.170751 25.312529 3.353308
v 1.163030 25.313400 3.353024
v 1.192591 25.249842 3.378290
v 1.204090 25.183256 3.390909
v 1.210660 25.181385 3.392267
v 1.199263 25.112797 3.391942
v 1.205430 25.111053 3.393454
v 1.178802 25.037773 3.383295
v 1.185453 25.036282 3.384757
v 1.143148 24.958412 3.366572
v 1.151080 24.957203 3.367787
v 1.094493 24.876583 3.344211
v 1.104413 24.875656 3.345002
v 1.036801 24.794123 3.317308
v 1.049445 24.793583 3.317518
v 0.973293 24.712355 3.287120
v 0.991338 24.712378 3.286482
v 1.045594 24.846338 3.232015
v 1.048528 24.921366 3.201207
v 1.038782 24.921398 3.200735
v 1.033015 24.846506 3.231487
v 1.010366 24.775255 3.250016
v 1.024318 24.775270 3.250197
v 0.977968 24.708714 3.255835
v 0.993827 24.709017 3.255590
v 0.945778 24.646759 3.248516
v 0.963121 24.646822 3.248056
v 0.917990 24.586147 3.230064
v 0.937225 24.586084 3.229342
v 0.916165 24.524952 3.204658
v 0.938783 24.524792 3.203650
v 0.933015 24.461266 3.174952
v 0.958363 24.461138 3.173608
v 0.929559 24.394289 3.143776
v 0.958646 24.393784 3.141309
v 0.946533 24.513256 3.087938
v 0.885280 24.580605 3.058468
v 0.864819 24.580757 3.059365
v 0.921936 24.513447 3.088864
v 0.954784 24.450756 3.106402
v 0.978736 24.450632 3.105417
v 0.947533 24.390650 3.110645
v 0.974114 24.390554 3.109473
v 0.899477 24.331940 3.101887
v 0.928573 24.331638 3.100329
v 0.824671 24.272018 3.080374
v 0.854471 24.271915 3.078920
v 0.775727 24.210121 3.051822
v 0.802572 24.210316 3.050529
v 0.761553 24.145264 3.019394
v 0.790271 24.145639 3.018212
v 0.754839 24.075037 2.982261
v 0.788790 24.076363 2.981211
v 0.695014 25.035322 3.530793
v 0.745750 25.107748 3.496261
v 0.660665 25.104591 3.506413
v 0.630083 25.033915 3.537384
v 0.583006 24.965742 3.555537
v 0.637648 24.966286 3.550725
v 0.537481 24.899889 3.558485
v 0.582521 24.899860 3.554600
v 0.501025 24.835218 3.550133
v 0.536157 24.834879 3.547286
v 0.471986 24.770365 3.531566
v 0.499509 24.769939 3.529708
v 0.439072 24.703333 3.504491
v 0.466348 24.703791 3.502841
v 0.396401 24.624567 3.469595
v 0.433759 24.633738 3.469999
v 0.341194 24.501272 3.418766
v 0.408462 24.559357 3.433012
v 0.513325 24.671095 3.380204
v 0.566196 24.738611 3.346895
v 0.502717 24.740273 3.352798
v 0.466859 24.671213 3.383291
v 0.413816 24.594515 3.399141
v 0.455132 24.602711 3.399360
v 0.341116 24.495464 3.394432
v 0.392342 24.523258 3.400325
v 0.253338 24.424629 3.379338
v 0.328901 24.444218 3.384624
v 0.218587 24.398071 3.359854
v 0.293463 24.398952 3.362040
v 0.242057 24.360126 3.336408
v 0.329060 24.356216 3.345772
v 0.253817 24.294121 3.328317
v 0.352984 24.293745 3.335985
v 0.213895 24.221066 3.294189
v 0.291488 24.220890 3.297313
v 0.387434 24.331478 3.258686
v 0.363573 24.401039 3.213133
v 0.309739 24.401642 3.215329
v 0.299868 24.330908 3.251949
v 0.267057 24.264521 3.270552
v 0.367817 24.265232 3.278785
v 0.231656 24.200394 3.269798
v 0.300232 24.200422 3.272041
v 0.223117 24.136894 3.257127
v 0.269737 24.137516 3.255967
v 0.239079 24.073231 3.234755
v 0.296080 24.069519 3.232072
v 0.228473 24.021650 3.200225
v 0.327692 24.004747 3.194391
v 0.177639 23.981089 3.159056
v 0.308391 23.958544 3.150992
v 0.189323 23.942801 3.131186
v 0.325845 23.883478 3.098007
v -0.932840 24.531782 3.065952
v -0.881544 24.593605 3.048630
v -0.901673 24.592621 3.047816
v -0.956320 24.531952 3.066245
v -0.961193 24.469151 3.078298
v -0.936958 24.467789 3.077664
v -0.922490 24.403757 3.083595
v -0.902574 24.402098 3.083198
v -0.887120 24.338602 3.081438
v -0.870726 24.336481 3.080977
v -0.862661 24.271971 3.068200
v -0.847410 24.269220 3.067325
v -0.835409 24.206642 3.044108
v -0.819868 24.203640 3.043144
v -0.799805 24.142199 3.013638
v -0.784752 24.138292 3.012443
v -0.772376 24.076000 2.979170
v -0.749054 24.066757 2.976328
v -1.028249 24.849928 3.232460
v -1.033319 24.924940 3.201948
v -1.043232 24.924936 3.202425
v -1.040485 24.849813 3.233094
v -1.029776 24.776979 3.248537
v -1.018581 24.777252 3.248010
v -1.030023 24.711903 3.245664
v -1.019357 24.713017 3.245070
v -1.030506 24.655180 3.224486
v -1.020042 24.657734 3.223556
v -1.040342 24.603102 3.193141
v -1.027770 24.605761 3.191591
v -1.055012 24.550974 3.161363
v -1.037342 24.552618 3.159662
v -1.023554 24.487225 3.133104
v -0.998996 24.486643 3.132159
v -0.925635 24.407089 3.108097
v -0.887372 24.404341 3.108754
v -1.187967 25.252140 3.378770
v -1.158436 25.315645 3.353722
v -1.166279 25.314768 3.354010
v -1.195758 25.250448 3.379735
v -1.205975 25.183889 3.393040
v -1.199491 25.185703 3.391709
v -1.200639 25.113682 3.394319
v -1.194537 25.115381 3.392831
v -1.180356 25.039028 3.385650
v -1.173840 25.040447 3.384227
v -1.145450 24.960148 3.368708
v -1.137884 24.961227 3.367559
v -1.097262 24.878168 3.346061
v -1.088307 24.878656 3.345298
v -1.055751 24.788929 3.315218
v -1.046563 24.791227 3.315411
v -1.033188 24.716063 3.279960
v -1.019988 24.719288 3.280634
v -0.287551 24.358198 3.226813
v -0.312951 24.410133 3.209605
v -0.359328 24.418587 3.205000
v -0.323001 24.358055 3.222309
v -0.287772 24.300634 3.229422
v -0.249513 24.305145 3.237017
v -0.266385 24.238892 3.235430
v -0.230300 24.242807 3.244677
v -0.267396 24.162977 3.235154
v -0.235400 24.165125 3.243116
v -0.270877 24.075132 3.222372
v -0.243858 24.074081 3.227674
v -0.245815 23.984911 3.202855
v -0.213317 23.982374 3.207098
v -0.190620 23.912092 3.182605
v -0.146688 23.914011 3.187459
v -0.214724 23.854528 3.144630
v -0.141142 23.853849 3.151645
v -0.482671 24.632851 3.365373
v -0.543264 24.714573 3.335099
v -0.599028 24.712288 3.332284
v -0.516802 24.623739 3.361393
v -0.417185 24.583065 3.399987
v -0.391113 24.590673 3.401119
v -0.349436 24.536980 3.416445
v -0.327833 24.534754 3.413945
v -0.320096 24.482431 3.410007
v -0.301584 24.477150 3.407385
v -0.309402 24.428528 3.389259
v -0.291818 24.421997 3.386390
v -0.300683 24.377670 3.358621
v -0.279987 24.373407 3.357910
v -0.278135 24.329468 3.315377
v -0.249076 24.329645 3.320246
v -0.250061 24.273561 3.263963
v -0.198380 24.272173 3.279526
v -0.595411 24.996510 3.528537
v -0.655090 25.102749 3.506207
v -0.740112 25.105377 3.495879
v -0.712395 25.027222 3.522886
v -0.641452 24.968498 3.548796
v -0.516561 24.917957 3.544414
v -0.550234 24.895144 3.555023
v -0.469862 24.858997 3.548226
v -0.535709 24.817991 3.535803
v -0.480002 24.796858 3.531765
v -0.581513 24.718775 3.492969
v -0.541052 24.703995 3.490400
v -0.559299 24.622738 3.455428
v -0.519717 24.618660 3.456573
v -0.450165 24.583855 3.448583
v -0.409297 24.595049 3.452335
v -0.349819 24.559641 3.445081
v -0.297161 24.549156 3.435803
v 0.996406 24.593649 3.092513
v 0.971887 24.662319 3.066098
v 0.959146 24.662207 3.065441
v 0.982723 24.593582 3.091511
v 1.010419 24.530350 3.106557
v 1.021265 24.530367 3.107487
v 1.030386 24.470325 3.109960
v 1.039355 24.470297 3.110772
v 1.033797 24.411779 3.102143
v 1.042428 24.411688 3.102820
v 1.012167 24.352928 3.083011
v 1.022832 24.352816 3.083622
v 0.958854 24.292004 3.054292
v 0.973805 24.291958 3.054955
v 0.903441 24.227823 3.019566
v 0.920774 24.227833 3.020140
v 0.894664 24.159212 2.983278
v 0.914424 24.159204 2.983647
v 1.113709 24.930214 3.233728
v 1.108819 25.006758 3.204625
v 1.102627 25.006708 3.202683
v 1.105882 24.930199 3.231214
v 1.092874 24.857241 3.247410
v 1.101313 24.857384 3.249696
v 1.070645 24.788767 3.250850
v 1.080251 24.789133 3.252773
v 1.043306 24.723221 3.242949
v 1.054336 24.723454 3.244507
v 1.016563 24.659529 3.224329
v 1.029298 24.659620 3.225536
v 0.995879 24.596413 3.196388
v 1.009875 24.596390 3.197318
v 1.001443 24.532078 3.164140
v 1.013355 24.532022 3.164786
v 1.019718 24.464676 3.130065
v 1.030391 24.464638 3.130434
v 1.209319 25.304052 3.377426
v 1.177046 25.368200 3.352137
v 1.171267 25.369112 3.350595
v 1.203280 25.305891 3.374872
v 1.219192 25.242338 3.386517
v 1.224195 25.240221 3.389382
v 1.221987 25.176517 3.386360
v 1.226446 25.174435 3.389408
v 1.212291 25.106066 3.375506
v 1.216696 25.104227 3.378619
v 1.190021 25.030165 3.356688
v 1.194909 25.028698 3.359708
v 1.155350 24.949413 3.331353
v 1.161336 24.948406 3.334067
v 1.110975 24.866070 3.302098
v 1.118705 24.865583 3.304303
v 1.061900 24.782745 3.269398
v 1.072757 24.782974 3.271015
v -1.209007 25.283821 3.376858
v -1.181493 25.348269 3.351365
v -1.186397 25.347311 3.353314
v -1.214188 25.282042 3.379855
v -1.225612 25.217325 3.392975
v -1.221230 25.219297 3.389748
v -1.224540 25.150059 3.393565
v -1.220519 25.151960 3.390222
v -1.211747 25.078928 3.383465
v -1.207633 25.080551 3.380122
v -1.187533 25.003309 3.364938
v -1.182866 25.004557 3.361760
v -1.152826 24.923702 3.339695
v -1.147075 24.924486 3.336882
v -1.110602 24.841562 3.309271
v -1.103202 24.841562 3.306915
v -1.078290 24.758181 3.273490
v -1.069445 24.757364 3.271283
v -1.102134 24.907782 3.235879
v -1.100960 24.983986 3.206741
v -1.106808 24.984148 3.208806
v -1.109881 24.907970 3.238589
v -1.097400 24.836370 3.254534
v -1.089046 24.836008 3.252052
v -1.082767 24.767885 3.256454
v -1.074794 24.767273 3.254012
v -1.078025 24.704096 3.242233
v -1.070150 24.703812 3.239652
v -1.077453 24.643463 3.213476
v -1.069876 24.643087 3.210344
v -1.098657 24.590065 3.179935
v -1.091088 24.590208 3.176529
v -1.116801 24.536535 3.146685
v -1.108546 24.536924 3.143482
v -1.096745 24.472771 3.115513
v -1.082712 24.472281 3.112167
v -1.057156 24.589546 3.083610
v -0.993224 24.646767 3.061520
v -1.005568 24.647371 3.062868
v -1.069436 24.590075 3.086095
v -1.104090 24.535788 3.099117
v -1.093377 24.535583 3.096310
v -1.099021 24.477915 3.101145
v -1.087928 24.477558 3.098398
v -1.057109 24.412142 3.092817
v -1.045462 24.411594 3.090551
v -1.021837 24.345407 3.076503
v -1.011343 24.345341 3.075107
v -1.009945 24.281147 3.052396
v -0.999935 24.281414 3.051610
v -1.006231 24.217508 3.020149
v -0.994447 24.217825 3.019684
v -0.977292 24.149822 2.984452
v -0.956558 24.150183 2.984148
v -0.156316 23.126553 2.549093
v -0.158303 23.105434 2.475716
v -0.136741 23.105021 2.475770
v -0.141988 23.126324 2.549117
v -0.144278 23.156012 2.613202
v -0.157726 23.156218 2.613152
v -0.147641 23.195768 2.667114
v -0.160597 23.195961 2.667017
v -0.152680 23.245092 2.712608
v -0.165266 23.245275 2.712460
v -0.158990 23.302929 2.751944
v -0.171551 23.303118 2.751760
v -0.165294 23.368233 2.787267
v -0.178690 23.368427 2.787058
v -0.169390 23.439714 2.820700
v -0.186985 23.439960 2.820434
v -0.164220 23.515059 2.853987
v -0.203157 23.515610 2.853429
v -0.287481 23.178988 2.566692
v -0.284366 23.157639 2.494009
v -0.262617 23.157122 2.494214
v -0.272820 23.178688 2.566833
v -0.280447 23.208467 2.629955
v -0.294450 23.208710 2.629779
v -0.289062 23.248161 2.682716
v -0.302790 23.248384 2.682486
v -0.298963 23.297304 2.727135
v -0.312542 23.297512 2.726844
v -0.309775 23.354839 2.765376
v -0.323474 23.355043 2.765012
v -0.320732 23.419685 2.799727
v -0.335117 23.419897 2.799272
v -0.330254 23.490671 2.832428
v -0.347798 23.490946 2.831796
v -0.332444 23.565765 2.865207
v -0.367545 23.566401 2.863842
v -0.071032 23.149841 2.578403
v -0.074987 23.128393 2.505598
v -0.052943 23.128046 2.505608
v -0.057188 23.149641 2.578408
v -0.057896 23.179426 2.642364
v -0.070575 23.179604 2.642346
v -0.058795 23.219110 2.696177
v -0.071032 23.219276 2.696134
v -0.060067 23.268164 2.741543
v -0.072178 23.268324 2.741489
v -0.061234 23.325748 2.780670
v -0.073581 23.325907 2.780617
v -0.061779 23.390831 2.815789
v -0.075184 23.391001 2.815733
v -0.060262 23.461914 2.848981
v -0.078348 23.462122 2.848909
v -0.049603 23.536980 2.881935
v -0.090546 23.537428 2.881773
v -0.102972 23.165686 2.635505
v -0.106635 23.144041 2.563425
v -0.084420 23.143684 2.563455
v -0.089511 23.165497 2.635532
v -0.091232 23.195086 2.698906
v -0.103606 23.195261 2.698852
v -0.093373 23.234413 2.752322
v -0.105471 23.234575 2.752237
v -0.095981 23.283144 2.797320
v -0.108094 23.283306 2.797220
v -0.098500 23.340326 2.836086
v -0.110985 23.340481 2.835984
v -0.100432 23.404881 2.870869
v -0.114093 23.405039 2.870759
v -0.100632 23.475487 2.903858
v -0.118916 23.475704 2.903716
v -0.092468 23.549915 2.936680
v -0.132914 23.550379 2.936368
v 0.227363 23.167479 2.568314
v 0.217015 23.146635 2.495314
v 0.239166 23.146553 2.495079
v 0.243956 23.167315 2.568191
v 0.252374 23.197060 2.631331
v 0.236362 23.197235 2.631491
v 0.262628 23.236893 2.683886
v 0.246932 23.237072 2.684122
v 0.274649 23.285997 2.727944
v 0.258947 23.286167 2.728261
v 0.287249 23.343590 2.765660
v 0.270979 23.343742 2.766029
v 0.296948 23.408705 2.798689
v 0.279165 23.408838 2.799021
v 0.302493 23.479986 2.828792
v 0.280574 23.480078 2.829023
v 0.315289 23.555740 2.858586
v 0.273210 23.555738 2.858680
v 0.091192 23.122742 2.553963
v 0.085054 23.101498 2.480525
v 0.107178 23.101297 2.480452
v 0.106033 23.122555 2.553954
v 0.108708 23.152269 2.617886
v 0.094961 23.152439 2.617923
v 0.113379 23.192123 2.671550
v 0.100235 23.192276 2.671648
v 0.120242 23.241436 2.716889
v 0.107467 23.241571 2.717048
v 0.128622 23.299210 2.756062
v 0.115848 23.299339 2.756281
v 0.136109 23.364431 2.790842
v 0.122782 23.364561 2.791177
v 0.139868 23.435896 2.822510
v 0.123777 23.436041 2.823226
v 0.145960 23.511576 2.852531
v 0.113246 23.511833 2.854558
v 0.046483 23.162615 2.635460
v 0.040004 23.140951 2.563343
v 0.062664 23.140699 2.563285
v 0.060091 23.162451 2.635427
v 0.062397 23.192080 2.698763
v 0.050005 23.192228 2.698826
v 0.066396 23.231417 2.752129
v 0.054325 23.231546 2.752228
v 0.071370 23.280138 2.797057
v 0.059326 23.280270 2.797185
v 0.076178 23.337315 2.835591
v 0.063973 23.337439 2.835786
v 0.079267 23.401880 2.869639
v 0.066645 23.402002 2.870026
v 0.080896 23.472578 2.901121
v 0.065577 23.472727 2.901976
v 0.088990 23.547163 2.931702
v 0.057393 23.547449 2.934031
v 0.009474 23.149437 2.580821
v 0.004231 23.127836 2.507896
v 0.026362 23.127560 2.507862
v 0.023417 23.149239 2.580812
v 0.024479 23.178961 2.644668
v 0.011739 23.179131 2.644691
v 0.026888 23.218611 2.698438
v 0.014596 23.218767 2.698490
v 0.030284 23.267666 2.743855
v 0.018103 23.267813 2.743922
v 0.034131 23.325281 2.782917
v 0.021738 23.325424 2.783004
v 0.037958 23.390266 2.817750
v 0.024770 23.390421 2.817914
v 0.042099 23.461334 2.850351
v 0.025388 23.461506 2.850811
v 0.052686 23.536465 2.882075
v 0.017208 23.536808 2.883589
v -0.628417 22.719385 1.993528
v -0.627723 22.701427 1.920381
v -0.610393 22.700603 1.920312
v -0.610551 22.718561 1.993402
v -0.610400 22.746115 2.055074
v -0.628393 22.746960 2.055199
v -0.611253 22.783911 2.106386
v -0.628816 22.784729 2.106480
v -0.614177 22.831566 2.149900
v -0.631242 22.832354 2.149959
v -0.619175 22.887989 2.187942
v -0.635735 22.888727 2.187962
v -0.626118 22.952526 2.223119
v -0.642217 22.953213 2.223097
v -0.634589 23.024309 2.257672
v -0.650629 23.024969 2.257609
v -0.641647 23.101480 2.293445
v -0.662733 23.102314 2.293332
v -0.392335 22.698095 1.929590
v -0.391964 22.680134 1.857173
v -0.374450 22.679501 1.857150
v -0.375591 22.697474 1.929548
v -0.375879 22.724815 1.991091
v -0.392686 22.725447 1.991139
v -0.376746 22.762331 2.042287
v -0.393207 22.762960 2.042333
v -0.379800 22.809708 2.085707
v -0.395793 22.810328 2.085756
v -0.385255 22.865955 2.123862
v -0.400739 22.866560 2.123912
v -0.392843 22.930384 2.159079
v -0.407916 22.930973 2.159121
v -0.401513 23.002140 2.193760
v -0.417133 23.002733 2.193774
v -0.406481 23.079155 2.229670
v -0.430457 23.080029 2.229634
v -0.669544 22.616325 1.888141
v -0.667905 22.598461 1.814940
v -0.650547 22.597710 1.814881
v -0.650491 22.615511 1.888019
v -0.650597 22.643156 1.949533
v -0.669752 22.644014 1.949656
v -0.650318 22.680824 2.000491
v -0.669191 22.681702 2.000611
v -0.649557 22.727915 2.043345
v -0.668071 22.728796 2.043458
v -0.648841 22.783411 2.080642
v -0.666854 22.784269 2.080732
v -0.650180 22.847002 2.114949
v -0.667584 22.847824 2.114993
v -0.653965 22.917948 2.148768
v -0.671085 22.918737 2.148767
v -0.657559 22.994349 2.184035
v -0.679251 22.995338 2.183993
v -0.451057 22.624638 1.813690
v -0.450139 22.607040 1.741030
v -0.432381 22.606400 1.741004
v -0.433534 22.623999 1.813639
v -0.434011 22.651314 1.875092
v -0.451557 22.651978 1.875147
v -0.434129 22.688679 1.926044
v -0.451337 22.689358 1.926099
v -0.433833 22.735537 1.968900
v -0.450619 22.736223 1.968955
v -0.433730 22.791025 2.006216
v -0.450035 22.791695 2.006266
v -0.435803 22.854471 2.040561
v -0.451632 22.855122 2.040604
v -0.440337 22.925138 2.074418
v -0.456241 22.925802 2.074453
v -0.443841 23.001427 2.109554
v -0.466384 23.002399 2.109609
v 0.333170 22.679043 1.932181
v 0.335881 22.662310 1.858433
v 0.353704 22.662441 1.858503
v 0.355145 22.679178 1.932327
v 0.354728 22.706388 1.993711
v 0.332637 22.706244 1.993568
v 0.354922 22.743778 2.044462
v 0.333068 22.743629 2.044332
v 0.358053 22.791056 2.087361
v 0.336555 22.790886 2.087249
v 0.364322 22.847040 2.124935
v 0.343245 22.846872 2.124846
v 0.373588 22.911213 2.159454
v 0.352947 22.911041 2.159393
v 0.385594 22.982838 2.193386
v 0.365049 22.982664 2.193378
v 0.400345 23.060511 2.228985
v 0.375885 23.060310 2.229056
v 0.563896 22.692263 1.996436
v 0.567033 22.675598 1.921968
v 0.585099 22.675913 1.922044
v 0.587259 22.692692 1.996563
v 0.586884 22.720188 2.057938
v 0.563454 22.719730 2.057811
v 0.587493 22.757868 2.108691
v 0.564350 22.757421 2.108600
v 0.590964 22.805447 2.151558
v 0.568241 22.805027 2.151510
v 0.597173 22.861704 2.188789
v 0.574950 22.861307 2.188792
v 0.606020 22.926134 2.223123
v 0.584349 22.925764 2.223175
v 0.617275 22.997993 2.256792
v 0.596165 22.997662 2.256903
v 0.630772 23.076023 2.292143
v 0.609173 23.075701 2.292301
v 0.390901 22.607988 1.816428
v 0.393931 22.591423 1.742527
v 0.411739 22.591572 1.742595
v 0.413462 22.608147 1.816563
v 0.412988 22.635300 1.877925
v 0.390286 22.635103 1.877792
v 0.412569 22.672504 1.928578
v 0.389904 22.672295 1.928452
v 0.412251 22.719252 1.971010
v 0.389684 22.719023 1.970892
v 0.412349 22.774372 2.007756
v 0.390009 22.774134 2.007657
v 0.415391 22.837635 2.041409
v 0.393411 22.837400 2.041338
v 0.422027 22.908398 2.074542
v 0.400405 22.908159 2.074506
v 0.432943 22.985258 2.109450
v 0.409551 22.984953 2.109423
v 0.608921 22.592731 1.891215
v 0.612098 22.576113 1.816955
v 0.630148 22.576403 1.817029
v 0.632398 22.593130 1.891331
v 0.632011 22.620588 1.952695
v 0.608485 22.620153 1.952578
v 0.631656 22.658075 2.003322
v 0.608115 22.657616 2.003207
v 0.631329 22.705074 2.045708
v 0.607782 22.704588 2.045596
v 0.631171 22.760365 2.082370
v 0.607768 22.759869 2.082278
v 0.633575 22.823780 2.115859
v 0.610624 22.823315 2.115822
v 0.639340 22.894688 2.148784
v 0.616924 22.894258 2.148806
v 0.648434 22.971844 2.183599
v 0.626229 22.971428 2.183676
v -0.519309 22.573065 1.649960
v -0.517697 22.555260 1.577035
v -0.499960 22.554655 1.577008
v -0.500857 22.572439 1.649898
v -0.501584 22.599957 1.711290
v -0.520067 22.600624 1.711355
v -0.501979 22.637476 1.762137
v -0.520119 22.638161 1.762201
v -0.501889 22.684427 1.804874
v -0.519612 22.685129 1.804938
v -0.501292 22.739691 1.841985
v -0.518577 22.740417 1.842047
v -0.500172 22.802656 1.875782
v -0.517053 22.803379 1.875843
v -0.498529 22.872509 1.908715
v -0.515442 22.873249 1.908773
v -0.494681 22.947466 1.942813
v -0.517458 22.948494 1.942889
v -0.704922 22.585541 1.747345
v -0.702734 22.567598 1.673790
v -0.685366 22.566917 1.673736
v -0.685285 22.584759 1.747228
v -0.685683 22.612579 1.808697
v -0.705414 22.613396 1.808817
v -0.685694 22.650393 1.859574
v -0.705150 22.651245 1.859691
v -0.685168 22.697636 1.902317
v -0.704281 22.698505 1.902431
v -0.684097 22.753159 1.939252
v -0.702839 22.754034 1.939357
v -0.682513 22.816338 1.973046
v -0.700887 22.817226 1.973143
v -0.680829 22.886433 2.006053
v -0.698990 22.887333 2.006123
v -0.678728 22.961958 2.040511
v -0.701189 22.963058 2.040562
v -0.585044 22.865051 2.113904
v -0.580427 22.848286 2.039921
v -0.563117 22.847454 2.039867
v -0.568871 22.864325 2.113822
v -0.575116 22.891027 2.177257
v -0.591263 22.891724 2.177321
v -0.582740 22.928596 2.230842
v -0.598554 22.929270 2.230877
v -0.591466 22.975920 2.276612
v -0.606932 22.976543 2.276616
v -0.601098 23.032434 2.317114
v -0.616265 23.033005 2.317085
v -0.611583 23.096901 2.354531
v -0.626553 23.097420 2.354467
v -0.624037 23.168552 2.390688
v -0.639379 23.169025 2.390574
v -0.637410 23.246181 2.426870
v -0.658513 23.246748 2.426639
v -0.333687 22.829199 2.073559
v -0.329911 22.810362 2.000938
v -0.312408 22.809742 2.000903
v -0.318226 22.828653 2.073511
v -0.324558 22.857134 2.135931
v -0.339962 22.857685 2.135990
v -0.332253 22.896139 2.188295
v -0.347415 22.896685 2.188346
v -0.340044 22.944801 2.232980
v -0.355100 22.945311 2.233000
v -0.347414 23.002542 2.272439
v -0.362427 23.003027 2.272423
v -0.354164 23.068396 2.308897
v -0.369284 23.068848 2.308841
v -0.360147 23.141413 2.344514
v -0.376511 23.141870 2.344397
v -0.362432 23.219824 2.380672
v -0.389481 23.220581 2.380345
v -0.261153 23.022612 2.323485
v -0.257718 23.002823 2.249207
v -0.238355 23.002296 2.249235
v -0.245988 23.022221 2.323516
v -0.250663 23.051056 2.388357
v -0.265818 23.051426 2.388314
v -0.254751 23.090488 2.443356
v -0.269841 23.090836 2.443296
v -0.259249 23.139793 2.490229
v -0.274195 23.140116 2.490125
v -0.266285 23.198101 2.530991
v -0.281098 23.198397 2.530810
v -0.276644 23.264423 2.567707
v -0.291559 23.264715 2.567429
v -0.288908 23.337440 2.602566
v -0.306081 23.337784 2.602125
v -0.296099 23.414940 2.637392
v -0.329063 23.415621 2.636383
v -0.475482 23.072985 2.316307
v -0.466360 23.053879 2.241939
v -0.449046 23.053194 2.241950
v -0.460814 23.072508 2.316312
v -0.470010 23.101152 2.380823
v -0.485008 23.101587 2.380776
v -0.479806 23.140341 2.434969
v -0.495027 23.140726 2.434848
v -0.492016 23.189575 2.480274
v -0.507353 23.189920 2.480065
v -0.507008 23.247747 2.519090
v -0.522403 23.248047 2.518789
v -0.524327 23.313778 2.553692
v -0.539872 23.314045 2.553289
v -0.542503 23.386477 2.586438
v -0.559191 23.386715 2.585898
v -0.556464 23.463696 2.619035
v -0.582555 23.464048 2.618054
v 0.202142 23.004864 2.299103
v 0.195647 22.986179 2.223711
v 0.215117 22.986153 2.223691
v 0.220903 23.004755 2.299141
v 0.226781 23.033443 2.363767
v 0.207921 23.033581 2.363759
v 0.232342 23.072737 2.418243
v 0.213880 23.072872 2.418278
v 0.238382 23.122025 2.464937
v 0.220456 23.122171 2.465024
v 0.247214 23.180275 2.505529
v 0.229608 23.180420 2.505728
v 0.260347 23.246588 2.542032
v 0.242706 23.246723 2.542370
v 0.278109 23.319828 2.576626
v 0.258677 23.319935 2.577154
v 0.304024 23.397823 2.610923
v 0.270830 23.397882 2.612010
v 0.413414 23.051296 2.316431
v 0.403690 23.033537 2.240446
v 0.421555 23.033730 2.240409
v 0.433637 23.051380 2.316417
v 0.443884 23.079998 2.380627
v 0.423344 23.079962 2.380710
v 0.454978 23.119413 2.434151
v 0.434276 23.119408 2.434342
v 0.469270 23.168550 2.478905
v 0.448356 23.168587 2.479221
v 0.487085 23.226772 2.517218
v 0.465899 23.226830 2.517671
v 0.507998 23.292982 2.551406
v 0.486430 23.293070 2.552007
v 0.530886 23.366159 2.583462
v 0.508650 23.366268 2.584239
v 0.555720 23.444742 2.615740
v 0.528755 23.444851 2.616823
v 0.520693 22.835764 2.113813
v 0.518901 22.820776 2.038374
v 0.536762 22.821098 2.038426
v 0.543078 22.836119 2.113895
v 0.549295 22.862881 2.176836
v 0.527254 22.862541 2.176790
v 0.557507 22.900503 2.229561
v 0.535946 22.900181 2.229555
v 0.567547 22.947714 2.274552
v 0.546503 22.947411 2.274587
v 0.579172 23.004057 2.314295
v 0.558637 23.003788 2.314375
v 0.592126 23.068808 2.351220
v 0.572078 23.068569 2.351345
v 0.607375 23.140604 2.386868
v 0.587606 23.140417 2.387053
v 0.628422 23.219172 2.422704
v 0.606801 23.219027 2.422993
v 0.276837 22.808006 2.070210
v 0.274955 22.790598 1.996138
v 0.292766 22.790697 1.996202
v 0.297328 22.808077 2.070369
v 0.303225 22.836245 2.132563
v 0.282776 22.836157 2.132409
v 0.311363 22.874846 2.184399
v 0.291261 22.874743 2.184265
v 0.321003 22.923336 2.228398
v 0.300893 22.923262 2.228332
v 0.330924 22.980862 2.266955
v 0.310780 22.980820 2.266967
v 0.340863 23.046530 2.302669
v 0.320671 23.046513 2.302758
v 0.351078 23.119532 2.337682
v 0.330457 23.119539 2.337856
v 0.365758 23.198729 2.373502
v 0.338380 23.198689 2.373885
v 0.649453 22.563511 1.750217
v 0.652644 22.546923 1.675690
v 0.670654 22.547182 1.675754
v 0.672934 22.563869 1.750318
v 0.672551 22.591312 1.811680
v 0.649035 22.590918 1.811576
v 0.672202 22.628775 1.862303
v 0.648675 22.628359 1.862200
v 0.671875 22.675760 1.904686
v 0.648346 22.675312 1.904584
v 0.671566 22.731012 1.941080
v 0.648040 22.730534 1.940978
v 0.671273 22.794048 1.974227
v 0.647752 22.793533 1.974130
v 0.671143 22.864136 2.006398
v 0.647780 22.863619 2.006325
v 0.673794 22.940388 2.040412
v 0.650844 22.939913 2.040399
v 0.462592 22.556562 1.652586
v 0.465844 22.540316 1.578541
v 0.483608 22.540453 1.578600
v 0.485616 22.556742 1.652701
v 0.485119 22.583908 1.714041
v 0.462028 22.583696 1.713926
v 0.484684 22.621363 1.764668
v 0.461626 22.621130 1.764557
v 0.484339 22.667862 1.807075
v 0.461323 22.667606 1.806967
v 0.484074 22.723133 1.843750
v 0.461106 22.722855 1.843649
v 0.483893 22.785955 1.876953
v 0.460970 22.785652 1.876862
v 0.483822 22.855818 1.909179
v 0.460952 22.855494 1.909102
v 0.485680 22.931604 1.943025
v 0.462058 22.931259 1.942969
v -0.553033 23.747581 2.859296
v -0.582774 23.689579 2.793336
v -0.553772 23.689466 2.795355
v -0.540149 23.755289 2.862181
v -0.548821 23.791550 2.911661
v -0.542372 23.805145 2.915468
v -0.574814 23.800032 2.939786
v -0.569694 23.815023 2.943838
v -0.634153 23.801943 2.950316
v -0.626023 23.814140 2.953991
v -0.682189 23.866020 2.972500
v -0.670468 23.871078 2.974501
v -0.682692 23.950535 2.997525
v -0.674231 23.954195 2.998332
v -0.697337 24.032097 3.004869
v -0.689602 24.033911 3.004490
v -0.696244 24.118877 3.002954
v -0.709579 24.119848 3.005662
v -0.685629 23.990950 3.076550
v -0.656270 23.900684 3.043524
v -0.632573 23.921295 3.050732
v -0.677035 23.998047 3.078222
v -0.705819 24.067526 3.106927
v -0.700802 24.070637 3.106757
v -0.721307 24.139412 3.134211
v -0.717120 24.141502 3.133528
v -0.745036 24.202991 3.151349
v -0.740384 24.204792 3.150690
v -0.771689 24.263950 3.156739
v -0.765488 24.264900 3.156337
v -0.799226 24.331848 3.149978
v -0.789657 24.331686 3.150298
v -0.835515 24.407635 3.129514
v -0.818752 24.407181 3.131241
v -0.843341 24.487019 3.103580
v -0.877421 24.486891 3.099574
v -0.797847 24.354050 3.222108
v -0.765271 24.273092 3.192852
v -0.747380 24.278484 3.192200
v -0.784674 24.355164 3.223896
v -0.861669 24.434175 3.241787
v -0.843179 24.434855 3.246067
v -0.937862 24.507446 3.256563
v -0.915548 24.510696 3.262121
v -0.987794 24.567436 3.276706
v -0.971931 24.573687 3.280943
v -1.014969 24.626726 3.299713
v -1.002733 24.633471 3.302590
v -1.015241 24.684528 3.311527
v -1.003122 24.688995 3.313001
v -1.005839 24.740473 3.300187
v -0.993693 24.743305 3.301284
v -0.983304 24.803419 3.270069
v -0.997647 24.801950 3.268542
v -0.994119 24.697355 3.391205
v -1.009965 24.643654 3.343052
v -0.982840 24.647882 3.348440
v -0.977800 24.696983 3.392645
v -1.008360 24.757420 3.423072
v -0.994269 24.755575 3.423953
v -1.051228 24.833345 3.444446
v -1.037459 24.833179 3.445891
v -1.104109 24.918600 3.460972
v -1.088788 24.917349 3.462247
v -1.153563 24.996405 3.465008
v -1.139799 24.994331 3.465988
v -1.185449 25.074482 3.458562
v -1.173143 25.072289 3.459437
v -1.197555 25.150711 3.439798
v -1.186279 25.149113 3.440619
v -1.177097 25.222216 3.408832
v -1.186146 25.222973 3.408072
v -1.073686 24.882225 3.459163
v -1.017058 24.793030 3.428715
v -0.992286 24.780207 3.428465
v -1.059341 24.877348 3.459481
v -1.133034 24.969229 3.488626
v -1.116480 24.966087 3.490032
v -1.169534 25.047970 3.515671
v -1.150983 25.043755 3.517572
v -1.185898 25.120573 3.537512
v -1.165268 25.115278 3.539806
v -1.186061 25.188465 3.550467
v -1.163772 25.182720 3.553051
v -1.174637 25.253689 3.551818
v -1.151006 25.248186 3.554603
v -1.154173 25.317333 3.539035
v -1.129316 25.312544 3.542007
v -1.097922 25.376743 3.514172
v -1.118308 25.379789 3.511624
v -0.589168 23.829775 3.026751
v -0.499758 23.891001 3.055235
v -0.509314 23.931376 3.062534
v -0.586323 23.846645 3.030763
v -0.666542 23.863214 3.030648
v -0.655409 23.871082 3.033536
v -0.684245 23.946114 3.058192
v -0.677222 23.951269 3.059272
v -0.704245 24.016417 3.073885
v -0.698918 24.019552 3.073826
v -0.717429 24.083546 3.081218
v -0.712544 24.084892 3.080372
v -0.730205 24.151995 3.079056
v -0.724476 24.152752 3.078012
v -0.747589 24.220337 3.064611
v -0.738970 24.220648 3.063444
v -0.741394 24.291271 3.040477
v -0.760104 24.292351 3.042621
v -0.727953 24.179153 3.152427
v -0.705440 24.101557 3.116828
v -0.692922 24.105537 3.113200
v -0.722242 24.181431 3.151321
v -0.753368 24.247381 3.183593
v -0.747559 24.249079 3.183387
v -0.782343 24.314251 3.206799
v -0.773547 24.315020 3.207597
v -0.833732 24.385597 3.215651
v -0.818751 24.385941 3.218013
v -0.915143 24.460482 3.209361
v -0.891124 24.462116 3.213130
v -0.984719 24.529364 3.197827
v -0.958205 24.533968 3.201049
v -0.990394 24.591511 3.187401
v -0.969597 24.597378 3.189687
v -0.934283 24.661169 3.178599
v -0.951871 24.654789 3.175410
v -0.961426 24.547546 3.276695
v -0.907630 24.477671 3.238501
v -0.850442 24.481035 3.253269
v -0.936924 24.551981 3.283768
v -0.998694 24.611803 3.325483
v -0.981707 24.615623 3.329315
v -1.000807 24.667156 3.369971
v -0.985997 24.668037 3.371335
v -1.004027 24.719713 3.393794
v -0.990405 24.718819 3.394397
v -1.025952 24.782984 3.398618
v -1.014758 24.780849 3.398696
v -1.065498 24.851276 3.386611
v -1.054672 24.850866 3.386948
v -1.107542 24.936150 3.365764
v -1.095763 24.936169 3.366227
v -1.119607 25.016306 3.329919
v -1.128607 25.016254 3.329641
v 0.912112 24.683203 3.403216
v 0.852307 24.607262 3.366243
v 0.878757 24.607571 3.364973
v 0.931981 24.683126 3.400770
v 0.975596 24.760197 3.433539
v 0.998848 24.760490 3.427372
v 1.046512 24.837173 3.447238
v 1.063743 24.837965 3.445831
v 1.103534 24.914440 3.460762
v 1.118784 24.915857 3.459785
v 1.150181 24.992109 3.465011
v 1.163486 24.993988 3.464196
v 1.182363 25.070404 3.458306
v 1.193665 25.072098 3.457686
v 1.194842 25.146852 3.439451
v 1.205141 25.147896 3.438940
v 1.194176 25.220163 3.407122
v 1.185744 25.219809 3.407650
v 0.801666 24.369884 3.300716
v 0.834809 24.313295 3.267872
v 0.848393 24.304794 3.255249
v 0.837053 24.363443 3.283483
v 0.787006 24.422235 3.304879
v 0.820806 24.420153 3.297014
v 0.798409 24.476974 3.310136
v 0.821216 24.476889 3.310833
v 0.830293 24.534485 3.321295
v 0.849140 24.535269 3.324993
v 0.864732 24.595867 3.335281
v 0.885805 24.596315 3.334763
v 0.907346 24.658916 3.329259
v 0.927372 24.658823 3.327961
v 0.951676 24.727409 3.306512
v 0.970261 24.727211 3.305215
v 1.001918 24.801380 3.267715
v 0.987918 24.801535 3.268611
v 0.657896 24.012579 3.105360
v 0.656776 23.938480 3.067890
v 0.676238 23.939894 3.063511
v 0.675676 24.013628 3.102013
v 0.653450 24.086945 3.141657
v 0.673940 24.087040 3.138142
v 0.702108 24.165756 3.182805
v 0.718976 24.162542 3.176874
v 0.786166 24.237700 3.218342
v 0.793127 24.231277 3.208735
v 0.838035 24.295906 3.227458
v 0.846415 24.288984 3.217289
v 0.858632 24.346937 3.211629
v 0.877735 24.341854 3.203253
v 0.856317 24.401173 3.177068
v 0.891291 24.399508 3.172597
v 0.874710 24.464092 3.131291
v 0.834873 24.464279 3.132835
v 0.672300 23.791426 2.995286
v 0.637001 23.665464 2.924438
v 0.657953 23.679672 2.930101
v 0.681010 23.803684 2.999167
v 0.661670 23.902601 3.055946
v 0.675164 23.905916 3.054032
v 0.665774 23.972647 3.086930
v 0.681809 23.974058 3.083814
v 0.664072 24.038809 3.106770
v 0.682581 24.040037 3.103864
v 0.666141 24.106571 3.116931
v 0.687254 24.106905 3.113711
v 0.693838 24.176126 3.117070
v 0.713351 24.173943 3.112188
v 0.718481 24.240509 3.098304
v 0.738451 24.237843 3.092983
v 0.748709 24.302891 3.056702
v 0.719784 24.303358 3.059411
v 1.075950 24.882040 3.458434
v 1.005085 24.793814 3.428873
v 1.026928 24.794424 3.426022
v 1.092976 24.883465 3.457076
v 1.129003 24.965456 3.488667
v 1.145511 24.968084 3.487285
v 1.162930 25.043056 3.516051
v 1.179973 25.046833 3.514422
v 1.177395 25.115002 3.538163
v 1.195738 25.119637 3.536250
v 1.176163 25.182732 3.551363
v 1.196014 25.187698 3.549215
v 1.163699 25.247944 3.552945
v 1.185001 25.252699 3.550579
v 1.142294 25.312424 3.540105
v 1.165018 25.316545 3.537495
v 1.130079 25.378952 3.510192
v 1.110923 25.376312 3.512514
v 0.810638 24.511116 3.317782
v 0.776569 24.448885 3.301870
v 0.810781 24.447565 3.297656
v 0.830407 24.511980 3.321180
v 0.844942 24.576593 3.355372
v 0.864145 24.577461 3.357544
v 0.888897 24.642168 3.385346
v 0.908949 24.642061 3.384137
v 0.940421 24.709852 3.405154
v 0.960386 24.709625 3.401980
v 1.006331 24.780766 3.401913
v 1.023642 24.780792 3.400146
v 1.063221 24.855310 3.389865
v 1.077272 24.855343 3.389238
v 1.106335 24.933462 3.365740
v 1.118166 24.933332 3.365446
v 1.137065 25.012953 3.328610
v 1.128643 25.013218 3.328678
v 0.754216 24.213554 3.214413
v 0.649828 24.122585 3.152641
v 0.675819 24.121674 3.147794
v 0.764781 24.207926 3.205740
v 0.824736 24.283794 3.258884
v 0.833534 24.276505 3.248331
v 0.829592 24.338114 3.285372
v 0.850968 24.330919 3.270753
v 0.814153 24.386032 3.288491
v 0.848026 24.381716 3.275269
v 0.815793 24.438221 3.273979
v 0.844819 24.436739 3.269468
v 0.821586 24.494881 3.258650
v 0.849341 24.494841 3.256763
v 0.841681 24.557800 3.237340
v 0.867471 24.557751 3.235535
v 0.879743 24.625128 3.201946
v 0.859716 24.625166 3.203655
v -0.602422 24.557734 3.440563
v -0.434855 24.533545 3.451102
v -0.401983 24.554390 3.453279
v -0.586871 24.558306 3.439006
v -0.692463 24.624838 3.459098
v -0.681128 24.624907 3.457878
v -0.712956 24.706631 3.491718
v -0.700776 24.710604 3.492291
v -0.715327 24.795488 3.523849
v -0.697664 24.802410 3.526464
v -0.782069 24.860733 3.524611
v -0.756398 24.873230 3.531739
v -0.882343 24.908567 3.499334
v -0.851737 24.910257 3.503982
v -0.972068 25.027946 3.486743
v -0.927131 25.006500 3.485839
v -0.956446 25.126097 3.468240
v -1.016875 25.133802 3.459464
v -0.409168 24.351646 3.324355
v -0.463215 24.242693 3.249846
v -0.392231 24.239273 3.247205
v -0.382429 24.344812 3.322505
v -0.386408 24.431055 3.380531
v -0.368560 24.421701 3.377670
v -0.384108 24.476048 3.412836
v -0.368558 24.469923 3.409955
v -0.395002 24.505444 3.428566
v -0.380307 24.504494 3.426588
v -0.443358 24.528194 3.423661
v -0.424466 24.532072 3.424443
v -0.556145 24.548613 3.389308
v -0.529138 24.552013 3.393117
v -0.662689 24.617353 3.356657
v -0.637233 24.615648 3.359176
v -0.694821 24.707420 3.332130
v -0.736249 24.711765 3.328342
v -0.415937 23.965750 3.152755
v -0.394865 23.882469 3.123482
v -0.342497 23.873934 3.127270
v -0.383743 23.952078 3.153446
v -0.448859 24.046415 3.176546
v -0.420588 24.028721 3.175609
v -0.468300 24.112539 3.194936
v -0.443990 24.096668 3.193684
v -0.475086 24.171207 3.208235
v -0.452324 24.159317 3.207318
v -0.485784 24.233273 3.214910
v -0.461726 24.224525 3.214653
v -0.503469 24.297649 3.213431
v -0.478155 24.293266 3.215136
v -0.523566 24.357824 3.200177
v -0.495665 24.359383 3.204259
v -0.504786 24.419655 3.182781
v -0.553456 24.409325 3.174320
v -0.722805 24.761219 3.512784
v -0.746202 24.649580 3.456114
v -0.720824 24.660385 3.455701
v -0.703941 24.773298 3.516138
v -0.754514 24.860863 3.554741
v -0.733585 24.879984 3.561740
v -0.818096 24.895624 3.562986
v -0.798331 24.926435 3.574359
v -0.857399 24.936163 3.570668
v -0.828332 24.967022 3.584033
v -0.851633 25.040363 3.600139
v -0.794468 25.049759 3.611165
v -0.862720 25.148586 3.613328
v -0.788744 25.143084 3.622135
v -0.878564 25.225513 3.598162
v -0.800414 25.219400 3.607725
v -0.802026 25.290766 3.576277
v -0.867198 25.296368 3.567867
v -0.380113 23.784554 3.089416
v -0.379157 23.714123 3.054681
v -0.340569 23.712814 3.056783
v -0.356387 23.781929 3.090505
v -0.384303 23.849421 3.119722
v -0.360243 23.844975 3.120971
v -0.403517 23.920248 3.141824
v -0.376020 23.910189 3.142855
v -0.447005 24.009901 3.154016
v -0.418196 23.991924 3.153208
v -0.500598 24.104185 3.153861
v -0.475216 24.086046 3.152435
v -0.540432 24.178186 3.138473
v -0.517540 24.165855 3.138215
v -0.561601 24.228308 3.108893
v -0.536427 24.221210 3.110014
v -0.535646 24.264185 3.073410
v -0.583590 24.269274 3.070072
v -0.388590 24.498158 3.425964
v -0.390008 24.476643 3.396903
v -0.353591 24.455574 3.390124
v -0.371189 24.493528 3.422910
v -0.425208 24.519445 3.445791
v -0.407841 24.523005 3.445461
v -0.529845 24.527613 3.440661
v -0.506607 24.535158 3.443517
v -0.650257 24.570799 3.433886
v -0.634508 24.571697 3.433799
v -0.717911 24.636795 3.433890
v -0.707099 24.634888 3.432689
v -0.750529 24.715029 3.431977
v -0.737566 24.711454 3.431420
v -0.800148 24.813560 3.419713
v -0.773537 24.804075 3.420479
v -0.876216 24.877880 3.376292
v -0.940657 24.920496 3.378811
v -0.469319 24.160963 3.211777
v -0.518263 24.141048 3.183982
v -0.427095 24.056400 3.172784
v -0.434867 24.137276 3.208943
v -0.443262 24.217375 3.248660
v -0.418999 24.209612 3.247642
v -0.423193 24.298267 3.294616
v -0.401711 24.293217 3.293833
v -0.405763 24.387606 3.338857
v -0.385399 24.381073 3.338145
v -0.408000 24.455526 3.360806
v -0.385319 24.450777 3.361028
v -0.436683 24.498173 3.354539
v -0.410638 24.498453 3.356820
v -0.499219 24.526035 3.320281
v -0.466406 24.529871 3.325404
v -0.543615 24.555641 3.273734
v -0.603402 24.551798 3.263672
v -0.156208 24.658247 3.494009
v -0.115926 24.586277 3.477297
v -0.022107 24.688074 3.519482
v -0.086647 24.726145 3.529914
v -0.230884 24.723310 3.521724
v -0.162886 24.742405 3.537720
v -0.265002 24.782665 3.551314
v -0.183031 24.798796 3.565175
v -0.279839 24.836720 3.569988
v -0.197097 24.848106 3.581038
v -0.299664 24.889662 3.576777
v -0.222311 24.897823 3.584734
v -0.329818 24.932405 3.566788
v -0.252804 24.944592 3.575820
v -0.368554 24.979040 3.542572
v -0.287477 24.990622 3.550887
v -0.315227 25.055681 3.517596
v -0.423083 25.064724 3.516067
v -0.160576 24.323221 3.336963
v -0.138151 24.254732 3.298383
v -0.091510 24.237465 3.301735
v -0.120826 24.316620 3.338846
v -0.192845 24.379208 3.365954
v -0.153047 24.384512 3.369153
v -0.199228 24.436287 3.398909
v -0.143383 24.443913 3.403452
v -0.168946 24.491514 3.433929
v -0.089718 24.517246 3.449458
v -0.156696 24.550802 3.442679
v -0.073102 24.611433 3.477425
v -0.191242 24.612509 3.411730
v -0.102137 24.663280 3.451133
v -0.251061 24.681665 3.372441
v -0.172933 24.681183 3.387300
v -0.229197 24.755201 3.350811
v -0.315120 24.753492 3.349206
v -0.095929 23.920912 3.184458
v -0.091508 23.858398 3.149462
v -0.073319 23.862373 3.144794
v -0.084837 23.923344 3.180878
v -0.130401 23.981508 3.210104
v -0.104309 23.982325 3.209038
v -0.157191 24.059870 3.234290
v -0.121007 24.055166 3.234702
v -0.145196 24.150639 3.259942
v -0.109771 24.140854 3.261396
v -0.142982 24.230583 3.270237
v -0.109597 24.219667 3.275424
v -0.157476 24.299528 3.265267
v -0.124241 24.290474 3.272970
v -0.184690 24.358509 3.248517
v -0.148868 24.353056 3.254771
v -0.161068 24.408844 3.222855
v -0.208756 24.411806 3.221127
v -0.264340 24.818874 3.566394
v -0.272715 24.757984 3.526798
v -0.166186 24.771498 3.540564
v -0.177276 24.831018 3.577762
v -0.271852 24.878349 3.600115
v -0.192382 24.883978 3.606499
v -0.286075 24.929873 3.626367
v -0.206211 24.935827 3.632058
v -0.304980 24.967466 3.639913
v -0.221266 24.975471 3.646427
v -0.319001 25.002014 3.642439
v -0.230441 25.009602 3.648923
v -0.326372 25.048021 3.635633
v -0.233159 25.050692 3.640612
v -0.331239 25.125191 3.623631
v -0.232152 25.118235 3.625754
v -0.231140 25.226559 3.608562
v -0.330848 25.234253 3.606725
v -0.145447 23.773542 3.099801
v -0.155976 23.708534 3.063183
v -0.111570 23.707836 3.063961
v -0.115838 23.773632 3.100616
v -0.114017 23.829765 3.139363
v -0.092087 23.830942 3.138409
v -0.090956 23.884077 3.171834
v -0.081232 23.886316 3.168463
v -0.104618 23.937977 3.188402
v -0.092367 23.940121 3.185306
v -0.150507 23.997396 3.188525
v -0.123680 23.997526 3.188124
v -0.174461 24.078131 3.182125
v -0.140911 24.073322 3.183500
v -0.166819 24.163763 3.167815
v -0.130203 24.157696 3.171809
v -0.125935 24.233208 3.145187
v -0.167406 24.238178 3.139254
v -0.167801 24.475904 3.426034
v -0.216273 24.406755 3.367479
v -0.149117 24.418568 3.373021
v -0.092751 24.494894 3.435653
v -0.125739 24.546209 3.471090
v -0.051943 24.608318 3.497061
v -0.133707 24.618301 3.489143
v -0.062614 24.691452 3.525006
v -0.199524 24.671673 3.487273
v -0.119620 24.725931 3.521792
v -0.271038 24.731819 3.491071
v -0.191649 24.747795 3.508782
v -0.315100 24.787441 3.489193
v -0.227244 24.805777 3.506627
v -0.346083 24.849028 3.472643
v -0.268237 24.859184 3.483991
v -0.308223 24.923422 3.451644
v -0.398116 24.919312 3.443495
v -0.145200 24.119278 3.253349
v -0.169237 24.013987 3.208795
v -0.110219 24.015402 3.210110
v -0.105893 24.111166 3.253456
v -0.136934 24.210781 3.292528
v -0.100320 24.199255 3.294492
v -0.152929 24.284349 3.321889
v -0.115070 24.273462 3.324791
v -0.176933 24.340765 3.340679
v -0.137051 24.339079 3.343919
v -0.207980 24.390339 3.346344
v -0.170406 24.397108 3.349771
v -0.226735 24.449831 3.353964
v -0.181864 24.457134 3.359622
v -0.229121 24.515181 3.350959
v -0.166641 24.519663 3.366657
v -0.179163 24.581446 3.324934
v -0.248821 24.580952 3.308045
v 0.470823 23.910576 3.143527
v 0.464508 23.798548 3.071280
v 0.553550 23.811411 3.090149
v 0.499017 23.924480 3.154565
v 0.446545 23.995098 3.192626
v 0.469413 24.001368 3.194046
v 0.393248 24.070312 3.226811
v 0.425886 24.072861 3.225259
v 0.398065 24.139557 3.257988
v 0.459543 24.142891 3.260709
v 0.494438 24.211412 3.290565
v 0.545705 24.220385 3.295387
v 0.520726 24.286833 3.304884
v 0.554596 24.290375 3.306922
v 0.505557 24.347166 3.275871
v 0.534117 24.353487 3.270721
v 0.533887 24.409410 3.203728
v 0.488198 24.404400 3.209096
v 0.504958 24.315296 3.354249
v 0.495264 24.237679 3.321264
v 0.554374 24.245121 3.328762
v 0.535891 24.316143 3.351191
v 0.480849 24.373579 3.356220
v 0.503207 24.376684 3.349319
v 0.455801 24.423399 3.373196
v 0.482300 24.427124 3.368811
v 0.478679 24.484091 3.392883
v 0.513531 24.484705 3.388119
v 0.539771 24.544621 3.399485
v 0.580658 24.543501 3.395350
v 0.602930 24.604246 3.390254
v 0.643797 24.602350 3.385957
v 0.665451 24.667986 3.366596
v 0.706263 24.667015 3.362402
v 0.761480 24.737091 3.325848
v 0.716707 24.736986 3.330928
v 0.595180 24.633179 3.458189
v 0.527677 24.565149 3.426402
v 0.586408 24.563309 3.421077
v 0.633038 24.632284 3.454663
v 0.648536 24.700392 3.488674
v 0.685115 24.699780 3.485154
v 0.695087 24.765194 3.514966
v 0.734042 24.765268 3.510405
v 0.749830 24.833641 3.529354
v 0.795327 24.837435 3.522312
v 0.820295 24.913675 3.529422
v 0.876999 24.923208 3.518956
v 0.865061 24.994610 3.530514
v 0.919559 25.012665 3.531878
v 0.913387 25.055611 3.509501
v 0.990173 25.054865 3.496518
v 1.021265 25.130840 3.458467
v 0.959910 25.123161 3.467411
v 0.271523 23.727255 3.050931
v 0.218717 23.705366 3.047536
v 0.260317 23.683874 3.032939
v 0.311564 23.720535 3.047889
v 0.369966 23.764759 3.065937
v 0.454968 23.777061 3.079856
v 0.492480 23.839417 3.107793
v 0.497697 23.871353 3.130821
v 0.480288 23.939114 3.157336
v 0.497912 23.951431 3.164798
v 0.461595 24.012888 3.175530
v 0.482642 24.018839 3.176118
v 0.425715 24.084406 3.172906
v 0.454501 24.088573 3.170536
v 0.417597 24.158308 3.140405
v 0.467835 24.162252 3.134101
v 0.497734 24.232983 3.084482
v 0.455038 24.230005 3.083961
v 0.712131 24.805172 3.528582
v 0.658448 24.733507 3.492782
v 0.726964 24.730154 3.487779
v 0.755559 24.804842 3.523858
v 0.746580 24.879478 3.560730
v 0.787377 24.879948 3.555314
v 0.772170 24.947458 3.587335
v 0.821808 24.950085 3.581273
v 0.793471 25.005842 3.602796
v 0.849821 25.015598 3.601128
v 0.796350 25.077105 3.618923
v 0.859768 25.085981 3.615771
v 0.799475 25.149124 3.622479
v 0.872008 25.154308 3.614587
v 0.805684 25.218050 3.606963
v 0.881687 25.223679 3.597836
v 0.871159 25.294178 3.567429
v 0.805044 25.288639 3.575999
v 0.377544 24.118145 3.247801
v 0.422937 24.034477 3.200642
v 0.452627 24.039425 3.199212
v 0.425503 24.120407 3.247965
v 0.463960 24.192858 3.305526
v 0.525975 24.201288 3.310486
v 0.513875 24.273405 3.348772
v 0.556050 24.274479 3.350926
v 0.505459 24.334341 3.351215
v 0.529124 24.335831 3.345653
v 0.489391 24.387138 3.331315
v 0.509399 24.390896 3.327425
v 0.481882 24.438721 3.318480
v 0.508438 24.441315 3.316405
v 0.520395 24.501360 3.301003
v 0.560676 24.500750 3.296255
v 0.615888 24.566498 3.262260
v 0.572843 24.567560 3.266998
v 0.457473 24.463507 3.388319
v 0.462796 24.398687 3.349544
v 0.491782 24.404713 3.342927
v 0.491788 24.466097 3.383943
v 0.510507 24.530739 3.421925
v 0.549847 24.530193 3.418140
v 0.566489 24.592340 3.445583
v 0.604512 24.591305 3.442072
v 0.625330 24.653202 3.459737
v 0.660287 24.652637 3.456272
v 0.688441 24.716196 3.462899
v 0.721285 24.716091 3.459597
v 0.761901 24.782310 3.451977
v 0.795360 24.783180 3.449346
v 0.832985 24.853918 3.428509
v 0.882739 24.856127 3.424169
v 0.955258 24.933748 3.381235
v 0.903308 24.929611 3.388661
v 0.330490 24.854616 3.475075
v 0.391435 24.922155 3.446705
v 0.286634 24.922855 3.453086
v 0.274097 24.855017 3.478056
v 0.251157 24.786507 3.494992
v 0.300376 24.787075 3.492084
v 0.241559 24.705891 3.497462
v 0.286966 24.710934 3.494385
v 0.256366 24.595860 3.480229
v 0.291573 24.605272 3.475431
v 0.212820 24.502031 3.431738
v 0.253723 24.486723 3.422768
v 0.155432 24.497499 3.426234
v 0.173305 24.456539 3.409229
v 0.110518 24.481285 3.439653
v 0.131362 24.450933 3.438869
v 0.082663 24.409470 3.377635
v 0.111368 24.411894 3.380958
v 0.161150 24.464346 3.330224
v 0.234410 24.546432 3.286738
v 0.179023 24.550396 3.291577
v 0.121002 24.486320 3.346267
v 0.098240 24.445681 3.369511
v 0.131260 24.430166 3.358672
v 0.103014 24.383659 3.352286
v 0.138087 24.386271 3.341439
v 0.102259 24.314457 3.342746
v 0.150137 24.314756 3.340353
v 0.092816 24.250698 3.321796
v 0.136365 24.250803 3.320415
v 0.095420 24.185284 3.292565
v 0.133633 24.185822 3.291147
v 0.102826 24.116703 3.257266
v 0.140881 24.117310 3.255642
v 0.077522 24.050745 3.213904
v 0.120252 24.054842 3.212397
v 0.362197 25.151253 3.642463
v 0.411565 25.238523 3.629587
v 0.241317 25.221859 3.612792
v 0.253356 25.158348 3.642604
v 0.244030 25.104887 3.658978
v 0.317858 25.101305 3.654039
v 0.235420 25.053579 3.662435
v 0.287346 25.062740 3.658796
v 0.224467 25.000511 3.653630
v 0.272775 25.009367 3.650748
v 0.204944 24.943674 3.632311
v 0.253634 24.946379 3.627598
v 0.192427 24.881199 3.602236
v 0.240240 24.880854 3.595606
v 0.192296 24.814098 3.565981
v 0.245569 24.813339 3.559818
v 0.176004 24.741718 3.527826
v 0.277141 24.743412 3.522975
v 0.163121 24.154263 3.173834
v 0.152889 24.224955 3.143300
v 0.115490 24.224764 3.144843
v 0.121179 24.154243 3.176152
v 0.109772 24.091648 3.190029
v 0.154840 24.092091 3.188587
v 0.074436 24.037815 3.186547
v 0.113505 24.041996 3.185496
v 0.034369 23.983530 3.169361
v 0.068214 23.992449 3.168833
v 0.024377 23.928232 3.147167
v 0.054921 23.938934 3.146622
v 0.076867 23.872168 3.128355
v 0.118157 23.888186 3.132074
v 0.132293 23.820911 3.117017
v 0.171679 23.834303 3.121351
v 0.102688 23.714188 3.068928
v 0.135835 23.735991 3.079619
v 0.347307 25.032009 3.555472
v 0.392082 25.100418 3.523056
v 0.307523 25.087467 3.531835
v 0.297182 25.023388 3.559672
v 0.269248 24.961008 3.574960
v 0.314415 24.964930 3.572036
v 0.239048 24.899492 3.575233
v 0.281164 24.900290 3.571013
v 0.219474 24.837879 3.566074
v 0.262123 24.837280 3.560657
v 0.211273 24.772055 3.548388
v 0.257770 24.771408 3.543174
v 0.217234 24.686045 3.518374
v 0.263720 24.686934 3.513730
v 0.240770 24.564661 3.473826
v 0.279721 24.558634 3.463442
v 0.172065 24.511576 3.411746
v 0.200306 24.459755 3.380296
v 0.303761 24.644541 3.389066
v 0.317636 24.747866 3.366558
v 0.238965 24.748505 3.370867
v 0.265006 24.628023 3.390585
v 0.221229 24.522671 3.375158
v 0.273463 24.517506 3.379685
v 0.154463 24.495899 3.397478
v 0.185013 24.457676 3.384945
v 0.123436 24.485683 3.438744
v 0.143043 24.449039 3.432529
v 0.090533 24.442776 3.422098
v 0.116169 24.429472 3.427365
v 0.096016 24.366602 3.371693
v 0.126264 24.372374 3.365333
v 0.090641 24.294561 3.336642
v 0.136353 24.294847 3.335083
v 0.085821 24.220587 3.297822
v 0.129861 24.220984 3.296435
v 0.169672 24.331112 3.253956
v 0.184714 24.401888 3.222016
v 0.138410 24.401808 3.224012
v 0.118213 24.330973 3.256088
v 0.104302 24.264153 3.272275
v 0.151461 24.264233 3.270559
v 0.102104 24.199930 3.274001
v 0.142245 24.200335 3.272394
v 0.108143 24.136774 3.263669
v 0.145838 24.137230 3.261806
v 0.099867 24.075785 3.240278
v 0.138573 24.077242 3.238907
v 0.062499 24.021421 3.204621
v 0.097093 24.027214 3.203583
v 0.021840 23.963654 3.162667
v 0.053432 23.973339 3.161727
v 0.023967 23.900770 3.126236
v 0.061875 23.911091 3.122203
vn -0.0269 -0.9707 0.2389
vn -0.0264 -0.9145 0.4038
vn -0.0241 -0.8077 0.5891
vn -0.0201 -0.6765 0.7361
vn -0.0160 -0.5612 0.8275
vn -0.0126 -0.4783 0.8781
vn -0.0111 -0.4333 0.9012
vn -0.0114 -0.4202 0.9074
vn -0.0288 -0.9715 0.2354
vn -0.0281 -0.9144 0.4038
vn -0.0251 -0.8061 0.5912
vn -0.0210 -0.6756 0.7369
vn -0.0167 -0.5597 0.8285
vn -0.0137 -0.4784 0.8781
vn -0.0121 -0.4342 0.9007
vn -0.0123 -0.4199 0.9075
vn -0.0006 -0.9757 0.2191
vn -0.0027 -0.9153 0.4027
vn -0.0031 -0.8052 0.5930
vn -0.0033 -0.6729 0.7398
vn -0.0033 -0.5556 0.8315
vn -0.0026 -0.4729 0.8811
vn -0.0013 -0.4284 0.9036
vn 0.0008 -0.4157 0.9095
vn -0.0023 -0.9752 0.2211
vn -0.0047 -0.9154 0.4025
vn -0.0049 -0.8055 0.5925
vn -0.0046 -0.6750 0.7378
vn -0.0042 -0.5561 0.8311
vn -0.0036 -0.4732 0.8809
vn -0.0019 -0.4287 0.9035
vn 0.0003 -0.4157 0.9095
vn -0.0233 -0.9728 0.2306
vn -0.0230 -0.9129 0.4075
vn -0.0208 -0.8050 0.5930
vn -0.0181 -0.6730 0.7395
vn -0.0152 -0.5539 0.8324
vn -0.0130 -0.4718 0.8816
vn -0.0117 -0.4257 0.9048
vn -0.0111 -0.4102 0.9119
vn -0.0191 -0.9727 0.2315
vn -0.0194 -0.9135 0.4064
vn -0.0175 -0.8056 0.5922
vn -0.0153 -0.6738 0.7388
vn -0.0128 -0.5555 0.8314
vn -0.0109 -0.4717 0.8817
vn -0.0095 -0.4244 0.9054
vn -0.0089 -0.4104 0.9119
vn -0.0238 -0.9716 0.2354
vn -0.0241 -0.9148 0.4033
vn -0.0222 -0.8077 0.5892
vn -0.0191 -0.6759 0.7367
vn -0.0155 -0.5576 0.8300
vn -0.0124 -0.4737 0.8806
vn -0.0106 -0.4276 0.9039
vn -0.0092 -0.4143 0.9101
vn -0.0277 -0.9714 0.2359
vn -0.0270 -0.9142 0.4043
vn -0.0249 -0.8070 0.5900
vn -0.0212 -0.6754 0.7371
vn -0.0173 -0.5574 0.8300
vn -0.0143 -0.4740 0.8804
vn -0.0124 -0.4285 0.9034
vn -0.0115 -0.4156 0.9095
vn -0.0134 -0.9746 0.2237
vn -0.0133 -0.9118 0.4105
vn -0.0123 -0.8013 0.5982
vn -0.0109 -0.6718 0.7406
vn -0.0092 -0.5528 0.8333
vn -0.0077 -0.4686 0.8834
vn -0.0069 -0.4221 0.9065
vn -0.0066 -0.4074 0.9132
vn -0.0135 -0.9739 0.2266
vn -0.0135 -0.9113 0.4116
vn -0.0124 -0.8021 0.5970
vn -0.0110 -0.6695 0.7428
vn -0.0095 -0.5512 0.8343
vn -0.0080 -0.4679 0.8838
vn -0.0072 -0.4208 0.9071
vn -0.0069 -0.4082 0.9128
vn -0.0078 -0.9749 0.2227
vn -0.0080 -0.9111 0.4122
vn -0.0075 -0.8014 0.5980
vn -0.0065 -0.6680 0.7441
vn -0.0057 -0.5518 0.8340
vn -0.0048 -0.4657 0.8849
vn -0.0041 -0.4181 0.9084
vn -0.0039 -0.4066 0.9136
vn -0.0075 -0.9754 0.2202
vn -0.0078 -0.9105 0.4134
vn -0.0072 -0.8008 0.5989
vn -0.0065 -0.6671 0.7449
vn -0.0055 -0.5483 0.8363
vn -0.0047 -0.4634 0.8861
vn -0.0042 -0.4185 0.9082
vn -0.0041 -0.4051 0.9143
vn -0.0052 -0.9748 0.2231
vn -0.0049 -0.9110 0.4124
vn -0.0047 -0.8013 0.5982
vn -0.0040 -0.6676 0.7446
vn -0.0032 -0.5510 0.8345
vn -0.0028 -0.4645 0.8856
vn -0.0025 -0.4167 0.9090
vn -0.0024 -0.4030 0.9152
vn -0.0045 -0.9753 0.2208
vn -0.0045 -0.9106 0.4132
vn -0.0041 -0.7991 0.6012
vn -0.0036 -0.6691 0.7431
vn -0.0029 -0.5490 0.8358
vn -0.0023 -0.4643 0.8857
vn -0.0022 -0.4177 0.9086
vn -0.0020 -0.4042 0.9147
vn -0.0035 -0.9760 0.2180
vn -0.0035 -0.9116 0.4111
vn -0.0030 -0.8002 0.5997
vn -0.0027 -0.6701 0.7422
vn -0.0023 -0.5472 0.8370
vn -0.0020 -0.4649 0.8854
vn -0.0018 -0.4182 0.9083
vn -0.0016 -0.4047 0.9144
vn -0.0050 -0.9760 0.2178
vn -0.0050 -0.9118 0.4107
vn -0.0048 -0.8003 0.5995
vn -0.0044 -0.6703 0.7420
vn -0.0039 -0.5502 0.8350
vn -0.0033 -0.4655 0.8850
vn -0.0027 -0.4189 0.9080
vn -0.0024 -0.4052 0.9142
vn -0.0001 -0.9755 0.2201
vn -0.0021 -0.9155 0.4023
vn -0.0026 -0.8072 0.5902
vn -0.0028 -0.6738 0.7389
vn -0.0025 -0.5539 0.8326
vn -0.0018 -0.4691 0.8831
vn -0.0012 -0.4227 0.9063
vn -0.0004 -0.4117 0.9113
vn -0.0042 -0.9756 0.2195
vn -0.0059 -0.9159 0.4014
vn -0.0057 -0.8077 0.5895
vn -0.0054 -0.6743 0.7385
vn -0.0045 -0.5544 0.8322
vn -0.0036 -0.4686 0.8834
vn -0.0027 -0.4238 0.9058
vn -0.0020 -0.4103 0.9119
vn -0.0031 -0.9765 0.2154
vn -0.0032 -0.9130 0.4080
vn -0.0034 -0.8038 0.5949
vn -0.0032 -0.6702 0.7422
vn -0.0028 -0.5493 0.8356
vn -0.0024 -0.4667 0.8844
vn -0.0018 -0.4200 0.9075
vn -0.0014 -0.4059 0.9139
vn -0.0045 -0.9762 0.2168
vn -0.0051 -0.9131 0.4077
vn -0.0050 -0.8041 0.5944
vn -0.0045 -0.6707 0.7417
vn -0.0039 -0.5523 0.8337
vn -0.0032 -0.4673 0.8841
vn -0.0025 -0.4205 0.9073
vn -0.0019 -0.4062 0.9138
vn -0.0046 -0.9761 0.2175
vn -0.0055 -0.9149 0.4036
vn -0.0055 -0.8065 0.5912
vn -0.0050 -0.6733 0.7393
vn -0.0042 -0.5538 0.8327
vn -0.0033 -0.4681 0.8837
vn -0.0026 -0.4220 0.9066
vn -0.0018 -0.4072 0.9134
vn -0.0007 -0.9759 0.2184
vn -0.0019 -0.9148 0.4040
vn -0.0022 -0.8064 0.5914
vn -0.0023 -0.6729 0.7397
vn -0.0021 -0.5532 0.8330
vn -0.0016 -0.4686 0.8834
vn -0.0009 -0.4204 0.9073
vn -0.0002 -0.4078 0.9131
vn -0.0216 -0.9652 0.2608
vn -0.0264 -0.9176 0.3967
vn -0.0362 -0.8131 0.5810
vn -0.0465 -0.6739 0.7373
vn -0.0579 -0.5508 0.8326
vn -0.0885 -0.4803 0.8726
vn -0.1700 -0.4369 0.8833
vn -0.2621 -0.4027 0.8770
vn -0.0252 -0.9579 0.2859
vn -0.0221 -0.9089 0.4165
vn -0.0233 -0.8080 0.5887
vn -0.0257 -0.6801 0.7327
vn -0.0302 -0.5560 0.8306
vn -0.0376 -0.4588 0.8877
vn -0.0460 -0.3995 0.9156
vn -0.0529 -0.3777 0.9244
vn 0.0003 -0.9631 0.2693
vn -0.0040 -0.9110 0.4125
vn -0.0138 -0.7981 0.6024
vn -0.0205 -0.6577 0.7530
vn 0.0357 -0.5201 0.8533
vn 0.1082 -0.3418 0.9335
vn -0.0490 -0.2632 0.9635
vn -0.2729 -0.2820 0.9198
vn 0.0027 -0.9577 0.2877
vn -0.0002 -0.9025 0.4308
vn 0.0051 -0.7888 0.6146
vn 0.0144 -0.6516 0.7584
vn 0.0233 -0.5394 0.8417
vn 0.0351 -0.4653 0.8845
vn 0.0919 -0.3920 0.9154
vn 0.2483 -0.3319 0.9100
vn -0.0246 -0.9615 0.2736
vn -0.0226 -0.9046 0.4257
vn -0.0276 -0.7948 0.6063
vn -0.0358 -0.6595 0.7509
vn -0.0451 -0.5285 0.8477
vn -0.0507 -0.4400 0.8966
vn -0.0393 -0.4159 0.9086
vn -0.0304 -0.3769 0.9258
vn -0.0241 -0.9626 0.2697
vn -0.0235 -0.9035 0.4278
vn -0.0051 -0.7927 0.6096
vn 0.0889 -0.7047 0.7039
vn 0.1877 -0.5629 0.8049
vn 0.0186 -0.3480 0.9373
vn -0.0655 -0.2893 0.9550
vn -0.0673 -0.3608 0.9302
vn -0.0112 -0.9552 0.2957
vn -0.0097 -0.9076 0.4198
vn -0.0069 -0.8089 0.5879
vn -0.0035 -0.6822 0.7311
vn 0.0004 -0.5615 0.8275
vn 0.0012 -0.4711 0.8821
vn -0.0009 -0.4187 0.9081
vn -0.0035 -0.3997 0.9166
vn -0.0087 -0.9655 0.2602
vn -0.0070 -0.9219 0.3873
vn -0.0048 -0.8255 0.5644
vn -0.0025 -0.6934 0.7206
vn 0.0096 -0.5620 0.8271
vn 0.0634 -0.4507 0.8904
vn 0.1799 -0.3226 0.9293
vn 0.3118 -0.3124 0.8973
vn 0.0763 -0.9774 0.1972
vn 0.1435 -0.9160 0.3746
vn 0.1422 -0.8187 0.5564
vn 0.0915 -0.6677 0.7388
vn 0.0582 -0.4732 0.8790
vn 0.0332 -0.4039 0.9142
vn 0.0872 -0.4236 0.9016
vn 0.1329 -0.4101 0.9023
vn 0.0039 -0.9663 0.2575
vn 0.0063 -0.9028 0.4300
vn 0.0178 -0.7929 0.6091
vn 0.0368 -0.6752 0.7367
vn 0.0523 -0.5530 0.8315
vn 0.0403 -0.3918 0.9192
vn 0.0035 -0.2274 0.9738
vn -0.0422 -0.2270 0.9730
vn 0.1017 0.3837 0.9178
vn 0.1174 0.3247 0.9385
vn 0.0935 0.4263 0.8997
vn 0.0045 0.3220 0.9467
vn -0.1066 -0.3602 0.9268
vn -0.0599 -0.4317 0.9000
vn -0.0119 -0.5314 0.8470
vn 0.0395 -0.5783 0.8148
vn 0.0772 0.4019 0.9124
vn 0.1065 0.2464 0.9633
vn 0.1509 0.1663 0.9745
vn 0.1325 -0.2388 0.9620
vn 0.0551 -0.3546 0.9334
vn 0.0724 -0.5351 0.8417
vn 0.1208 -0.4744 0.8720
vn 0.0754 -0.2135 0.9740
vn -0.0198 0.3887 0.9212
vn 0.0117 0.2499 0.9682
vn -0.0131 0.1203 0.9927
vn -0.0800 -0.1218 0.9893
vn -0.1860 -0.3602 0.9141
vn -0.2736 -0.5549 0.7856
vn -0.2221 -0.5999 0.7686
vn -0.1144 -0.5641 0.8177
vn -0.1580 0.2713 0.9494
vn -0.1798 0.1085 0.9777
vn -0.2152 -0.0483 0.9754
vn -0.2063 -0.2215 0.9531
vn -0.1023 -0.4242 0.8998
vn 0.0699 -0.5591 0.8261
vn 0.2729 -0.5013 0.8211
vn 0.4291 -0.3672 0.8252
vn -0.0353 0.3604 0.9321
vn -0.0285 0.2093 0.9774
vn -0.0202 0.0318 0.9993
vn -0.0120 -0.1478 0.9889
vn -0.0010 -0.2788 0.9603
vn 0.0142 -0.3819 0.9241
vn 0.0164 -0.4622 0.8866
vn 0.0112 -0.5009 0.8654
vn -0.2614 0.2951 0.9190
vn -0.3066 0.2167 0.9268
vn -0.2983 0.1355 0.9448
vn -0.2441 0.0258 0.9694
vn -0.1637 -0.1261 0.9784
vn -0.0772 -0.2798 0.9570
vn -0.0234 -0.3985 0.9169
vn -0.0017 -0.4594 0.8882
vn 0.2121 0.4927 0.8439
vn 0.1364 0.1652 0.9768
vn 0.0233 0.0103 0.9997
vn -0.0267 -0.1459 0.9889
vn -0.0169 -0.3084 0.9511
vn -0.0020 -0.3976 0.9176
vn 0.0075 -0.4508 0.8926
vn 0.0698 -0.4995 0.8635
vn -0.0693 0.4457 0.8925
vn -0.0672 0.5908 0.8040
vn 0.0135 0.6838 0.7296
vn -0.1832 -0.2219 0.9577
vn -0.3335 -0.6032 0.7245
vn -0.1192 -0.2815 0.9521
vn -0.0385 -0.3628 0.9311
vn -0.0445 -0.4708 0.8811
vn 0.2938 0.2894 0.9110
vn 0.3386 0.2179 0.9154
vn 0.3287 0.1439 0.9334
vn 0.2755 0.0322 0.9608
vn 0.2147 -0.1290 0.9681
vn 0.1540 -0.3463 0.9254
vn 0.1662 -0.5275 0.8331
vn 0.2112 -0.6272 0.7497
vn 0.0805 0.2628 0.9615
vn 0.1289 0.0212 0.9914
vn 0.1942 -0.2428 0.9504
vn 0.2249 -0.3438 0.9117
vn 0.1988 -0.2518 0.9471
vn 0.1291 -0.1894 0.9734
vn 0.0529 -0.2724 0.9607
vn -0.0119 -0.3541 0.9351
vn -0.0168 -0.9589 0.2831
vn -0.0155 -0.9060 0.4229
vn -0.0157 -0.8034 0.5952
vn -0.0174 -0.6782 0.7347
vn -0.0181 -0.5625 0.8266
vn -0.0174 -0.4760 0.8793
vn -0.0170 -0.4237 0.9056
vn -0.0164 -0.4024 0.9153
vn -0.0095 -0.9584 0.2854
vn -0.0097 -0.9053 0.4246
vn -0.0051 -0.8036 0.5951
vn 0.0009 -0.6770 0.7360
vn 0.0079 -0.5589 0.8292
vn 0.0188 -0.4655 0.8849
vn 0.0389 -0.4019 0.9148
vn 0.0618 -0.3739 0.9254
vn -0.0392 -0.9711 0.2354
vn -0.0367 -0.9128 0.4068
vn -0.0320 -0.8041 0.5937
vn -0.0265 -0.6743 0.7380
vn -0.0218 -0.5588 0.8290
vn -0.0189 -0.4785 0.8779
vn -0.0179 -0.4344 0.9005
vn -0.0181 -0.4217 0.9066
vn 0.0107 -0.9765 0.2152
vn 0.0095 -0.9138 0.4060
vn 0.0080 -0.8048 0.5935
vn 0.0059 -0.6710 0.7415
vn 0.0046 -0.5527 0.8333
vn 0.0048 -0.4697 0.8828
vn 0.0058 -0.4267 0.9044
vn 0.0072 -0.4142 0.9102
vn -0.0372 -0.9717 0.2332
vn -0.0346 -0.9122 0.4084
vn -0.0305 -0.8041 0.5937
vn -0.0256 -0.6725 0.7396
vn -0.0213 -0.5540 0.8322
vn -0.0183 -0.4731 0.8808
vn -0.0170 -0.4297 0.9028
vn -0.0176 -0.4167 0.9089
vn -0.0401 -0.9699 0.2401
vn -0.0360 -0.9121 0.4083
vn -0.0310 -0.8042 0.5936
vn -0.0256 -0.6773 0.7352
vn -0.0210 -0.5616 0.8271
vn -0.0181 -0.4824 0.8758
vn -0.0176 -0.4379 0.8988
vn -0.0196 -0.4223 0.9063
vn -0.0383 -0.9723 0.2307
vn -0.0338 -0.9193 0.3921
vn -0.0282 -0.8179 0.5747
vn -0.0239 -0.6978 0.7159
vn -0.0213 -0.5857 0.8103
vn -0.0218 -0.4985 0.8666
vn -0.0251 -0.4416 0.8969
vn -0.0303 -0.4170 0.9084
vn -0.0239 -0.9627 0.2695
vn -0.0211 -0.9083 0.4178
vn -0.0210 -0.8026 0.5961
vn -0.0225 -0.6749 0.7376
vn -0.0257 -0.5591 0.8287
vn -0.0300 -0.4747 0.8797
vn -0.0349 -0.4234 0.9053
vn -0.0384 -0.4018 0.9149
vn -0.0327 -0.9718 0.2336
vn -0.0304 -0.9107 0.4120
vn -0.0276 -0.8008 0.5983
vn -0.0236 -0.6717 0.7404
vn -0.0194 -0.5522 0.8335
vn -0.0166 -0.4706 0.8822
vn -0.0154 -0.4247 0.9052
vn -0.0153 -0.4118 0.9111
vn -0.0130 -0.9577 0.2873
vn -0.0116 -0.9061 0.4229
vn -0.0098 -0.8053 0.5928
vn -0.0079 -0.6790 0.7341
vn -0.0059 -0.5613 0.8276
vn -0.0039 -0.4737 0.8807
vn -0.0004 -0.4218 0.9067
vn 0.0045 -0.4005 0.9163
vn -0.0040 -0.9644 0.2645
vn -0.0072 -0.9069 0.4213
vn -0.0040 -0.8007 0.5990
vn 0.0030 -0.6713 0.7412
vn 0.0109 -0.5554 0.8315
vn 0.0176 -0.4688 0.8831
vn 0.0196 -0.4121 0.9109
vn 0.0149 -0.3784 0.9255
vn 0.0079 -0.9780 0.2086
vn 0.0045 -0.9191 0.3941
vn 0.0034 -0.8149 0.5796
vn 0.0038 -0.6908 0.7230
vn 0.0056 -0.5790 0.8153
vn 0.0095 -0.4927 0.8701
vn 0.0151 -0.4369 0.8994
vn 0.0219 -0.4113 0.9112
vn 0.0101 -0.9759 0.2180
vn 0.0077 -0.9124 0.4092
vn 0.0060 -0.8029 0.5961
vn 0.0047 -0.6712 0.7413
vn 0.0043 -0.5553 0.8317
vn 0.0049 -0.4731 0.8810
vn 0.0066 -0.4294 0.9031
vn 0.0098 -0.4158 0.9094
vn 0.0096 -0.9768 0.2137
vn 0.0088 -0.9130 0.4080
vn 0.0076 -0.8043 0.5942
vn 0.0060 -0.6706 0.7418
vn 0.0049 -0.5519 0.8339
vn 0.0041 -0.4663 0.8846
vn 0.0040 -0.4191 0.9079
vn 0.0043 -0.4051 0.9143
vn 0.0107 -0.9767 0.2142
vn 0.0099 -0.9139 0.4059
vn 0.0083 -0.8032 0.5957
vn 0.0063 -0.6712 0.7413
vn 0.0047 -0.5513 0.8343
vn 0.0040 -0.4668 0.8844
vn 0.0046 -0.4207 0.9072
vn 0.0060 -0.4114 0.9114
vn 0.0590 0.4011 0.9141
vn 0.0919 0.2178 0.9717
vn 0.1321 0.0025 0.9912
vn 0.1625 -0.1873 0.9688
vn 0.1793 -0.3318 0.9262
vn 0.1804 -0.4159 0.8913
vn 0.1710 -0.4443 0.8794
vn 0.1822 -0.3304 0.9261
vn -0.0162 -0.9599 0.2800
vn -0.0142 -0.9068 0.4212
vn -0.0135 -0.8053 0.5927
vn -0.0142 -0.6805 0.7326
vn -0.0141 -0.5639 0.8257
vn -0.0132 -0.4760 0.8793
vn -0.0121 -0.4233 0.9059
vn -0.0112 -0.4018 0.9157
vn -0.0219 -0.9571 0.2889
vn -0.0196 -0.9055 0.4239
vn -0.0202 -0.8025 0.5963
vn -0.0229 -0.6764 0.7362
vn -0.0275 -0.4731 0.8806
vn -0.0298 -0.4215 0.9063
vn -0.0341 -0.3987 0.9165
vn -0.0036 -0.9583 0.2858
vn -0.0056 -0.9044 0.4267
vn -0.0008 -0.8002 0.5997
vn 0.0068 -0.6691 0.7432
vn 0.0154 -0.5398 0.8417
vn 0.0253 -0.4377 0.8987
vn 0.0342 -0.3858 0.9220
vn 0.0389 -0.3811 0.9237
vn -0.0112 -0.9593 0.2823
vn -0.0113 -0.9066 0.4219
vn -0.0082 -0.8052 0.5930
vn -0.0037 -0.6795 0.7337
vn 0.0004 -0.5634 0.8262
vn 0.0056 -0.4754 0.8798
vn 0.0172 -0.4190 0.9078
vn 0.0349 -0.3922 0.9192
vn -0.0807 0.3504 0.9331
vn -0.1588 0.2429 0.9570
vn -0.2579 0.1126 0.9596
vn -0.3331 0.0064 0.9429
vn -0.2573 -0.1476 0.9550
vn -0.0882 -0.2544 0.9631
vn 0.0317 -0.2890 0.9568
vn 0.0929 -0.3820 0.9195
vn -0.0644 0.4032 0.9128
vn -0.0952 0.2152 0.9719
vn -0.1277 -0.0012 0.9918
vn -0.1501 -0.1937 0.9695
vn -0.1649 -0.3327 0.9285
vn -0.1965 -0.3979 0.8961
vn -0.2320 -0.4666 0.8535
vn -0.1705 -0.4611 0.8708
vn 0.1248 0.5769 0.8072
vn 0.0774 0.1828 0.9801
vn 0.0929 -0.0431 0.9947
vn 0.1576 -0.1328 0.9785
vn 0.1969 -0.2394 0.9507
vn 0.2275 -0.3837 0.8950
vn 0.3139 -0.4093 0.8567
vn 0.3521 -0.5807 0.7340
vn -0.0251 -0.9710 0.2376
vn -0.0251 -0.9148 0.4031
vn -0.0224 -0.8079 0.5890
vn -0.0188 -0.6762 0.7364
vn -0.0147 -0.5589 0.8291
vn -0.0114 -0.4769 0.8789
vn -0.0098 -0.4320 0.9018
vn -0.0098 -0.4187 0.9080
vn -0.0431 -0.9720 0.2309
vn -0.0385 -0.9111 0.4104
vn -0.0330 -0.8016 0.5970
vn -0.0269 -0.6716 0.7404
vn -0.0223 -0.5566 0.8305
vn -0.0203 -0.4759 0.8793
vn -0.0204 -0.4323 0.9015
vn -0.0218 -0.4193 0.9076
vn -0.0302 -0.9715 0.2350
vn -0.0292 -0.9142 0.4043
vn -0.0261 -0.8060 0.5913
vn -0.0220 -0.6767 0.7360
vn -0.0177 -0.5583 0.8295
vn -0.0144 -0.4783 0.8781
vn -0.0131 -0.4349 0.9004
vn -0.0134 -0.4209 0.9070
vn 0.0198 -0.9759 0.2174
vn 0.0184 -0.9109 0.4123
vn 0.0162 -0.8016 0.5976
vn 0.0131 -0.6678 0.7442
vn 0.0109 -0.5505 0.8348
vn 0.0106 -0.4677 0.8838
vn 0.0116 -0.4231 0.9060
vn 0.0136 -0.4111 0.9115
vn 0.0007 -0.9759 0.2184
vn -0.0011 -0.9151 0.4032
vn -0.0017 -0.8049 0.5934
vn -0.0022 -0.6744 0.7384
vn -0.0024 -0.5533 0.8330
vn -0.0019 -0.4729 0.8811
vn -0.0008 -0.4288 0.9034
vn 0.0014 -0.4162 0.9093
vn -0.0047 -0.9751 0.2217
vn -0.0069 -0.9156 0.4020
vn -0.0069 -0.8058 0.5922
vn -0.0064 -0.6751 0.7377
vn -0.0055 -0.5540 0.8325
vn -0.0043 -0.4727 0.8812
vn -0.0027 -0.4283 0.9036
vn -0.0005 -0.4149 0.9099
vn -0.0265 -0.9722 0.2325
vn -0.0255 -0.9115 0.4105
vn -0.0231 -0.8019 0.5971
vn -0.0198 -0.6729 0.7395
vn -0.0169 -0.5547 0.8319
vn -0.0147 -0.4712 0.8819
vn -0.0134 -0.4250 0.9051
vn -0.0131 -0.4082 0.9128
vn -0.0363 -0.9710 0.2362
vn -0.0337 -0.9089 0.4156
vn -0.0298 -0.8019 0.5967
vn -0.0243 -0.6676 0.7441
vn -0.0201 -0.5544 0.8320
vn -0.0168 -0.4705 0.8822
vn -0.0156 -0.4244 0.9053
vn -0.0164 -0.4129 0.9106
vn -0.0287 -0.9637 0.2655
vn -0.0240 -0.9059 0.4228
vn -0.0236 -0.7969 0.6036
vn -0.0260 -0.6624 0.7487
vn -0.0300 -0.5424 0.8396
vn -0.0347 -0.4539 0.8904
vn -0.0411 -0.3993 0.9159
vn -0.0513 -0.3729 0.9264
vn -0.0422 -0.9744 0.2209
vn -0.0353 -0.9199 0.3905
vn -0.0296 -0.8174 0.5753
vn -0.0253 -0.6944 0.7191
vn -0.0206 -0.5744 0.8183
vn -0.0168 -0.4811 0.8765
vn -0.0143 -0.4203 0.9073
vn -0.0127 -0.3956 0.9183
vn -0.0465 -0.9714 0.2328
vn -0.0404 -0.9118 0.4087
vn -0.0341 -0.8045 0.5930
vn -0.0283 -0.6751 0.7372
vn -0.0244 -0.5594 0.8285
vn -0.0228 -0.4801 0.8769
vn -0.0225 -0.4345 0.9004
vn -0.0212 -0.4161 0.9091
vn -0.0154 -0.9740 0.2259
vn -0.0160 -0.9139 0.4057
vn -0.0148 -0.8046 0.5936
vn -0.0130 -0.6749 0.7378
vn -0.0107 -0.5539 0.8325
vn -0.0088 -0.4710 0.8821
vn -0.0076 -0.4242 0.9055
vn -0.0069 -0.4086 0.9127
vn -0.0125 -0.9749 0.2223
vn -0.0127 -0.9123 0.4092
vn -0.0120 -0.8019 0.5973
vn -0.0104 -0.6724 0.7401
vn -0.0087 -0.5510 0.8344
vn -0.0074 -0.4686 0.8834
vn -0.0065 -0.4214 0.9069
vn -0.0060 -0.4084 0.9128
vn -0.0209 -0.9721 0.2338
vn -0.0210 -0.9152 0.4025
vn -0.0192 -0.8080 0.5889
vn -0.0165 -0.6760 0.7367
vn -0.0134 -0.5572 0.8303
vn -0.0109 -0.4730 0.8810
vn -0.0087 -0.4259 0.9047
vn -0.0071 -0.4124 0.9110
vn -0.0312 -0.9711 0.2365
vn -0.0302 -0.9134 0.4060
vn -0.0273 -0.8060 0.5912
vn -0.0231 -0.6749 0.7376
vn -0.0189 -0.5587 0.8292
vn -0.0160 -0.4740 0.8804
vn -0.0144 -0.4289 0.9033
vn -0.0140 -0.4165 0.9090
vn -0.0078 -0.9759 0.2180
vn -0.0078 -0.9117 0.4109
vn -0.0075 -0.8006 0.5991
vn -0.0066 -0.6707 0.7417
vn -0.0055 -0.5485 0.8361
vn -0.0046 -0.4664 0.8846
vn -0.0039 -0.4199 0.9076
vn -0.0036 -0.4058 0.9139
vn -0.0059 -0.9758 0.2184
vn -0.0059 -0.9113 0.4117
vn -0.0051 -0.7998 0.6003
vn -0.0045 -0.6697 0.7426
vn -0.0038 -0.5470 0.8371
vn -0.0032 -0.4649 0.8854
vn -0.0027 -0.4183 0.9083
vn -0.0025 -0.4047 0.9145
vn -0.0140 -0.9743 0.2246
vn -0.0139 -0.9106 0.4130
vn -0.0127 -0.7998 0.6002
vn -0.0111 -0.6703 0.7420
vn -0.0096 -0.5514 0.8342
vn -0.0082 -0.4675 0.8840
vn -0.0074 -0.4213 0.9069
vn -0.0071 -0.4071 0.9134
vn -0.0041 -0.9753 0.2207
vn -0.0041 -0.9104 0.4138
vn -0.0038 -0.8007 0.5991
vn -0.0033 -0.6669 0.7452
vn -0.0026 -0.5478 0.8366
vn -0.0022 -0.4641 0.8858
vn -0.0019 -0.4163 0.9092
vn -0.0019 -0.4051 0.9143
vn -0.0124 -0.9570 0.2898
vn -0.0117 -0.9060 0.4230
vn -0.0092 -0.8044 0.5940
vn -0.0066 -0.6777 0.7353
vn -0.0049 -0.5607 0.8280
vn -0.0026 -0.4743 0.8803
vn 0.0014 -0.4218 0.9067
vn 0.0052 -0.3993 0.9168
vn 0.0016 0.3920 0.9200
vn -0.0040 0.2213 0.9752
vn -0.0079 0.0102 0.9999
vn -0.0047 -0.1709 0.9853
vn 0.0021 -0.3044 0.9526
vn 0.0042 -0.4010 0.9161
vn 0.0035 -0.4581 0.8889
vn 0.0054 -0.4587 0.8886
vn 0.0307 0.3172 0.9479
vn 0.0044 0.1124 0.9936
vn -0.0839 -0.1327 0.9876
vn -0.2217 -0.3061 0.9258
vn -0.3574 -0.3450 0.8679
vn -0.4293 -0.2869 0.8564
vn -0.4070 -0.2216 0.8861
vn -0.3085 -0.1953 0.9309
vn -0.0291 0.3771 0.9257
vn -0.0519 0.1780 0.9827
vn -0.0058 -0.0276 0.9996
vn 0.1693 -0.2666 0.9488
vn 0.3136 -0.2833 0.9063
vn 0.2377 -0.2671 0.9339
vn 0.0978 -0.4161 0.9041
vn 0.0133 -0.4572 0.8893
vn -0.0335 0.4568 0.8889
vn -0.0180 0.4737 0.8805
vn -0.0016 0.2591 0.9658
vn -0.0003 -0.0899 0.9960
vn -0.0371 -0.2504 0.9674
vn -0.1537 -0.2528 0.9552
vn -0.3162 -0.4937 0.8101
vn -0.3465 -0.6173 0.7063
vn -0.0388 -0.9723 0.2303
vn -0.0353 -0.9100 0.4131
vn -0.0309 -0.7997 0.5996
vn -0.0255 -0.6695 0.7424
vn -0.0204 -0.5527 0.8332
vn -0.0173 -0.4705 0.8822
vn -0.0169 -0.4259 0.9046
vn -0.0186 -0.4160 0.9092
vn -0.0287 -0.9705 0.2392
vn -0.0280 -0.9134 0.4061
vn -0.0249 -0.8051 0.5927
vn -0.0200 -0.6774 0.7353
vn -0.0162 -0.5632 0.8261
vn -0.0144 -0.4840 0.8750
vn -0.0139 -0.4406 0.8976
vn -0.0144 -0.4248 0.9052
vn -0.0267 -0.9652 0.2600
vn -0.0249 -0.9075 0.4193
vn -0.0215 -0.8015 0.5976
vn -0.0185 -0.6774 0.7354
vn -0.0159 -0.5644 0.8254
vn -0.0146 -0.4845 0.8747
vn -0.0162 -0.4352 0.9002
vn -0.0209 -0.4103 0.9117
vn -0.0195 -0.9631 0.2683
vn -0.0171 -0.9103 0.4136
vn -0.0149 -0.8088 0.5879
vn -0.0139 -0.6853 0.7282
vn -0.0155 -0.5703 0.8213
vn -0.0183 -0.4851 0.8742
vn -0.0195 -0.4320 0.9017
vn -0.0191 -0.4072 0.9131
vn -0.0133 -0.9592 0.2822
vn -0.0129 -0.9062 0.4226
vn -0.0110 -0.8048 0.5935
vn -0.0083 -0.6797 0.7335
vn -0.0064 -0.5616 0.8274
vn -0.0049 -0.4731 0.8810
vn -0.0028 -0.4212 0.9069
vn -0.0002 -0.3995 0.9167
vn -0.0073 -0.9749 0.2224
vn -0.0073 -0.9100 0.4146
vn -0.0068 -0.7984 0.6021
vn -0.0061 -0.6685 0.7437
vn -0.0051 -0.5487 0.8360
vn -0.0042 -0.4642 0.8857
vn -0.0039 -0.4179 0.9085
vn -0.0038 -0.4021 0.9156
vn -0.0020 -0.9756 0.2196
vn -0.0021 -0.9112 0.4120
vn -0.0019 -0.7998 0.6003
vn -0.0018 -0.6678 0.7444
vn -0.0016 -0.5512 0.8344
vn -0.0013 -0.4646 0.8855
vn -0.0012 -0.4167 0.9090
vn -0.0012 -0.4030 0.9152
vn -0.0095 -0.9650 0.2620
vn -0.0118 -0.9092 0.4163
vn -0.0102 -0.8068 0.5908
vn -0.0062 -0.6841 0.7294
vn 0.0001 -0.5701 0.8216
vn 0.0069 -0.4841 0.8750
vn 0.0129 -0.4306 0.9025
vn 0.0180 -0.4049 0.9142
vn -0.0040 -0.9698 0.2439
vn -0.0074 -0.9079 0.4190
vn -0.0071 -0.8006 0.5992
vn -0.0054 -0.6737 0.7390
vn -0.0030 -0.5616 0.8274
vn -0.0003 -0.4812 0.8766
vn 0.0038 -0.4334 0.9012
vn 0.0108 -0.4097 0.9121
vn -0.0012 -0.9742 0.2259
vn -0.0038 -0.9134 0.4070
vn -0.0045 -0.8047 0.5936
vn -0.0045 -0.6733 0.7393
vn -0.0036 -0.5596 0.8287
vn -0.0018 -0.4784 0.8781
vn 0.0009 -0.4344 0.9007
vn 0.0035 -0.4216 0.9068
vn 0.0175 -0.9760 0.2172
vn 0.0167 -0.9117 0.4105
vn 0.0147 -0.8005 0.5991
vn 0.0121 -0.6705 0.7418
vn 0.0093 -0.5472 0.8369
vn 0.0077 -0.4646 0.8855
vn 0.0077 -0.4188 0.9081
vn 0.0097 -0.4075 0.9131
vn -0.0131 0.3075 0.9515
vn 0.0278 0.0922 0.9954
vn 0.1330 -0.1398 0.9812
vn 0.2843 -0.3088 0.9076
vn 0.4164 -0.3275 0.8481
vn 0.4784 -0.2696 0.8357
vn 0.4468 -0.1995 0.8721
vn 0.3436 -0.1790 0.9219
vn 0.0475 0.3441 0.9377
vn 0.0438 0.2239 0.9736
vn 0.0215 0.0440 0.9988
vn 0.0034 -0.1558 0.9878
vn -0.0090 -0.3016 0.9534
vn -0.0156 -0.3960 0.9181
vn -0.0151 -0.4409 0.8974
vn -0.0118 -0.4480 0.8940
vn -0.0016 -0.9765 0.2157
vn -0.0022 -0.9128 0.4085
vn -0.0025 -0.8036 0.5952
vn -0.0024 -0.6698 0.7425
vn -0.0020 -0.5513 0.8343
vn -0.0016 -0.4663 0.8846
vn -0.0011 -0.4195 0.9078
vn -0.0007 -0.4056 0.9141
vn -0.0070 -0.9760 0.2176
vn -0.0072 -0.9118 0.4106
vn -0.0067 -0.8025 0.5966
vn -0.0059 -0.6691 0.7432
vn -0.0051 -0.5501 0.8351
vn -0.0043 -0.4650 0.8853
vn -0.0036 -0.4197 0.9076
vn -0.0033 -0.4058 0.9140
vn 0.0039 -0.9764 0.2159
vn 0.0022 -0.9150 0.4033
vn 0.0013 -0.8066 0.5910
vn 0.0005 -0.6730 0.7396
vn -0.0001 -0.5539 0.8326
vn -0.0002 -0.4684 0.8835
vn 0.0006 -0.4230 0.9061
vn 0.0016 -0.4108 0.9117
vn -0.0075 -0.9750 0.2220
vn -0.0091 -0.9159 0.4014
vn -0.0087 -0.8065 0.5911
vn -0.0077 -0.6760 0.7369
vn -0.0064 -0.5537 0.8327
vn -0.0049 -0.4703 0.8825
vn -0.0039 -0.4236 0.9058
vn -0.0034 -0.4095 0.9123
vn -0.0064 -0.9761 0.2172
vn -0.0069 -0.9132 0.4074
vn -0.0066 -0.8044 0.5941
vn -0.0058 -0.6710 0.7414
vn -0.0049 -0.5503 0.8349
vn -0.0042 -0.4678 0.8838
vn -0.0034 -0.4210 0.9070
vn -0.0026 -0.4066 0.9136
vn -0.0081 -0.9755 0.2198
vn -0.0091 -0.9146 0.4042
vn -0.0083 -0.8049 0.5934
vn -0.0073 -0.6748 0.7379
vn -0.0061 -0.5528 0.8333
vn -0.0051 -0.4696 0.8829
vn -0.0040 -0.4226 0.9063
vn -0.0032 -0.4073 0.9133
vn 0.0216 -0.9757 0.2182
vn 0.0197 -0.9106 0.4128
vn 0.0170 -0.7989 0.6013
vn 0.0148 -0.6704 0.7418
vn 0.0138 -0.5506 0.8347
vn 0.0140 -0.4709 0.8821
vn 0.0151 -0.4253 0.9049
vn 0.0151 -0.4084 0.9127
vn 0.0169 -0.9781 0.2073
vn 0.0149 -0.9173 0.3978
vn 0.0137 -0.8128 0.5824
vn 0.0131 -0.6873 0.7262
vn 0.0121 -0.5665 0.8240
vn 0.0113 -0.4711 0.8820
vn 0.0109 -0.4124 0.9110
vn 0.0103 -0.3902 0.9207
vn 0.0050 -0.9686 0.2486
vn 0.0043 -0.9052 0.4250
vn 0.0088 -0.7899 0.6132
vn 0.0151 -0.6579 0.7530
vn 0.0225 -0.5337 0.8453
vn 0.0303 -0.4480 0.8935
vn 0.0404 -0.4121 0.9102
vn 0.0636 -0.4204 0.9051
vn 0.0151 -0.9762 0.2165
vn 0.0145 -0.9122 0.4095
vn 0.0132 -0.8030 0.5959
vn 0.0107 -0.6690 0.7432
vn 0.0085 -0.5518 0.8339
vn 0.0070 -0.4634 0.8861
vn 0.0063 -0.4177 0.9086
vn 0.0072 -0.4046 0.9145
vn 0.0037 -0.9767 0.2144
vn 0.0026 -0.9143 0.4051
vn 0.0020 -0.8056 0.5924
vn 0.0014 -0.6720 0.7406
vn 0.0009 -0.5547 0.8320
vn 0.0008 -0.4651 0.8853
vn 0.0012 -0.4217 0.9067
vn 0.0016 -0.4048 0.9144
vn -0.0287 -0.9718 0.2342
vn -0.0273 -0.9144 0.4040
vn -0.0250 -0.8063 0.5910
vn -0.0211 -0.6767 0.7360
vn -0.0172 -0.5571 0.8303
vn -0.0141 -0.4761 0.8793
vn -0.0121 -0.4320 0.9018
vn -0.0113 -0.4174 0.9087
vn -0.0253 -0.9712 0.2368
vn -0.0251 -0.9147 0.4033
vn -0.0229 -0.8078 0.5890
vn -0.0196 -0.6764 0.7363
vn -0.0159 -0.5597 0.8286
vn -0.0124 -0.4744 0.8802
vn -0.0104 -0.4305 0.9025
vn -0.0100 -0.4175 0.9086
vn -0.0101 -0.9751 0.2215
vn -0.0055 -0.9158 0.4016
vn -0.0054 -0.8074 0.5900
vn -0.0052 -0.6740 0.7387
vn -0.0046 -0.5564 0.8309
vn -0.0038 -0.4694 0.8830
vn -0.0028 -0.4256 0.9049
vn -0.0011 -0.4142 0.9102
vn -0.0004 -0.9759 0.2182
vn -0.0024 -0.9155 0.4023
vn -0.0027 -0.8056 0.5925
vn -0.0031 -0.6750 0.7378
vn -0.0029 -0.5525 0.8335
vn -0.0023 -0.4710 0.8821
vn -0.0015 -0.4265 0.9045
vn -0.0003 -0.4132 0.9107
vn -0.0161 -0.9732 0.2296
vn -0.0163 -0.9125 0.4088
vn -0.0151 -0.8040 0.5944
vn -0.0132 -0.6721 0.7403
vn -0.0112 -0.5557 0.8313
vn -0.0094 -0.4681 0.8836
vn -0.0082 -0.4227 0.9062
vn -0.0079 -0.4094 0.9123
vn -0.0180 -0.9729 0.2305
vn -0.0182 -0.9120 0.4099
vn -0.0165 -0.8034 0.5952
vn -0.0144 -0.6699 0.7423
vn -0.0123 -0.5552 0.8316
vn -0.0109 -0.4703 0.8825
vn -0.0097 -0.4231 0.9060
vn -0.0092 -0.4097 0.9122
vn -0.0263 -0.9715 0.2356
vn -0.0256 -0.9137 0.4056
vn -0.0234 -0.8062 0.5911
vn -0.0201 -0.6749 0.7376
vn -0.0168 -0.5584 0.8294
vn -0.0142 -0.4733 0.8808
vn -0.0127 -0.4262 0.9046
vn -0.0120 -0.4118 0.9112
vn -0.0222 -0.9727 0.2309
vn -0.0220 -0.9144 0.4042
vn -0.0202 -0.8056 0.5921
vn -0.0175 -0.6750 0.7376
vn -0.0146 -0.5568 0.8305
vn -0.0122 -0.4729 0.8810
vn -0.0105 -0.4255 0.9049
vn -0.0096 -0.4110 0.9116
vn -0.0104 -0.9746 0.2237
vn -0.0106 -0.9105 0.4133
vn -0.0097 -0.8011 0.5984
vn -0.0084 -0.6678 0.7443
vn -0.0072 -0.5494 0.8355
vn -0.0061 -0.4660 0.8848
vn -0.0056 -0.4188 0.9081
vn -0.0053 -0.4070 0.9134
vn -0.0102 -0.9747 0.2233
vn -0.0105 -0.9113 0.4117
vn -0.0098 -0.8019 0.5974
vn -0.0086 -0.6689 0.7433
vn -0.0072 -0.5504 0.8349
vn -0.0062 -0.4668 0.8843
vn -0.0054 -0.4195 0.9077
vn -0.0052 -0.4074 0.9132
vn -0.0056 -0.9745 0.2242
vn -0.0058 -0.9106 0.4133
vn -0.0055 -0.8009 0.5988
vn -0.0047 -0.6672 0.7448
vn -0.0040 -0.5508 0.8347
vn -0.0033 -0.4644 0.8856
vn -0.0031 -0.4167 0.9090
vn -0.0029 -0.4030 0.9152
vn -0.0060 -0.9755 0.2199
vn -0.0059 -0.9111 0.4122
vn -0.0057 -0.7995 0.6006
vn -0.0051 -0.6695 0.7428
vn -0.0042 -0.5495 0.8355
vn -0.0034 -0.4648 0.8854
vn -0.0030 -0.4183 0.9083
vn -0.0029 -0.4048 0.9144
vn -0.0040 -0.9755 0.2200
vn -0.0038 -0.9110 0.4124
vn -0.0036 -0.7995 0.6006
vn -0.0030 -0.6695 0.7428
vn -0.0025 -0.5493 0.8356
vn -0.0020 -0.4645 0.8856
vn -0.0018 -0.4166 0.9091
vn -0.0017 -0.4029 0.9152
vn -0.0049 -0.9757 0.2192
vn -0.0051 -0.9113 0.4117
vn -0.0045 -0.8018 0.5976
vn -0.0040 -0.6678 0.7443
vn -0.0034 -0.5496 0.8355
vn -0.0028 -0.4648 0.8854
vn -0.0024 -0.4182 0.9084
vn -0.0022 -0.4047 0.9145
vn -0.0033 -0.9764 0.2161
vn -0.0034 -0.9121 0.4098
vn -0.0032 -0.8027 0.5964
vn -0.0031 -0.6689 0.7433
vn -0.0027 -0.5496 0.8354
vn -0.0021 -0.4642 0.8857
vn -0.0017 -0.4190 0.9080
vn -0.0016 -0.4053 0.9142
vn -0.0047 -0.9763 0.2162
vn -0.0050 -0.9123 0.4095
vn -0.0050 -0.8012 0.5983
vn -0.0045 -0.6712 0.7413
vn -0.0037 -0.5487 0.8360
vn -0.0032 -0.4663 0.8846
vn -0.0026 -0.4197 0.9077
vn -0.0023 -0.4057 0.9140
vn 0.0002 -0.9762 0.2169
vn -0.0014 -0.9153 0.4027
vn -0.0017 -0.8055 0.5927
vn -0.0019 -0.6753 0.7376
vn -0.0021 -0.5547 0.8320
vn -0.0019 -0.4691 0.8831
vn -0.0011 -0.4217 0.9067
vn -0.0002 -0.4069 0.9135
vn -0.0040 -0.9752 0.2214
vn -0.0055 -0.9156 0.4021
vn -0.0057 -0.8074 0.5900
vn -0.0052 -0.6742 0.7386
vn -0.0045 -0.5545 0.8322
vn -0.0036 -0.4697 0.8828
vn -0.0025 -0.4215 0.9068
vn -0.0015 -0.4082 0.9129
vn -0.0045 -0.9761 0.2173
vn -0.0053 -0.9140 0.4057
vn -0.0052 -0.8053 0.5929
vn -0.0048 -0.6721 0.7405
vn -0.0042 -0.5549 0.8319
vn -0.0033 -0.4660 0.8848
vn -0.0025 -0.4202 0.9074
vn -0.0019 -0.4077 0.9131
vn -0.0023 -0.9759 0.2183
vn -0.0033 -0.9140 0.4058
vn -0.0033 -0.8052 0.5930
vn -0.0030 -0.6698 0.7426
vn -0.0027 -0.5546 0.8321
vn -0.0019 -0.4679 0.8838
vn -0.0013 -0.4199 0.9076
vn -0.0008 -0.4075 0.9132
vn -0.0263 -0.9715 0.2355
vn -0.0257 -0.9148 0.4030
vn -0.0231 -0.8078 0.5890
vn -0.0194 -0.6763 0.7364
vn -0.0153 -0.5593 0.8289
vn -0.0123 -0.4777 0.8784
vn -0.0108 -0.4331 0.9013
vn -0.0109 -0.4197 0.9076
vn -0.0281 -0.9715 0.2355
vn -0.0275 -0.9145 0.4037
vn -0.0248 -0.8064 0.5908
vn -0.0204 -0.6770 0.7357
vn -0.0162 -0.5584 0.8294
vn -0.0130 -0.4780 0.8783
vn -0.0116 -0.4341 0.9008
vn -0.0118 -0.4197 0.9076
vn -0.0300 -0.9713 0.2358
vn -0.0292 -0.9144 0.4039
vn -0.0260 -0.8073 0.5896
vn -0.0215 -0.6761 0.7365
vn -0.0176 -0.5605 0.8280
vn -0.0146 -0.4768 0.8789
vn -0.0128 -0.4346 0.9005
vn -0.0130 -0.4191 0.9079
vn 0.0003 -0.9757 0.2191
vn -0.0014 -0.9153 0.4029
vn -0.0020 -0.8067 0.5910
vn -0.0025 -0.6731 0.7395
vn -0.0025 -0.5565 0.8308
vn -0.0021 -0.4695 0.8830
vn -0.0011 -0.4300 0.9028
vn 0.0009 -0.4134 0.9106
vn -0.0015 -0.9756 0.2197
vn -0.0036 -0.9154 0.4025
vn -0.0040 -0.8054 0.5928
vn -0.0040 -0.6748 0.7380
vn -0.0037 -0.5537 0.8327
vn -0.0031 -0.4729 0.8811
vn -0.0017 -0.4285 0.9035
vn 0.0006 -0.4157 0.9095
vn -0.0038 -0.9746 0.2240
vn -0.0056 -0.9155 0.4023
vn -0.0057 -0.8071 0.5904
vn -0.0054 -0.6735 0.7391
vn -0.0047 -0.5554 0.8316
vn -0.0038 -0.4731 0.8810
vn -0.0021 -0.4279 0.9038
vn 0.0001 -0.4164 0.9092
vn -0.0245 -0.9726 0.2314
vn -0.0237 -0.9124 0.4085
vn -0.0217 -0.8030 0.5955
vn -0.0189 -0.6739 0.7386
vn -0.0159 -0.5537 0.8325
vn -0.0136 -0.4716 0.8817
vn -0.0125 -0.4257 0.9048
vn -0.0121 -0.4104 0.9118
vn -0.0210 -0.9731 0.2296
vn -0.0209 -0.9133 0.4068
vn -0.0192 -0.8053 0.5925
vn -0.0167 -0.6736 0.7389
vn -0.0141 -0.5554 0.8315
vn -0.0119 -0.4718 0.8816
vn -0.0106 -0.4247 0.9053
vn -0.0101 -0.4108 0.9117
vn -0.0171 -0.9736 0.2275
vn -0.0176 -0.9138 0.4058
vn -0.0163 -0.8045 0.5937
vn -0.0143 -0.6749 0.7378
vn -0.0120 -0.5542 0.8323
vn -0.0099 -0.4714 0.8818
vn -0.0085 -0.4247 0.9053
vn -0.0080 -0.4092 0.9124
vn -0.0222 -0.9716 0.2354
vn -0.0226 -0.9149 0.4030
vn -0.0207 -0.8079 0.5890
vn -0.0173 -0.6763 0.7364
vn -0.0143 -0.5590 0.8291
vn -0.0117 -0.4721 0.8814
vn -0.0095 -0.4280 0.9037
vn -0.0080 -0.4116 0.9113
vn -0.0262 -0.9713 0.2365
vn -0.0259 -0.9144 0.4039
vn -0.0232 -0.8074 0.5895
vn -0.0197 -0.6760 0.7366
vn -0.0164 -0.5594 0.8287
vn -0.0137 -0.4742 0.8803
vn -0.0116 -0.4278 0.9038
vn -0.0102 -0.4129 0.9107
vn -0.0293 -0.9712 0.2366
vn -0.0282 -0.9139 0.4050
vn -0.0255 -0.8066 0.5906
vn -0.0217 -0.6754 0.7372
vn -0.0181 -0.5590 0.8289
vn -0.0150 -0.4742 0.8803
vn -0.0134 -0.4283 0.9035
vn -0.0126 -0.4140 0.9102
vn -0.0127 -0.9741 0.2257
vn -0.0129 -0.9121 0.4098
vn -0.0122 -0.8031 0.5957
vn -0.0106 -0.6687 0.7434
vn -0.0089 -0.5543 0.8323
vn -0.0074 -0.4687 0.8833
vn -0.0066 -0.4213 0.9069
vn -0.0063 -0.4084 0.9128
vn -0.0136 -0.9747 0.2232
vn -0.0137 -0.9115 0.4110
vn -0.0125 -0.8008 0.5988
vn -0.0108 -0.6715 0.7409
vn -0.0093 -0.5523 0.8336
vn -0.0079 -0.4659 0.8848
vn -0.0071 -0.4218 0.9067
vn -0.0068 -0.4074 0.9132
vn -0.0139 -0.9746 0.2237
vn -0.0138 -0.9110 0.4122
vn -0.0129 -0.8017 0.5975
vn -0.0111 -0.6689 0.7432
vn -0.0092 -0.5494 0.8355
vn -0.0081 -0.4676 0.8839
vn -0.0072 -0.4216 0.9068
vn -0.0070 -0.4072 0.9133
vn -0.0079 -0.9758 0.2184
vn -0.0080 -0.9113 0.4116
vn -0.0077 -0.8019 0.5974
vn -0.0065 -0.6684 0.7437
vn -0.0055 -0.5497 0.8354
vn -0.0046 -0.4660 0.8848
vn -0.0041 -0.4185 0.9082
vn -0.0039 -0.4067 0.9135
vn -0.0079 -0.9756 0.2194
vn -0.0078 -0.9101 0.4142
vn -0.0076 -0.8006 0.5991
vn -0.0067 -0.6673 0.7448
vn -0.0055 -0.5496 0.8354
vn -0.0047 -0.4653 0.8851
vn -0.0042 -0.4189 0.9080
vn -0.0041 -0.4053 0.9142
vn -0.0078 -0.9745 0.2241
vn -0.0077 -0.9103 0.4138
vn -0.0074 -0.8005 0.5993
vn -0.0064 -0.6668 0.7452
vn -0.0053 -0.5480 0.8365
vn -0.0046 -0.4645 0.8856
vn -0.0041 -0.4170 0.9089
vn -0.0041 -0.4059 0.9139
vn -0.0055 -0.9758 0.2187
vn -0.0051 -0.9111 0.4121
vn -0.0048 -0.8015 0.5979
vn -0.0042 -0.6677 0.7444
vn -0.0035 -0.5511 0.8344
vn -0.0029 -0.4605 0.8877
vn -0.0025 -0.4181 0.9084
vn -0.0025 -0.4045 0.9145
vn -0.0049 -0.9754 0.2204
vn -0.0049 -0.9108 0.4128
vn -0.0045 -0.7993 0.6009
vn -0.0039 -0.6693 0.7430
vn -0.0030 -0.5492 0.8357
vn -0.0026 -0.4644 0.8856
vn -0.0023 -0.4166 0.9091
vn -0.0022 -0.4054 0.9141
vn -0.0045 -0.9754 0.2204
vn -0.0043 -0.9098 0.4150
vn -0.0038 -0.8022 0.5970
vn -0.0034 -0.6648 0.7470
vn -0.0028 -0.5489 0.8359
vn -0.0024 -0.4642 0.8857
vn -0.0021 -0.4176 0.9086
vn -0.0019 -0.4041 0.9147
vn -0.0026 -0.9758 0.2185
vn -0.0027 -0.9114 0.4116
vn -0.0026 -0.8019 0.5974
vn -0.0022 -0.6680 0.7441
vn -0.0019 -0.5487 0.8360
vn -0.0016 -0.4633 0.8862
vn -0.0014 -0.4181 0.9084
vn -0.0013 -0.4046 0.9145
vn -0.0043 -0.9754 0.2205
vn -0.0041 -0.9111 0.4122
vn -0.0040 -0.8037 0.5950
vn -0.0035 -0.6660 0.7459
vn -0.0031 -0.5516 0.8341
vn -0.0027 -0.4651 0.8852
vn -0.0023 -0.4173 0.9087
vn -0.0021 -0.4060 0.9139
vn -0.0056 -0.9754 0.2202
vn -0.0061 -0.9118 0.4107
vn -0.0059 -0.8023 0.5969
vn -0.0053 -0.6687 0.7435
vn -0.0045 -0.5497 0.8354
vn -0.0037 -0.4658 0.8849
vn -0.0030 -0.4182 0.9084
vn -0.0028 -0.4065 0.9136
vn 0.0014 -0.9762 0.2168
vn -0.0001 -0.9154 0.4026
vn -0.0006 -0.8070 0.5906
vn -0.0013 -0.6735 0.7392
vn -0.0014 -0.5559 0.8312
vn -0.0012 -0.4689 0.8832
vn -0.0005 -0.4222 0.9065
vn 0.0004 -0.4095 0.9123
vn -0.0022 -0.9757 0.2190
vn -0.0037 -0.9156 0.4020
vn -0.0041 -0.8060 0.5919
vn -0.0039 -0.6756 0.7372
vn -0.0034 -0.5551 0.8318
vn -0.0028 -0.4696 0.8829
vn -0.0021 -0.4237 0.9058
vn -0.0013 -0.4083 0.9129
vn -0.0057 -0.9745 0.2244
vn -0.0076 -0.9158 0.4016
vn -0.0073 -0.8079 0.5893
vn -0.0065 -0.6747 0.7381
vn -0.0056 -0.5570 0.8305
vn -0.0044 -0.4702 0.8826
vn -0.0034 -0.4227 0.9063
vn -0.0029 -0.4086 0.9127
vn -0.0029 -0.9766 0.2151
vn -0.0028 -0.9129 0.4082
vn -0.0030 -0.8037 0.5951
vn -0.0029 -0.6700 0.7423
vn -0.0024 -0.5490 0.8358
vn -0.0018 -0.4665 0.8845
vn -0.0015 -0.4198 0.9076
vn -0.0010 -0.4057 0.9140
vn -0.0040 -0.9764 0.2157
vn -0.0044 -0.9130 0.4080
vn -0.0043 -0.8041 0.5945
vn -0.0039 -0.6704 0.7420
vn -0.0032 -0.5520 0.8339
vn -0.0027 -0.4645 0.8856
vn -0.0021 -0.4201 0.9075
vn -0.0015 -0.4061 0.9138
vn -0.0054 -0.9762 0.2167
vn -0.0060 -0.9132 0.4075
vn -0.0060 -0.8042 0.5943
vn -0.0053 -0.6689 0.7433
vn -0.0045 -0.5524 0.8336
vn -0.0037 -0.4676 0.8839
vn -0.0028 -0.4208 0.9072
vn -0.0022 -0.4064 0.9137
vn -0.0062 -0.9751 0.2216
vn -0.0073 -0.9148 0.4039
vn -0.0068 -0.8065 0.5912
vn -0.0063 -0.6734 0.7393
vn -0.0052 -0.5541 0.8325
vn -0.0044 -0.4694 0.8829
vn -0.0034 -0.4214 0.9069
vn -0.0025 -0.4082 0.9129
vn -0.0026 -0.9763 0.2164
vn -0.0038 -0.9148 0.4038
vn -0.0039 -0.8049 0.5934
vn -0.0038 -0.6747 0.7381
vn -0.0033 -0.5521 0.8338
vn -0.0024 -0.4689 0.8832
vn -0.0018 -0.4218 0.9067
vn -0.0010 -0.4070 0.9134
vn 0.0009 -0.9767 0.2145
vn -0.0000 -0.9146 0.4043
vn -0.0004 -0.8045 0.5940
vn -0.0009 -0.6743 0.7385
vn -0.0009 -0.5514 0.8343
vn -0.0007 -0.4683 0.8836
vn -0.0001 -0.4211 0.9070
vn 0.0006 -0.4066 0.9136
vn -0.0265 -0.9590 0.2821
vn -0.0250 -0.9070 0.4204
vn -0.0297 -0.8014 0.5974
vn -0.0386 -0.6674 0.7437
vn -0.0520 -0.5347 0.8435
vn -0.0629 -0.4282 0.9015
vn -0.0537 -0.3648 0.9295
vn -0.0323 -0.3271 0.9444
vn -0.0337 -0.9622 0.2703
vn -0.0741 -0.8948 0.4403
vn -0.1713 -0.7122 0.6808
vn -0.2209 -0.5088 0.8321
vn -0.1673 -0.4264 0.8889
vn 0.0116 -0.3263 0.9452
vn -0.0124 -0.2896 0.9571
vn -0.0511 -0.2867 0.9567
vn -0.0178 -0.9555 0.2946
vn -0.0147 -0.9082 0.4182
vn -0.0136 -0.8098 0.5866
vn -0.0133 -0.6816 0.7316
vn -0.0140 -0.5613 0.8275
vn -0.0160 -0.4700 0.8825
vn -0.0234 -0.4109 0.9114
vn -0.0369 -0.3845 0.9224
vn -0.0144 -0.9664 0.2567
vn -0.0146 -0.9220 0.3870
vn -0.0180 -0.8229 0.5678
vn -0.0243 -0.6884 0.7250
vn -0.0294 -0.5703 0.8209
vn -0.0145 -0.5445 0.8386
vn 0.0862 -0.6058 0.7909
vn 0.3850 -0.4546 0.8032
vn -0.0608 -0.9726 0.2245
vn -0.0492 -0.8726 0.4859
vn -0.0188 -0.6958 0.7180
vn -0.0311 -0.6276 0.7780
vn -0.0486 -0.6024 0.7967
vn 0.0692 -0.5929 0.8023
vn 0.3797 -0.4722 0.7955
vn 0.2688 -0.3551 0.8954
vn 0.0037 -0.9628 0.2700
vn 0.0015 -0.9050 0.4255
vn 0.0016 -0.7944 0.6074
vn -0.0045 -0.6551 0.7556
vn -0.0021 -0.5255 0.8508
vn 0.0288 -0.4449 0.8951
vn 0.1078 -0.4775 0.8720
vn 0.0878 -0.5817 0.8087
vn 0.0075 -0.9644 0.2642
vn 0.0283 -0.9175 0.3966
vn 0.0732 -0.8089 0.5834
vn 0.1164 -0.6616 0.7408
vn 0.0990 -0.5297 0.8424
vn 0.0749 -0.3285 0.9415
vn 0.0614 0.0273 0.9977
vn 0.1134 -0.3913 0.9132
vn -0.0037 -0.9560 0.2935
vn -0.0007 -0.9061 0.4230
vn 0.0145 -0.8007 0.5989
vn 0.0359 -0.6678 0.7435
vn 0.0535 -0.5549 0.8302
vn 0.0610 -0.4825 0.8738
vn 0.0680 -0.4477 0.8916
vn 0.1209 -0.4495 0.8851
vn -0.0188 -0.9637 0.2662
vn -0.0146 -0.9045 0.4263
vn -0.0186 -0.7919 0.6104
vn -0.0266 -0.6500 0.7595
vn -0.0364 -0.5125 0.8579
vn -0.0484 -0.4110 0.9104
vn -0.0684 -0.3644 0.9287
vn -0.0864 -0.3553 0.9307
vn -0.0156 -0.9641 0.2650
vn -0.0190 -0.8991 0.4374
vn -0.0380 -0.7841 0.6195
vn -0.0855 -0.6772 0.7308
vn -0.1364 -0.5951 0.7920
vn -0.1236 -0.4305 0.8941
vn -0.0774 -0.3536 0.9322
vn -0.0556 -0.3624 0.9304
vn 0.0013 -0.9553 0.2955
vn 0.0141 -0.8765 0.4813
vn 0.0533 -0.7645 0.6424
vn 0.0932 -0.6238 0.7760
vn 0.0580 -0.4672 0.8823
vn 0.0269 -0.3974 0.9173
vn 0.0340 -0.3691 0.9288
vn 0.0344 -0.3798 0.9244
vn 0.0029 -0.9675 0.2527
vn 0.0060 -0.9011 0.4336
vn 0.0141 -0.7860 0.6180
vn 0.0330 -0.6475 0.7613
vn 0.0696 -0.5331 0.8432
vn 0.1042 -0.4170 0.9029
vn 0.0788 -0.3095 0.9476
vn 0.0356 -0.2964 0.9544
vn 0.1160 0.1069 0.9875
vn 0.1069 -0.1911 0.9757
vn 0.0804 -0.4324 0.8981
vn -0.0493 -0.6238 0.7800
vn -0.1568 -0.8688 0.4697
vn -0.0295 -0.8396 0.5424
vn 0.0320 -0.6792 0.7333
vn -0.0020 -0.6919 0.7220
vn -0.0220 -0.9610 0.2757
vn -0.0203 -0.9138 0.4057
vn -0.0247 -0.8136 0.5809
vn -0.0325 -0.6774 0.7349
vn -0.0416 -0.5468 0.8362
vn -0.0504 -0.4529 0.8901
vn -0.0645 -0.4104 0.9096
vn -0.0955 -0.4098 0.9072
vn -0.0237 -0.9567 0.2902
vn -0.0216 -0.9058 0.4231
vn -0.0229 -0.8041 0.5941
vn -0.0258 -0.6775 0.7350
vn -0.0281 -0.5586 0.8289
vn -0.0307 -0.4687 0.8828
vn -0.0368 -0.4126 0.9102
vn -0.0452 -0.3860 0.9214
vn -0.0718 0.1462 0.9867
vn -0.1152 -0.0277 0.9930
vn -0.1153 -0.3021 0.9463
vn -0.0833 -0.5215 0.8492
vn -0.0600 -0.6415 0.7648
vn -0.0485 -0.7135 0.6990
vn -0.0398 -0.7483 0.6622
vn -0.0310 -0.7605 0.6486
vn 0.0016 -0.9586 0.2849
vn 0.0003 -0.9041 0.4274
vn 0.0070 -0.7982 0.6023
vn 0.0147 -0.6720 0.7404
vn 0.0308 -0.5469 0.8366
vn 0.0984 -0.4332 0.8959
vn 0.1639 -0.3215 0.9326
vn 0.0374 -0.1505 0.9879
vn -0.0002 -0.9569 0.2906
vn -0.0022 -0.9045 0.4264
vn 0.0030 -0.7976 0.6032
vn 0.0109 -0.6540 0.7565
vn 0.0190 -0.5221 0.8527
vn 0.0267 -0.4387 0.8982
vn 0.0370 -0.4060 0.9131
vn 0.0598 -0.3972 0.9158
vn -0.0264 -0.9606 0.2765
vn -0.0231 -0.9040 0.4270
vn -0.0260 -0.7942 0.6071
vn -0.0309 -0.6629 0.7480
vn -0.0373 -0.5387 0.8416
vn -0.0463 -0.4443 0.8947
vn -0.0572 -0.3857 0.9208
vn -0.0650 -0.3756 0.9245
vn -0.0227 -0.9623 0.2709
vn -0.0233 -0.9051 0.4246
vn -0.0320 -0.7916 0.6102
vn -0.0381 -0.6514 0.7578
vn -0.0194 -0.5494 0.8353
vn 0.0282 -0.4832 0.8750
vn -0.0320 -0.3370 0.9410
vn -0.0903 -0.2532 0.9632
vn -0.0316 -0.9688 0.2460
vn -0.0720 -0.9494 0.3057
vn -0.1297 -0.9553 0.2657
vn -0.1889 -0.7848 0.5902
vn -0.1477 -0.4914 0.8583
vn -0.1142 -0.4251 0.8979
vn -0.0851 -0.4120 0.9072
vn -0.0341 -0.3959 0.9177
vn -0.0119 -0.9548 0.2971
vn -0.0105 -0.9050 0.4253
vn -0.0085 -0.8043 0.5942
vn -0.0063 -0.6779 0.7351
vn -0.0034 -0.5595 0.8288
vn 0.0001 -0.4711 0.8821
vn 0.0019 -0.4193 0.9078
vn 0.0001 -0.3986 0.9171
vn -0.0100 -0.9594 0.2818
vn -0.0078 -0.9140 0.4056
vn -0.0041 -0.8170 0.5766
vn -0.0005 -0.6878 0.7259
vn 0.0002 -0.5637 0.8260
vn 0.0043 -0.4721 0.8815
vn 0.0325 -0.4105 0.9113
vn 0.1435 -0.3517 0.9250
vn -0.0063 -0.9690 0.2471
vn 0.0058 -0.9165 0.4001
vn 0.0594 -0.7890 0.6115
vn 0.1696 -0.5972 0.7839
vn 0.2820 -0.4216 0.8618
vn 0.2979 -0.5179 0.8019
vn 0.1548 -0.5078 0.8475
vn 0.0279 -0.4127 0.9104
vn 0.0762 0.0133 0.9970
vn 0.0813 -0.1095 0.9907
vn 0.0090 -0.2674 0.9635
vn -0.0830 -0.4632 0.8824
vn -0.1236 -0.5749 0.8088
vn -0.0904 -0.7156 0.6926
vn -0.0243 -0.8551 0.5179
vn -0.0433 -0.8276 0.5596
vn 0.0078 -0.9686 0.2484
vn 0.0332 -0.9158 0.4003
vn 0.0740 -0.8126 0.5781
vn 0.0865 -0.6618 0.7447
vn 0.0503 -0.4552 0.8890
vn 0.0132 -0.2871 0.9578
vn -0.0171 -0.2986 0.9542
vn 0.0351 -0.3909 0.9198
vn 0.0039 -0.9651 0.2618
vn 0.0037 -0.9016 0.4325
vn 0.0111 -0.7888 0.6146
vn 0.0205 -0.6540 0.7562
vn 0.0304 -0.5423 0.8396
vn 0.0391 -0.4731 0.8801
vn 0.0400 -0.3875 0.9210
vn 0.0125 -0.2510 0.9679
vn -0.1213 0.3482 0.9295
vn -0.1421 0.2432 0.9595
vn -0.1268 0.1259 0.9839
vn -0.0881 -0.0156 0.9960
vn -0.0373 -0.1745 0.9839
vn 0.0120 -0.3233 0.9462
vn 0.0354 -0.4439 0.8954
vn 0.0395 -0.4625 0.8857
vn 0.0315 0.3723 0.9276
vn 0.0339 0.2226 0.9743
vn 0.0377 0.0591 0.9975
vn 0.0400 -0.1106 0.9931
vn 0.0490 -0.2553 0.9656
vn 0.0644 -0.3867 0.9200
vn 0.0598 -0.5193 0.8525
vn 0.0515 -0.5430 0.8382
vn 0.1169 0.4015 0.9084
vn 0.1236 0.2029 0.9714
vn 0.0737 -0.0339 0.9967
vn 0.0628 -0.1765 0.9823
vn 0.0726 -0.3102 0.9479
vn 0.1094 -0.4292 0.8965
vn 0.1635 -0.6319 0.7576
vn 0.0006 -0.7978 0.6029
vn -0.0218 0.3321 0.9430
vn -0.1210 0.2286 0.9660
vn -0.1403 0.0906 0.9860
vn -0.1206 0.1290 0.9843
vn -0.0879 -0.1329 0.9872
vn -0.0447 -0.4386 0.8976
vn 0.0064 -0.4877 0.8730
vn -0.0048 -0.5009 0.8655
vn -0.0633 0.2745 0.9595
vn 0.0277 0.0116 0.9995
vn 0.1034 -0.1845 0.9774
vn 0.0995 -0.1939 0.9760
vn 0.0565 -0.1619 0.9852
vn 0.0137 -0.2028 0.9791
vn -0.0075 -0.2857 0.9583
vn -0.0064 -0.3581 0.9337
vn 0.1216 0.3478 0.9296
vn 0.1424 0.2460 0.9588
vn 0.1314 0.1248 0.9834
vn 0.1148 -0.0376 0.9927
vn 0.0765 -0.2014 0.9765
vn 0.1287 -0.4559 0.8807
vn 0.2025 -0.6117 0.7647
vn 0.1897 -0.6405 0.7441
vn 0.0866 0.5438 0.8348
vn 0.3333 0.3733 0.8658
vn 0.2231 0.0493 0.9735
vn -0.0443 -0.3179 0.9471
vn -0.1216 -0.5216 0.8445
vn -0.1869 -0.4090 0.8932
vn -0.2136 -0.2875 0.9337
vn -0.2057 -0.2810 0.9374
vn -0.0318 0.1871 0.9818
vn -0.0139 -0.0420 0.9990
vn 0.0047 -0.0960 0.9954
vn -0.1036 -0.0026 0.9946
vn -0.1065 -0.0407 0.9935
vn 0.0198 -0.2741 0.9615
vn -0.0117 -0.4816 0.8763
vn -0.0472 -0.5391 0.8409
vn -0.1254 0.3466 0.9296
vn -0.1119 0.2166 0.9698
vn -0.0947 0.0277 0.9951
vn -0.0836 -0.1575 0.9840
vn -0.0767 -0.3123 0.9469
vn -0.0653 -0.3954 0.9162
vn -0.0473 -0.4357 0.8988
vn -0.0308 -0.4632 0.8857
vn -0.3953 0.2467 0.8848
vn -0.4538 0.1915 0.8703
vn -0.4575 0.1421 0.8778
vn -0.4055 0.0605 0.9121
vn -0.3106 -0.0659 0.9483
vn -0.1940 -0.2329 0.9530
vn -0.1041 -0.3540 0.9294
vn -0.0582 -0.4336 0.8992
vn 0.4576 0.2516 0.8528
vn 0.4996 0.2131 0.8397
vn 0.4906 0.1652 0.8556
vn 0.4315 0.0788 0.8986
vn 0.3522 -0.0736 0.9330
vn 0.2692 -0.3001 0.9151
vn 0.2398 -0.4863 0.8403
vn 0.2572 -0.6020 0.7560
vn 0.1760 0.2924 0.9400
vn 0.2364 0.0384 0.9709
vn 0.2992 -0.2475 0.9215
vn 0.3569 -0.4182 0.8353
vn 0.3770 -0.3401 0.8615
vn 0.2809 -0.1834 0.9421
vn 0.1689 -0.2218 0.9603
vn 0.0757 -0.3425 0.9365
vn 0.1271 0.7571 0.6409
vn 0.1750 0.7561 0.6306
vn 0.1531 0.2551 0.9547
vn 0.0486 -0.2856 0.9571
vn 0.0247 -0.4806 0.8766
vn 0.0736 -0.4831 0.8725
vn 0.1324 -0.3966 0.9084
vn 0.1894 -0.4169 0.8890
vn 0.1012 0.4106 0.9062
vn 0.0871 0.2368 0.9677
vn 0.0170 -0.0956 0.9953
vn 0.0635 -0.2410 0.9685
vn 0.1228 -0.0885 0.9885
vn 0.0500 -0.0213 0.9985
vn -0.1029 -0.3121 0.9445
vn -0.0702 -0.5131 0.8554
vn 0.0474 0.3944 0.9177
vn 0.0970 0.2202 0.9706
vn 0.1386 0.0197 0.9902
vn 0.1562 -0.1612 0.9745
vn 0.1913 -0.2957 0.9359
vn 0.1469 -0.2698 0.9517
vn 0.0480 -0.5134 0.8568
vn 0.0498 -0.5268 0.8485
vn -0.0512 0.3910 0.9190
vn -0.0916 0.2136 0.9726
vn -0.0956 0.0074 0.9954
vn -0.1144 -0.1705 0.9787
vn -0.1475 -0.2749 0.9501
vn -0.1719 -0.3976 0.9013
vn -0.2325 -0.4922 0.8389
vn -0.3024 -0.5846 0.7528
vn -0.0729 0.4072 0.9104
vn -0.0263 0.2368 0.9712
vn -0.1001 -0.0162 0.9948
vn -0.1969 -0.2563 0.9463
vn -0.2343 -0.4075 0.8826
vn -0.1796 -0.4985 0.8481
vn -0.0505 -0.5961 0.8013
vn 0.1274 -0.7146 0.6878
vn -0.1290 0.2432 0.9614
vn -0.1338 0.1487 0.9798
vn -0.0864 -0.0094 0.9962
vn 0.0169 -0.1545 0.9878
vn 0.1082 -0.2349 0.9660
vn 0.1224 -0.2739 0.9539
vn 0.0716 -0.3043 0.9499
vn 0.0435 -0.3251 0.9447
vn 0.0007 0.3805 0.9248
vn -0.0015 0.2544 0.9671
vn 0.0042 0.0668 0.9978
vn 0.0075 -0.1491 0.9888
vn 0.0030 -0.3256 0.9455
vn 0.0023 -0.4323 0.9017
vn 0.0083 -0.4646 0.8855
vn 0.0130 -0.4616 0.8870
vn -0.1551 0.3538 0.9224
vn -0.1404 0.2520 0.9575
vn -0.1016 0.0989 0.9899
vn -0.0570 -0.0923 0.9941
vn -0.0285 -0.2814 0.9592
vn -0.0109 -0.3973 0.9176
vn 0.0043 -0.4379 0.8990
vn 0.0209 -0.4389 0.8983
vn -0.1288 0.2992 0.9455
vn -0.2651 0.1155 0.9573
vn -0.3894 -0.0021 0.9210
vn -0.4361 -0.0437 0.8989
vn -0.4051 -0.0753 0.9112
vn -0.3152 -0.1260 0.9406
vn -0.2000 -0.2091 0.9572
vn -0.0845 -0.3120 0.9463
vn -0.0002 0.4041 0.9147
vn -0.0015 0.2257 0.9742
vn -0.0062 0.0185 0.9998
vn -0.0153 -0.1725 0.9849
vn 0.0066 -0.3355 0.9420
vn 0.1090 -0.4832 0.8687
vn 0.2962 -0.5798 0.7590
vn 0.3524 -0.3840 0.8535
vn 0.2385 0.8308 0.5029
vn 0.3984 0.6815 0.6139
vn 0.3349 0.4082 0.8493
vn 0.0908 -0.1136 0.9894
vn 0.0062 -0.4154 0.9096
vn -0.0350 -0.4074 0.9126
vn -0.0405 -0.4279 0.9029
vn -0.0098 -0.4588 0.8885
vn -0.0012 0.6045 0.7966
vn -0.0136 0.4419 0.8970
vn -0.1057 0.2909 0.9509
vn -0.3009 -0.0149 0.9536
vn -0.3950 -0.3886 0.8324
vn -0.3389 -0.5875 0.7348
vn -0.3635 -0.8169 0.4478
vn -0.4404 -0.6369 0.6328
vn 0.1698 0.2830 0.9440
vn 0.3114 0.1087 0.9441
vn 0.4306 0.0024 0.9026
vn 0.4725 -0.0332 0.8807
vn 0.4392 -0.0614 0.8963
vn 0.3474 -0.1118 0.9310
vn 0.2352 -0.1953 0.9521
vn 0.1244 -0.3324 0.9349
vn 0.1792 0.3533 0.9182
vn 0.1707 0.2507 0.9529
vn 0.1657 0.0365 0.9855
vn 0.1810 -0.2415 0.9534
vn 0.2186 -0.4663 0.8572
vn 0.2374 -0.6000 0.7640
vn 0.1927 -0.5030 0.8425
vn 0.1117 -0.3201 0.9408
vn 0.0732 0.2561 0.9639
vn 0.1277 0.1430 0.9814
vn 0.1357 0.0828 0.9873
vn 0.0994 -0.0217 0.9948
vn 0.0483 -0.1838 0.9818
vn 0.0060 -0.3436 0.9391
vn -0.0223 -0.4442 0.8956
vn -0.0338 -0.4732 0.8803
vn -0.0199 -0.9600 0.2794
vn -0.0179 -0.9062 0.4225
vn -0.0185 -0.8026 0.5962
vn -0.0206 -0.6764 0.7362
vn -0.0233 -0.5610 0.8275
vn -0.0256 -0.4754 0.8794
vn -0.0262 -0.4239 0.9053
vn -0.0260 -0.4031 0.9148
vn -0.0148 -0.9579 0.2868
vn -0.0134 -0.9062 0.4226
vn -0.0132 -0.8055 0.5924
vn -0.0127 -0.6789 0.7341
vn -0.0116 -0.5617 0.8273
vn -0.0105 -0.4745 0.8802
vn -0.0098 -0.4229 0.9061
vn -0.0093 -0.4020 0.9156
vn -0.0075 -0.9601 0.2794
vn -0.0091 -0.9051 0.4250
vn -0.0047 -0.8014 0.5981
vn 0.0026 -0.6739 0.7388
vn 0.0105 -0.5565 0.8308
vn 0.0185 -0.4616 0.8869
vn 0.0283 -0.3928 0.9192
vn 0.0376 -0.3617 0.9315
vn -0.0114 -0.9579 0.2868
vn -0.0108 -0.9059 0.4233
vn -0.0070 -0.8052 0.5930
vn -0.0029 -0.6785 0.7346
vn 0.0008 -0.5610 0.8278
vn 0.0072 -0.4717 0.8817
vn 0.0229 -0.4156 0.9092
vn 0.0437 -0.3911 0.9193
vn -0.0398 -0.9705 0.2378
vn -0.0365 -0.9128 0.4067
vn -0.0318 -0.8046 0.5930
vn -0.0263 -0.6769 0.7356
vn -0.0217 -0.5614 0.8273
vn -0.0186 -0.4796 0.8773
vn -0.0176 -0.4380 0.8988
vn -0.0176 -0.4198 0.9074
vn -0.0383 -0.9715 0.2339
vn -0.0356 -0.9125 0.4074
vn -0.0316 -0.8050 0.5925
vn -0.0262 -0.6735 0.7387
vn -0.0214 -0.5564 0.8306
vn -0.0187 -0.4749 0.8799
vn -0.0178 -0.4325 0.9014
vn -0.0182 -0.4192 0.9077
vn 0.0111 -0.9762 0.2167
vn 0.0091 -0.9135 0.4066
vn 0.0071 -0.8042 0.5943
vn 0.0053 -0.6711 0.7413
vn 0.0046 -0.5549 0.8319
vn 0.0048 -0.4706 0.8823
vn 0.0060 -0.4307 0.9025
vn 0.0074 -0.4125 0.9109
vn 0.0108 -0.9766 0.2146
vn 0.0080 -0.8031 0.5957
vn 0.0063 -0.6729 0.7397
vn 0.0048 -0.5498 0.8353
vn 0.0045 -0.4688 0.8833
vn 0.0053 -0.4235 0.9059
vn 0.0068 -0.4136 0.9104
vn -0.0348 -0.9718 0.2333
vn -0.0330 -0.9115 0.4100
vn -0.0296 -0.8033 0.5948
vn -0.0248 -0.6714 0.7406
vn -0.0206 -0.5530 0.8329
vn -0.0174 -0.4718 0.8815
vn -0.0160 -0.4267 0.9043
vn -0.0164 -0.4133 0.9105
vn -0.0391 -0.9679 0.2484
vn -0.0350 -0.9104 0.4122
vn -0.0302 -0.8044 0.5933
vn -0.0247 -0.6768 0.7357
vn -0.0204 -0.5634 0.8260
vn -0.0189 -0.4824 0.8757
vn -0.0201 -0.4349 0.9002
vn -0.0237 -0.4095 0.9120
vn -0.0308 -0.9674 0.2514
vn -0.0268 -0.9142 0.4044
vn -0.0237 -0.8132 0.5815
vn -0.0228 -0.6874 0.7259
vn -0.0248 -0.5681 0.8226
vn -0.0285 -0.4785 0.8776
vn -0.0333 -0.4262 0.9040
vn -0.0389 -0.4043 0.9138
vn 0.0016 -0.9725 0.2328
vn -0.0018 -0.9139 0.4059
vn -0.0013 -0.8109 0.5852
vn 0.0019 -0.6823 0.7310
vn 0.0083 -0.5638 0.8259
vn 0.0159 -0.4745 0.8801
vn 0.0238 -0.4213 0.9066
vn 0.0316 -0.4013 0.9154
vn 0.0094 -0.9740 0.2265
vn 0.0066 -0.9102 0.4142
vn 0.0054 -0.8012 0.5984
vn 0.0044 -0.6709 0.7415
vn 0.0044 -0.5577 0.8300
vn 0.0064 -0.4722 0.8815
vn 0.0097 -0.4309 0.9023
vn 0.0146 -0.4018 0.9156
vn 0.0103 -0.9768 0.2139
vn 0.0095 -0.9138 0.4061
vn 0.0083 -0.8049 0.5933
vn 0.0065 -0.6711 0.7413
vn 0.0051 -0.5512 0.8344
vn 0.0041 -0.4652 0.8852
vn 0.0039 -0.4193 0.9078
vn 0.0050 -0.4070 0.9134
vn -0.0160 -0.9586 0.2841
vn -0.0140 -0.9064 0.4221
vn -0.0138 -0.8051 0.5930
vn -0.0153 -0.6790 0.7340
vn -0.0156 -0.5626 0.8266
vn -0.0146 -0.4752 0.8797
vn -0.0139 -0.4231 0.9060
vn -0.0132 -0.4020 0.9155
vn -0.0187 -0.9588 0.2836
vn -0.0173 -0.9058 0.4234
vn -0.0181 -0.8031 0.5955
vn -0.0205 -0.6772 0.7355
vn -0.0225 -0.5613 0.8273
vn -0.0234 -0.4748 0.8798
vn -0.0235 -0.4235 0.9056
vn -0.0234 -0.4026 0.9151
vn -0.0071 -0.9584 0.2855
vn -0.0083 -0.9047 0.4259
vn -0.0035 -0.8021 0.5972
vn 0.0037 -0.6744 0.7383
vn 0.0116 -0.5540 0.8324
vn 0.0232 -0.4535 0.8909
vn 0.0396 -0.3882 0.9207
vn 0.0548 -0.3655 0.9292
vn -0.0106 -0.9596 0.2813
vn -0.0110 -0.9061 0.4230
vn -0.0070 -0.8039 0.5948
vn -0.0014 -0.6795 0.7337
vn 0.0037 -0.5618 0.8272
vn 0.0105 -0.4709 0.8821
vn 0.0271 -0.4120 0.9108
vn 0.0501 -0.3836 0.9221
vn -0.0424 -0.9712 0.2346
vn -0.0389 -0.9119 0.4085
vn -0.0337 -0.8044 0.5932
vn -0.0277 -0.6734 0.7388
vn -0.0231 -0.5584 0.8292
vn -0.0206 -0.4778 0.8782
vn -0.0202 -0.4343 0.9005
vn -0.0209 -0.4206 0.9070
vn -0.0353 -0.9706 0.2382
vn -0.0329 -0.9136 0.4053
vn -0.0292 -0.8063 0.5908
vn -0.0244 -0.6752 0.7372
vn -0.0199 -0.5590 0.8289
vn -0.0168 -0.4785 0.8780
vn -0.0155 -0.4343 0.9006
vn -0.0152 -0.4212 0.9069
vn 0.0159 -0.9762 0.2162
vn 0.0148 -0.9127 0.4083
vn 0.0127 -0.8035 0.5952
vn 0.0102 -0.6696 0.7427
vn 0.0086 -0.5523 0.8336
vn 0.0083 -0.4696 0.8828
vn 0.0093 -0.4253 0.9050
vn 0.0111 -0.4130 0.9107
vn 0.0063 -0.9764 0.2160
vn 0.0044 -0.9145 0.4045
vn 0.0031 -0.8040 0.5946
vn 0.0018 -0.6719 0.7407
vn 0.0011 -0.5536 0.8328
vn 0.0013 -0.4719 0.8817
vn 0.0022 -0.4266 0.9044
vn 0.0036 -0.4157 0.9095
vn -0.0340 -0.9711 0.2361
vn -0.0325 -0.9128 0.4070
vn -0.0290 -0.8051 0.5924
vn -0.0242 -0.6724 0.7398
vn -0.0200 -0.5579 0.8297
vn -0.0172 -0.4738 0.8805
vn -0.0157 -0.4291 0.9031
vn -0.0159 -0.4171 0.9087
vn -0.0391 -0.9719 0.2322
vn -0.0360 -0.9111 0.4105
vn -0.0316 -0.8027 0.5955
vn -0.0262 -0.6712 0.7408
vn -0.0215 -0.5540 0.8322
vn -0.0183 -0.4710 0.8820
vn -0.0177 -0.4286 0.9033
vn -0.0190 -0.4164 0.9090
vn -0.0449 -0.9701 0.2384
vn -0.0395 -0.9118 0.4088
vn -0.0338 -0.8048 0.5925
vn -0.0280 -0.6762 0.7362
vn -0.0234 -0.5638 0.8256
vn -0.0209 -0.4811 0.8764
vn -0.0203 -0.4361 0.8997
vn -0.0202 -0.4183 0.9081
vn -0.0343 -0.9702 0.2400
vn -0.0325 -0.9129 0.4068
vn -0.0279 -0.8056 0.5917
vn -0.0226 -0.6763 0.7363
vn -0.0185 -0.5614 0.8273
vn -0.0161 -0.4831 0.8754
vn -0.0160 -0.4397 0.8980
vn -0.0172 -0.4240 0.9055
vn -0.0419 -0.9728 0.2278
vn -0.0356 -0.9193 0.3919
vn -0.0298 -0.8174 0.5753
vn -0.0250 -0.6952 0.7184
vn -0.0223 -0.5800 0.8143
vn -0.0220 -0.4888 0.8721
vn -0.0238 -0.4292 0.9029
vn -0.0270 -0.4042 0.9143
vn -0.0328 -0.9721 0.2322
vn -0.0291 -0.9192 0.3926
vn -0.0250 -0.8179 0.5749
vn -0.0213 -0.6971 0.7167
vn -0.0190 -0.5876 0.8089
vn -0.0189 -0.5067 0.8619
vn -0.0222 -0.4512 0.8921
vn -0.0280 -0.4250 0.9047
vn -0.0272 -0.9629 0.2684
vn -0.0254 -0.9071 0.4202
vn -0.0262 -0.8001 0.5993
vn -0.0278 -0.6693 0.7425
vn -0.0308 -0.5523 0.8331
vn -0.0354 -0.4672 0.8834
vn -0.0417 -0.4163 0.9083
vn -0.0494 -0.3964 0.9168
vn -0.0217 -0.9630 0.2688
vn -0.0182 -0.9093 0.4157
vn -0.0171 -0.8066 0.5908
vn -0.0180 -0.6806 0.7324
vn -0.0208 -0.5647 0.8250
vn -0.0244 -0.4792 0.8773
vn -0.0271 -0.4283 0.9032
vn -0.0275 -0.4055 0.9137
vn -0.0301 -0.9719 0.2336
vn -0.0289 -0.9112 0.4109
vn -0.0263 -0.8016 0.5973
vn -0.0222 -0.6726 0.7397
vn -0.0188 -0.5546 0.8319
vn -0.0162 -0.4713 0.8818
vn -0.0147 -0.4256 0.9048
vn -0.0146 -0.4108 0.9116
vn -0.0345 -0.9708 0.2375
vn -0.0322 -0.9099 0.4136
vn -0.0289 -0.8013 0.5975
vn -0.0242 -0.6700 0.7420
vn -0.0199 -0.5549 0.8317
vn -0.0170 -0.4707 0.8821
vn -0.0157 -0.4245 0.9053
vn -0.0159 -0.4121 0.9110
vn -0.0127 -0.9580 0.2864
vn -0.0115 -0.9065 0.4221
vn -0.0095 -0.8052 0.5930
vn -0.0076 -0.6796 0.7336
vn -0.0057 -0.5616 0.8274
vn -0.0036 -0.4738 0.8806
vn 0.0002 -0.4223 0.9065
vn 0.0056 -0.4004 0.9163
vn -0.0135 -0.9580 0.2866
vn -0.0123 -0.9061 0.4229
vn -0.0105 -0.8054 0.5926
vn -0.0079 -0.6786 0.7345
vn -0.0059 -0.5610 0.8278
vn -0.0040 -0.4739 0.8806
vn -0.0016 -0.4220 0.9066
vn 0.0022 -0.3993 0.9168
vn -0.0074 -0.9649 0.2627
vn -0.0105 -0.9083 0.4182
vn -0.0082 -0.8044 0.5940
vn -0.0020 -0.6786 0.7345
vn 0.0057 -0.5632 0.8263
vn 0.0133 -0.4772 0.8787
vn 0.0195 -0.4223 0.9063
vn 0.0248 -0.3876 0.9215
vn -0.0003 -0.9661 0.2583
vn -0.0023 -0.9063 0.4227
vn 0.0021 -0.7952 0.6064
vn 0.0089 -0.6660 0.7459
vn 0.0173 -0.5462 0.8375
vn 0.0256 -0.4607 0.8872
vn 0.0310 -0.4119 0.9107
vn 0.0263 -0.3920 0.9196
vn 0.0023 -0.9773 0.2119
vn -0.0016 -0.9198 0.3924
vn -0.0022 -0.8151 0.5793
vn -0.0010 -0.6927 0.7212
vn 0.0012 -0.5822 0.8131
vn 0.0042 -0.5026 0.8645
vn 0.0100 -0.4481 0.8939
vn 0.0182 -0.4240 0.9055
vn 0.0134 -0.9784 0.2063
vn 0.0105 -0.9180 0.3964
vn 0.0094 -0.8121 0.5834
vn 0.0086 -0.6903 0.7235
vn 0.0097 -0.5736 0.8191
vn 0.0128 -0.4803 0.8770
vn 0.0169 -0.4220 0.9064
vn 0.0212 -0.3981 0.9171
vn 0.0044 -0.9748 0.2232
vn 0.0016 -0.9133 0.4073
vn 0.0004 -0.8038 0.5949
vn -0.0000 -0.6705 0.7419
vn -0.0003 -0.5584 0.8296
vn 0.0010 -0.4763 0.8793
vn 0.0038 -0.4318 0.9020
vn 0.0067 -0.4194 0.9078
vn 0.0169 -0.9759 0.2177
vn 0.0142 -0.9114 0.4113
vn 0.0118 -0.7999 0.6000
vn 0.0105 -0.6717 0.7408
vn 0.0097 -0.5548 0.8320
vn 0.0101 -0.4728 0.8811
vn 0.0112 -0.4273 0.9040
vn 0.0122 -0.4113 0.9114
vn 0.0129 -0.9758 0.2185
vn 0.0124 -0.9130 0.4078
vn 0.0108 -0.8038 0.5948
vn 0.0086 -0.6698 0.7425
vn 0.0069 -0.5527 0.8334
vn 0.0058 -0.4654 0.8851
vn 0.0054 -0.4171 0.9089
vn 0.0060 -0.4056 0.9141
vn 0.0067 -0.9767 0.2143
vn 0.0060 -0.9140 0.4056
vn 0.0049 -0.8035 0.5953
vn 0.0004 -0.6726 0.7400
vn 0.0001 -0.5535 0.8328
vn 0.0025 -0.4671 0.8842
vn 0.0026 -0.4187 0.9081
vn 0.0031 -0.4068 0.9135
vn 0.0145 -0.9765 0.2151
vn 0.0133 -0.9128 0.4082
vn 0.0116 -0.8020 0.5972
vn 0.0096 -0.6718 0.7407
vn 0.0074 -0.5484 0.8362
vn 0.0064 -0.4656 0.8850
vn 0.0068 -0.4206 0.9072
vn 0.0086 -0.4093 0.9123
vn 0.0068 -0.9767 0.2144
vn 0.0053 -0.9146 0.4044
vn 0.0043 -0.8059 0.5920
vn 0.0033 -0.6702 0.7422
vn 0.0024 -0.5531 0.8331
vn 0.0019 -0.4677 0.8839
vn 0.0024 -0.4226 0.9063
vn 0.0037 -0.4108 0.9117
vn 0.0614 0.3881 0.9196
vn 0.0608 0.1781 0.9821
vn 0.0247 -0.0669 0.9975
vn -0.0508 -0.2653 0.9628
vn -0.1488 -0.3308 0.9319
vn -0.2133 -0.3086 0.9270
vn -0.1984 -0.2699 0.9422
vn -0.1276 -0.2575 0.9578
vn -0.0963 0.2032 0.9744
vn -0.1744 0.1823 0.9677
vn -0.1220 0.0947 0.9880
vn -0.0479 -0.0879 0.9950
vn 0.0198 -0.2765 0.9608
vn 0.0746 -0.4214 0.9038
vn 0.0820 -0.4521 0.8882
vn 0.0551 -0.4705 0.8807
vn -0.0172 -0.9607 0.2772
vn -0.0148 -0.9077 0.4193
vn -0.0133 -0.8064 0.5912
vn -0.0138 -0.6819 0.7313
vn -0.0155 -0.5668 0.8237
vn -0.0163 -0.4795 0.8774
vn -0.0157 -0.4259 0.9046
vn -0.0147 -0.4033 0.9150
vn -0.0146 -0.9594 0.2816
vn -0.0137 -0.9065 0.4221
vn -0.0125 -0.8048 0.5934
vn -0.0117 -0.6801 0.7330
vn -0.0105 -0.5624 0.8268
vn -0.0093 -0.4740 0.8805
vn -0.0081 -0.4220 0.9066
vn -0.0073 -0.4004 0.9163
vn -0.0270 -0.9588 0.2829
vn -0.0238 -0.9043 0.4262
vn -0.0246 -0.7985 0.6015
vn -0.0280 -0.6689 0.7428
vn -0.0324 -0.5525 0.8329
vn -0.0380 -0.4674 0.8832
vn -0.0463 -0.4133 0.9094
vn -0.0581 -0.3873 0.9201
vn -0.0170 -0.9561 0.2926
vn -0.0155 -0.9057 0.4237
vn -0.0156 -0.8053 0.5926
vn -0.0158 -0.6778 0.7350
vn -0.0153 -0.5604 0.8281
vn -0.0145 -0.4738 0.8805
vn -0.0138 -0.4225 0.9063
vn -0.0131 -0.4013 0.9158
vn -0.0077 -0.9566 0.2915
vn -0.0066 -0.9057 0.4238
vn -0.0027 -0.8040 0.5946
vn 0.0030 -0.6768 0.7362
vn 0.0122 -0.5543 0.8322
vn 0.0287 -0.4586 0.8882
vn 0.0503 -0.4048 0.9130
vn 0.0653 -0.3903 0.9183
vn 0.0002 -0.9620 0.2731
vn -0.0027 -0.9029 0.4298
vn 0.0026 -0.7943 0.6075
vn 0.0099 -0.6658 0.7460
vn 0.0148 -0.5442 0.8388
vn 0.0129 -0.4469 0.8945
vn 0.0095 -0.3912 0.9202
vn 0.0151 -0.3734 0.9276
vn -0.0125 -0.9594 0.2819
vn -0.0119 -0.9064 0.4222
vn -0.0091 -0.8049 0.5933
vn -0.0056 -0.6786 0.7345
vn -0.0026 -0.5618 0.8273
vn 0.0007 -0.4745 0.8803
vn 0.0081 -0.4206 0.9072
vn 0.0198 -0.3972 0.9175
vn -0.0108 -0.9615 0.2744
vn -0.0121 -0.9071 0.4207
vn -0.0093 -0.8051 0.5931
vn -0.0038 -0.6819 0.7315
vn 0.0018 -0.5662 0.8243
vn 0.0074 -0.4771 0.8788
vn 0.0178 -0.4202 0.9073
vn 0.0352 -0.3902 0.9201
vn -0.2239 0.3979 0.8897
vn -0.2230 0.2850 0.9322
vn -0.1940 0.1073 0.9751
vn -0.1581 -0.0449 0.9864
vn -0.1133 -0.2722 0.9555
vn -0.0757 -0.5529 0.8298
vn -0.0717 -0.5614 0.8244
vn -0.0458 -0.4861 0.8727
vn -0.0312 0.3492 0.9365
vn 0.0203 0.2113 0.9772
vn 0.0349 0.0274 0.9990
vn 0.0211 -0.1364 0.9904
vn -0.0075 -0.2939 0.9558
vn -0.0499 -0.3975 0.9163
vn -0.0961 -0.4398 0.8929
vn -0.1058 -0.4356 0.8939
vn 0.0014 0.2108 0.9775
vn 0.0256 -0.0141 0.9996
vn 0.0342 -0.0642 0.9973
vn -0.0221 -0.1827 0.9829
vn -0.1071 -0.4417 0.8908
vn -0.1229 -0.5560 0.8220
vn -0.1169 -0.4947 0.8612
vn -0.1318 -0.4171 0.8993
vn -0.0602 0.3891 0.9192
vn -0.0597 0.1794 0.9820
vn -0.0236 -0.0708 0.9972
vn 0.0509 -0.2599 0.9643
vn 0.1487 -0.3319 0.9315
vn 0.2111 -0.3071 0.9280
vn 0.1935 -0.2694 0.9434
vn 0.1136 -0.2635 0.9579
vn 0.0207 0.3953 0.9183
vn 0.0202 0.2098 0.9775
vn 0.0287 0.0048 0.9996
vn 0.0371 -0.1593 0.9865
vn 0.0354 -0.3025 0.9525
vn 0.0357 -0.4097 0.9115
vn 0.0442 -0.4592 0.8873
vn 0.0523 -0.4581 0.8874
vn 0.0605 0.4032 0.9131
vn 0.0691 0.2258 0.9717
vn 0.0611 -0.0656 0.9960
vn -0.0052 -0.3862 0.9224
vn -0.0240 -0.4705 0.8821
vn 0.0701 -0.3685 0.9270
vn 0.2564 -0.4360 0.8626
vn 0.2907 -0.4417 0.8487
vn -0.0230 -0.9719 0.2341
vn -0.0235 -0.9150 0.4029
vn -0.0214 -0.8069 0.5903
vn -0.0177 -0.6773 0.7355
vn -0.0141 -0.5587 0.8293
vn -0.0112 -0.4755 0.8796
vn -0.0091 -0.4304 0.9026
vn -0.0085 -0.4159 0.9094
vn -0.0270 -0.9644 0.2632
vn -0.0212 -0.9055 0.4239
vn -0.0206 -0.7953 0.6059
vn -0.0225 -0.6592 0.7516
vn -0.0258 -0.5380 0.8425
vn -0.0308 -0.4478 0.8936
vn -0.0375 -0.3898 0.9201
vn -0.0460 -0.3557 0.9335
vn -0.0215 0.2568 0.9662
vn -0.0846 0.0331 0.9959
vn -0.2098 -0.1932 0.9585
vn -0.3671 -0.3324 0.8687
vn -0.5017 -0.3458 0.7929
vn -0.5662 -0.2725 0.7779
vn -0.5489 -0.1901 0.8139
vn -0.4569 -0.1502 0.8768
vn -0.0452 -0.9717 0.2317
vn -0.0400 -0.9116 0.4091
vn -0.0340 -0.8027 0.5955
vn -0.0279 -0.6750 0.7373
vn -0.0235 -0.5574 0.8299
vn -0.0217 -0.4784 0.8779
vn -0.0217 -0.4344 0.9005
vn -0.0230 -0.4200 0.9072
vn -0.0411 -0.9723 0.2301
vn -0.0370 -0.9105 0.4119
vn -0.0321 -0.8007 0.5983
vn -0.0263 -0.6722 0.7399
vn -0.0208 -0.5543 0.8321
vn -0.0181 -0.4703 0.8823
vn -0.0186 -0.4293 0.9030
vn -0.0203 -0.4173 0.9085
vn -0.0317 -0.9716 0.2346
vn -0.0305 -0.9139 0.4048
vn -0.0273 -0.8067 0.5903
vn -0.0229 -0.6754 0.7371
vn -0.0189 -0.5591 0.8289
vn -0.0159 -0.4747 0.8800
vn -0.0143 -0.4328 0.9014
vn -0.0136 -0.4173 0.9087
vn -0.0296 -0.9711 0.2366
vn -0.0290 -0.9142 0.4043
vn -0.0254 -0.8070 0.5900
vn -0.0211 -0.6760 0.7366
vn -0.0172 -0.5609 0.8277
vn -0.0142 -0.4804 0.8769
vn -0.0132 -0.4374 0.8992
vn -0.0139 -0.4232 0.9059
vn 0.0060 -0.9689 0.2475
vn 0.0055 -0.9030 0.4295
vn 0.0101 -0.7889 0.6145
vn 0.0163 -0.6529 0.7573
vn 0.0227 -0.5303 0.8475
vn 0.0302 -0.4423 0.8963
vn 0.0504 -0.4114 0.9101
vn 0.0977 -0.4028 0.9101
vn 0.0186 -0.9752 0.2204
vn 0.0179 -0.9116 0.4107
vn 0.0156 -0.8023 0.5967
vn 0.0125 -0.6684 0.7437
vn 0.0098 -0.5487 0.8359
vn 0.0087 -0.4654 0.8851
vn 0.0095 -0.4197 0.9076
vn 0.0116 -0.4105 0.9118
vn 0.0209 -0.9751 0.2206
vn 0.0196 -0.9113 0.4114
vn 0.0170 -0.8017 0.5974
vn 0.0141 -0.6684 0.7437
vn 0.0126 -0.5511 0.8343
vn 0.0125 -0.4696 0.8828
vn 0.0136 -0.4237 0.9057
vn 0.0154 -0.4129 0.9107
vn 0.0002 -0.9754 0.2204
vn -0.0019 -0.9147 0.4041
vn -0.0027 -0.8044 0.5940
vn -0.0031 -0.6745 0.7382
vn -0.0030 -0.5567 0.8307
vn -0.0023 -0.4746 0.8802
vn -0.0005 -0.4314 0.9022
vn 0.0023 -0.4188 0.9081
vn 0.0029 -0.9755 0.2200
vn 0.0014 -0.9151 0.4033
vn 0.0005 -0.8066 0.5911
vn -0.0004 -0.6729 0.7397
vn -0.0008 -0.5554 0.8316
vn -0.0006 -0.4680 0.8837
vn 0.0003 -0.4270 0.9042
vn 0.0013 -0.4120 0.9112
vn -0.0060 -0.9749 0.2227
vn -0.0077 -0.9157 0.4017
vn -0.0074 -0.8061 0.5917
vn -0.0070 -0.6757 0.7372
vn -0.0061 -0.5556 0.8314
vn -0.0048 -0.4719 0.8816
vn -0.0035 -0.4267 0.9044
vn -0.0019 -0.4133 0.9106
vn 0.1014 0.2216 0.9698
vn 0.2078 0.0035 0.9782
vn 0.3605 -0.1898 0.9132
vn 0.5146 -0.2959 0.8047
vn 0.6165 -0.2741 0.7381
vn 0.6465 -0.1996 0.7363
vn 0.6044 -0.1324 0.7856
vn 0.4956 -0.1113 0.8614
vn 0.1050 0.3418 0.9339
vn 0.1127 0.2018 0.9729
vn 0.1046 0.0268 0.9942
vn 0.0958 -0.1640 0.9818
vn 0.0782 -0.3013 0.9503
vn 0.0543 -0.3620 0.9306
vn 0.0406 -0.4073 0.9124
vn 0.0388 -0.4327 0.9007
vn -0.0453 0.3716 0.9273
vn -0.0606 0.2220 0.9732
vn -0.0663 0.0422 0.9969
vn -0.0596 -0.1444 0.9877
vn -0.0470 -0.3088 0.9500
vn -0.0346 -0.4034 0.9144
vn -0.0275 -0.4535 0.8909
vn -0.0251 -0.4636 0.8857
vn -0.0301 -0.9719 0.2333
vn -0.0289 -0.9128 0.4075
vn -0.0261 -0.8039 0.5942
vn -0.0224 -0.6746 0.7378
vn -0.0187 -0.5565 0.8306
vn -0.0160 -0.4729 0.8810
vn -0.0145 -0.4269 0.9042
vn -0.0141 -0.4119 0.9111
vn -0.0141 -0.9738 0.2271
vn -0.0144 -0.9130 0.4077
vn -0.0135 -0.8045 0.5938
vn -0.0120 -0.6721 0.7403
vn -0.0100 -0.5537 0.8326
vn -0.0081 -0.4699 0.8827
vn -0.0070 -0.4224 0.9064
vn -0.0066 -0.4090 0.9125
vn -0.0175 -0.9734 0.2285
vn -0.0181 -0.9148 0.4036
vn -0.0169 -0.8062 0.5914
vn -0.0149 -0.6763 0.7364
vn -0.0120 -0.5554 0.8315
vn -0.0099 -0.4719 0.8816
vn -0.0081 -0.4244 0.9054
vn -0.0073 -0.4099 0.9121
vn -0.0378 -0.9712 0.2354
vn -0.0344 -0.9096 0.4141
vn -0.0299 -0.8009 0.5980
vn -0.0248 -0.6693 0.7426
vn -0.0200 -0.5546 0.8319
vn -0.0169 -0.4704 0.8823
vn -0.0161 -0.4246 0.9052
vn -0.0174 -0.4143 0.9100
vn -0.0279 -0.9680 0.2494
vn -0.0268 -0.9110 0.4115
vn -0.0229 -0.8045 0.5935
vn -0.0190 -0.6775 0.7352
vn -0.0164 -0.5668 0.8237
vn -0.0147 -0.4864 0.8736
vn -0.0142 -0.4407 0.8975
vn -0.0150 -0.4244 0.9053
vn -0.0461 -0.9761 0.2123
vn -0.0396 -0.9221 0.3850
vn -0.0343 -0.8217 0.5689
vn -0.0289 -0.6962 0.7173
vn -0.0252 -0.5852 0.8105
vn -0.0231 -0.5034 0.8637
vn -0.0205 -0.4505 0.8925
vn -0.0160 -0.4232 0.9059
vn -0.0225 -0.9675 0.2520
vn -0.0215 -0.9138 0.4055
vn -0.0194 -0.8129 0.5820
vn -0.0161 -0.6930 0.7207
vn -0.0149 -0.5807 0.8140
vn -0.0169 -0.4942 0.8692
vn -0.0218 -0.4420 0.8967
vn -0.0265 -0.4189 0.9076
vn -0.0341 -0.9689 0.2452
vn -0.0271 -0.9122 0.4089
vn -0.0240 -0.8034 0.5950
vn -0.0233 -0.6701 0.7419
vn -0.0243 -0.5478 0.8363
vn -0.0272 -0.4580 0.8885
vn -0.0310 -0.4066 0.9131
vn -0.0356 -0.3839 0.9227
vn -0.0101 -0.9748 0.2229
vn -0.0104 -0.9120 0.4101
vn -0.0099 -0.8030 0.5960
vn -0.0086 -0.6699 0.7424
vn -0.0071 -0.5513 0.8343
vn -0.0060 -0.4675 0.8840
vn -0.0053 -0.4200 0.9075
vn -0.0049 -0.4077 0.9131
vn -0.0065 -0.9753 0.2209
vn -0.0065 -0.9114 0.4115
vn -0.0060 -0.8018 0.5976
vn -0.0050 -0.6681 0.7440
vn -0.0042 -0.5491 0.8358
vn -0.0036 -0.4653 0.8852
vn -0.0030 -0.4176 0.9086
vn -0.0028 -0.4061 0.9138
vn -0.0198 -0.9726 0.2317
vn -0.0193 -0.9113 0.4114
vn -0.0182 -0.8028 0.5960
vn -0.0156 -0.6706 0.7417
vn -0.0131 -0.5528 0.8332
vn -0.0114 -0.4698 0.8827
vn -0.0104 -0.4231 0.9060
vn -0.0103 -0.4099 0.9121
vn -0.0101 -0.9752 0.2213
vn -0.0103 -0.9100 0.4144
vn -0.0094 -0.8002 0.5996
vn -0.0080 -0.6669 0.7451
vn -0.0068 -0.5484 0.8362
vn -0.0059 -0.4651 0.8852
vn -0.0054 -0.4180 0.9084
vn -0.0053 -0.4065 0.9136
vn -0.0058 -0.9752 0.2214
vn -0.0056 -0.9101 0.4143
vn -0.0050 -0.7985 0.6019
vn -0.0043 -0.6687 0.7435
vn -0.0036 -0.5461 0.8377
vn -0.0030 -0.4641 0.8858
vn -0.0029 -0.4176 0.9086
vn -0.0028 -0.4042 0.9146
vn -0.0031 -0.9755 0.2199
vn -0.0031 -0.9107 0.4130
vn -0.0026 -0.8010 0.5986
vn -0.0022 -0.6672 0.7448
vn -0.0019 -0.5481 0.8364
vn -0.0017 -0.4642 0.8857
vn -0.0015 -0.4163 0.9092
vn -0.0014 -0.4053 0.9142
vn -0.0017 -0.9755 0.2200
vn -0.0021 -0.9119 0.4103
vn -0.0018 -0.8025 0.5966
vn -0.0017 -0.6686 0.7436
vn -0.0018 -0.5492 0.8357
vn -0.0015 -0.4651 0.8852
vn -0.0013 -0.4172 0.9088
vn -0.0011 -0.4059 0.9139
vn 0.0082 -0.9730 0.2306
vn 0.0058 -0.9101 0.4144
vn 0.0083 -0.7986 0.6018
vn 0.0126 -0.6638 0.7478
vn 0.0175 -0.5408 0.8409
vn 0.0228 -0.4504 0.8925
vn 0.0280 -0.3981 0.9169
vn 0.0351 -0.3827 0.9232
vn 0.0213 -0.9803 0.1962
vn 0.0190 -0.9202 0.3911
vn 0.0172 -0.8160 0.5778
vn 0.0158 -0.6903 0.7234
vn 0.0152 -0.5765 0.8169
vn 0.0154 -0.4945 0.8690
vn 0.0143 -0.4429 0.8964
vn 0.0112 -0.4155 0.9095
vn -0.0027 -0.9728 0.2315
vn -0.0054 -0.9117 0.4107
vn -0.0059 -0.8031 0.5959
vn -0.0052 -0.6739 0.7388
vn -0.0033 -0.5622 0.8270
vn -0.0007 -0.4797 0.8774
vn 0.0021 -0.4371 0.8994
vn 0.0047 -0.4194 0.9078
vn -0.0068 -0.9761 0.2173
vn -0.0072 -0.9125 0.4090
vn -0.0068 -0.8017 0.5977
vn -0.0062 -0.6718 0.7407
vn -0.0051 -0.5496 0.8354
vn -0.0042 -0.4670 0.8842
vn -0.0036 -0.4194 0.9078
vn -0.0030 -0.4073 0.9133
vn -0.0063 -0.9753 0.2208
vn -0.0062 -0.9114 0.4115
vn -0.0058 -0.8018 0.5975
vn -0.0051 -0.6681 0.7440
vn -0.0031 -0.4176 0.9086
vn -0.0029 -0.4061 0.9138
vn -0.0085 -0.9752 0.2212
vn -0.0096 -0.9156 0.4021
vn -0.0090 -0.8076 0.5897
vn -0.0078 -0.6746 0.7382
vn -0.0065 -0.5549 0.8319
vn -0.0052 -0.4692 0.8831
vn -0.0040 -0.4229 0.9062
vn -0.0031 -0.4074 0.9132
vn -0.0079 -0.9709 0.2395
vn -0.0102 -0.9147 0.4041
vn -0.0090 -0.8124 0.5830
vn -0.0069 -0.6902 0.7236
vn -0.0035 -0.5794 0.8150
vn 0.0025 -0.4945 0.8692
vn 0.0110 -0.4420 0.8970
vn 0.0196 -0.4201 0.9073
vn 0.0166 -0.9759 0.2174
vn 0.0159 -0.9119 0.4102
vn 0.0141 -0.8007 0.5989
vn 0.0117 -0.6686 0.7436
vn 0.0094 -0.5517 0.8340
vn 0.0071 -0.4164 0.9091
vn 0.0084 -0.4069 0.9134
vn 0.0040 -0.9766 0.2151
vn 0.0027 -0.9148 0.4038
vn 0.0019 -0.8064 0.5914
vn 0.0013 -0.6728 0.7398
vn 0.0008 -0.5553 0.8316
vn 0.0007 -0.4682 0.8836
vn 0.0009 -0.4197 0.9077
vn 0.0018 -0.4079 0.9130
vn -0.0067 -0.9759 0.2181
vn -0.0076 -0.9139 0.4059
vn -0.0075 -0.8053 0.5928
vn -0.0066 -0.6719 0.7406
vn -0.0054 -0.5514 0.8342
vn -0.0044 -0.4687 0.8834
vn -0.0035 -0.4218 0.9067
vn -0.0028 -0.4070 0.9134
vn 0.0001 -0.9768 0.2144
vn -0.0008 -0.9139 0.4059
vn -0.0010 -0.8033 0.5956
vn -0.0011 -0.6731 0.7395
vn -0.0010 -0.5502 0.8351
vn -0.0008 -0.4674 0.8841
vn -0.0005 -0.4204 0.9073
vn 0.0002 -0.4062 0.9138
vn -0.0295 -0.9711 0.2367
vn -0.0288 -0.9141 0.4044
vn -0.0259 -0.8071 0.5899
vn -0.0216 -0.6756 0.7370
vn -0.0178 -0.5578 0.8298
vn -0.0149 -0.4760 0.8793
vn -0.0128 -0.4315 0.9020
vn -0.0120 -0.4184 0.9082
vn -0.0272 -0.9718 0.2343
vn -0.0269 -0.9147 0.4032
vn -0.0243 -0.8076 0.5892
vn -0.0205 -0.6758 0.7368
vn -0.0166 -0.5570 0.8304
vn -0.0133 -0.4761 0.8793
vn -0.0112 -0.4318 0.9019
vn -0.0107 -0.4171 0.9088
vn -0.0244 -0.9718 0.2345
vn -0.0245 -0.9148 0.4031
vn -0.0223 -0.8068 0.5904
vn -0.0183 -0.6773 0.7355
vn -0.0147 -0.5586 0.8293
vn -0.0118 -0.4742 0.8803
vn -0.0097 -0.4313 0.9021
vn -0.0093 -0.4155 0.9096
vn -0.0048 -0.9751 0.2217
vn -0.0068 -0.9157 0.4018
vn -0.0066 -0.8061 0.5918
vn -0.0063 -0.6755 0.7373
vn -0.0053 -0.5553 0.8316
vn -0.0042 -0.4698 0.8828
vn -0.0031 -0.4284 0.9036
vn -0.0016 -0.4113 0.9115
vn -0.0019 -0.9757 0.2193
vn -0.0037 -0.9145 0.4045
vn -0.0041 -0.8072 0.5903
vn -0.0042 -0.6737 0.7390
vn -0.0039 -0.5542 0.8324
vn -0.0031 -0.4713 0.8820
vn -0.0022 -0.4257 0.9049
vn -0.0008 -0.4141 0.9102
vn 0.0010 -0.9761 0.2173
vn -0.0011 -0.9154 0.4026
vn -0.0017 -0.8069 0.5907
vn -0.0019 -0.6732 0.7394
vn -0.0020 -0.5536 0.8328
vn -0.0016 -0.4707 0.8823
vn -0.0009 -0.4253 0.9050
vn 0.0001 -0.4141 0.9102
vn -0.0150 -0.9742 0.2250
vn -0.0155 -0.9127 0.4083
vn -0.0144 -0.8029 0.5959
vn -0.0124 -0.6734 0.7392
vn -0.0104 -0.5525 0.8335
vn -0.0088 -0.4700 0.8826
vn -0.0077 -0.4236 0.9058
vn -0.0072 -0.4084 0.9128
vn -0.0170 -0.9736 0.2274
vn -0.0175 -0.9122 0.4094
vn -0.0164 -0.8024 0.5966
vn -0.0141 -0.6732 0.7393
vn -0.0118 -0.5545 0.8321
vn -0.0100 -0.4703 0.8824
vn -0.0089 -0.4239 0.9057
vn -0.0084 -0.4088 0.9126
vn -0.0192 -0.9734 0.2281
vn -0.0190 -0.9116 0.4106
vn -0.0173 -0.8017 0.5974
vn -0.0151 -0.6723 0.7401
vn -0.0128 -0.5519 0.8338
vn -0.0111 -0.4699 0.8826
vn -0.0099 -0.4240 0.9056
vn -0.0096 -0.4090 0.9125
vn -0.0279 -0.9716 0.2352
vn -0.0273 -0.9133 0.4063
vn -0.0251 -0.8057 0.5918
vn -0.0214 -0.6740 0.7384
vn -0.0176 -0.5561 0.8309
vn -0.0149 -0.4728 0.8810
vn -0.0135 -0.4262 0.9045
vn -0.0131 -0.4123 0.9110
vn -0.0239 -0.9724 0.2319
vn -0.0237 -0.9131 0.4069
vn -0.0218 -0.8066 0.5907
vn -0.0188 -0.6749 0.7377
vn -0.0156 -0.5568 0.8305
vn -0.0131 -0.4730 0.8810
vn -0.0115 -0.4259 0.9047
vn -0.0108 -0.4114 0.9114
vn -0.0197 -0.9729 0.2305
vn -0.0201 -0.9145 0.4040
vn -0.0187 -0.8059 0.5917
vn -0.0160 -0.6753 0.7373
vn -0.0133 -0.5587 0.8293
vn -0.0112 -0.4729 0.8810
vn -0.0094 -0.4250 0.9051
vn -0.0083 -0.4105 0.9118
vn -0.0101 -0.9745 0.2240
vn -0.0103 -0.9103 0.4138
vn -0.0096 -0.8006 0.5991
vn -0.0082 -0.6673 0.7447
vn -0.0070 -0.5489 0.8359
vn -0.0061 -0.4655 0.8850
vn -0.0056 -0.4184 0.9082
vn -0.0055 -0.4068 0.9135
vn -0.0102 -0.9747 0.2235
vn -0.0103 -0.9109 0.4125
vn -0.0098 -0.8015 0.5979
vn -0.0086 -0.6683 0.7439
vn -0.0072 -0.5499 0.8352
vn -0.0062 -0.4664 0.8845
vn -0.0054 -0.4191 0.9079
vn -0.0052 -0.4072 0.9133
vn -0.0100 -0.9748 0.2231
vn -0.0104 -0.9116 0.4109
vn -0.0099 -0.8024 0.5967
vn -0.0086 -0.6695 0.7428
vn -0.0072 -0.5508 0.8346
vn -0.0061 -0.4671 0.8842
vn -0.0053 -0.4198 0.9076
vn -0.0050 -0.4076 0.9132
vn -0.0057 -0.9751 0.2216
vn -0.0058 -0.9103 0.4138
vn -0.0094 -0.7997 0.6003
vn -0.0080 -0.6679 0.7442
vn -0.0036 -0.5489 0.8359
vn -0.0032 -0.4615 0.8871
vn -0.0030 -0.4177 0.9086
vn -0.0029 -0.4043 0.9146
vn -0.0061 -0.9747 0.2235
vn -0.0060 -0.9108 0.4128
vn -0.0056 -0.8012 0.5984
vn -0.0048 -0.6673 0.7447
vn -0.0041 -0.5510 0.8345
vn -0.0034 -0.4646 0.8855
vn -0.0030 -0.4168 0.9090
vn -0.0029 -0.4057 0.9140
vn -0.0063 -0.9758 0.2184
vn -0.0063 -0.9106 0.4133
vn -0.0059 -0.8030 0.5960
vn -0.0051 -0.6656 0.7463
vn -0.0043 -0.5514 0.8342
vn -0.0036 -0.4637 0.8860
vn -0.0031 -0.4185 0.9082
vn -0.0029 -0.4049 0.9144
vn -0.0033 -0.9747 0.2235
vn -0.0034 -0.9109 0.4127
vn -0.0031 -0.8012 0.5984
vn -0.0027 -0.6674 0.7447
vn -0.0024 -0.5508 0.8346
vn -0.0020 -0.4616 0.8871
vn -0.0017 -0.4165 0.9091
vn -0.0017 -0.4053 0.9142
vn -0.0043 -0.9756 0.2197
vn -0.0043 -0.9112 0.4120
vn -0.0038 -0.7997 0.6004
vn -0.0034 -0.6697 0.7426
vn -0.0029 -0.5494 0.8355
vn -0.0024 -0.4646 0.8855
vn -0.0021 -0.4180 0.9085
vn -0.0020 -0.4045 0.9146
vn -0.0053 -0.9752 0.2213
vn -0.0053 -0.9107 0.4130
vn -0.0052 -0.8033 0.5956
vn -0.0045 -0.6657 0.7462
vn -0.0039 -0.5514 0.8342
vn -0.0032 -0.4650 0.8853
vn -0.0028 -0.4172 0.9088
vn -0.0026 -0.4059 0.9139
vn -0.0023 -0.9756 0.2196
vn -0.0023 -0.9121 0.4100
vn -0.0025 -0.8026 0.5965
vn -0.0023 -0.6687 0.7435
vn -0.0020 -0.5494 0.8356
vn -0.0018 -0.4653 0.8851
vn -0.0014 -0.4175 0.9087
vn -0.0010 -0.4062 0.9138
vn -0.0041 -0.9764 0.2161
vn -0.0041 -0.9122 0.4097
vn -0.0041 -0.8028 0.5962
vn -0.0040 -0.6691 0.7432
vn -0.0032 -0.5482 0.8363
vn -0.0026 -0.4660 0.8848
vn -0.0022 -0.4193 0.9078
vn -0.0018 -0.4055 0.9141
vn -0.0057 -0.9762 0.2168
vn -0.0062 -0.9124 0.4092
vn -0.0060 -0.8014 0.5980
vn -0.0053 -0.6716 0.7409
vn -0.0045 -0.5491 0.8358
vn -0.0037 -0.4667 0.8844
vn -0.0031 -0.4201 0.9075
vn -0.0026 -0.4060 0.9139
vn 0.0019 -0.9759 0.2181
vn 0.0006 -0.9151 0.4032
vn -0.0001 -0.8068 0.5909
vn -0.0006 -0.6732 0.7395
vn -0.0008 -0.5534 0.8329
vn -0.0008 -0.4685 0.8834
vn -0.0001 -0.4203 0.9074
vn 0.0007 -0.4079 0.9130
vn -0.0022 -0.9761 0.2172
vn -0.0037 -0.9156 0.4021
vn -0.0039 -0.8073 0.5902
vn -0.0038 -0.6739 0.7388
vn -0.0034 -0.5541 0.8325
vn -0.0027 -0.4681 0.8836
vn -0.0018 -0.4220 0.9066
vn -0.0009 -0.4070 0.9134
vn -0.0060 -0.9754 0.2206
vn -0.0077 -0.9155 0.4022
vn -0.0074 -0.8061 0.5918
vn -0.0067 -0.6760 0.7369
vn -0.0056 -0.5557 0.8314
vn -0.0044 -0.4702 0.8825
vn -0.0034 -0.4228 0.9062
vn -0.0022 -0.4074 0.9133
vn -0.0057 -0.9761 0.2173
vn -0.0065 -0.9140 0.4057
vn -0.0062 -0.8053 0.5929
vn -0.0058 -0.6720 0.7405
vn -0.0047 -0.5528 0.8333
vn -0.0037 -0.4673 0.8841
vn -0.0030 -0.4216 0.9068
vn -0.0023 -0.4068 0.9135
vn -0.0034 -0.9756 0.2197
vn -0.0043 -0.9140 0.4058
vn -0.0043 -0.8052 0.5929
vn -0.0039 -0.6719 0.7406
vn -0.0033 -0.5549 0.8319
vn -0.0028 -0.4682 0.8836
vn -0.0020 -0.4201 0.9075
vn -0.0012 -0.4076 0.9131
vn -0.0008 -0.9767 0.2147
vn -0.0015 -0.9139 0.4059
vn -0.0019 -0.8034 0.5955
vn -0.0022 -0.6715 0.7410
vn -0.0020 -0.5520 0.8338
vn -0.0016 -0.4676 0.8839
vn -0.0009 -0.4196 0.9077
vn -0.0003 -0.4073 0.9133
vn -0.0272 -0.9581 0.2852
vn -0.0246 -0.9042 0.4264
vn -0.0267 -0.7989 0.6009
vn -0.0312 -0.6684 0.7431
vn -0.0376 -0.5496 0.8346
vn -0.0462 -0.4582 0.8876
vn -0.0515 -0.3969 0.9164
vn -0.0253 -0.3769 0.9259
vn -0.0267 -0.9616 0.2731
vn -0.0296 -0.9088 0.4161
vn -0.0451 -0.7974 0.6017
vn -0.0780 -0.6373 0.7667
vn -0.1046 -0.4753 0.8736
vn -0.0437 -0.3746 0.9262
vn 0.0185 -0.2997 0.9539
vn -0.0560 -0.2895 0.9555
vn 0.1300 0.0934 0.9871
vn 0.1905 -0.0830 0.9782
vn 0.2334 -0.3264 0.9160
vn 0.3087 -0.4536 0.8360
vn 0.4697 -0.5556 0.6861
vn 0.3646 -0.8026 0.4721
vn 0.0864 -0.9198 0.3829
vn 0.0758 -0.8205 0.5666
vn -0.0197 -0.9547 0.2970
vn -0.0171 -0.9057 0.4236
vn -0.0157 -0.8057 0.5921
vn -0.0153 -0.6777 0.7352
vn -0.0147 -0.5599 0.8284
vn -0.0145 -0.4725 0.8812
vn -0.0156 -0.4199 0.9074
vn -0.0186 -0.3960 0.9181
vn -0.0155 -0.9601 0.2792
vn -0.0133 -0.9149 0.4035
vn -0.0132 -0.8176 0.5756
vn -0.0149 -0.6873 0.7263
vn -0.0184 -0.5606 0.8279
vn -0.0240 -0.4677 0.8836
vn -0.0220 -0.4412 0.8971
vn 0.0267 -0.5490 0.8354
vn 0.1002 -0.1601 0.9820
vn 0.1650 -0.2629 0.9506
vn 0.2070 -0.3960 0.8946
vn 0.1696 -0.4780 0.8618
vn 0.0171 -0.6038 0.7969
vn 0.0369 -0.6745 0.7374
vn 0.0308 -0.7379 0.6742
vn 0.0247 -0.7515 0.6592
vn -0.2705 0.2458 0.9308
vn -0.4208 0.0211 0.9069
vn -0.2153 -0.2096 0.9538
vn 0.1236 -0.3141 0.9413
vn 0.2843 -0.3764 0.8817
vn 0.1977 -0.4901 0.8490
vn -0.0568 -0.5727 0.8178
vn -0.0855 -0.6369 0.7662
vn -0.0023 -0.9656 0.2600
vn -0.0263 -0.9115 0.4104
vn -0.0333 -0.7911 0.6108
vn -0.0102 -0.6225 0.7826
vn 0.0337 -0.5232 0.8516
vn 0.0624 -0.5548 0.8297
vn 0.0961 -0.5794 0.8094
vn 0.3014 -0.5687 0.7653
vn 0.0020 -0.9616 0.2744
vn -0.0003 -0.9028 0.4301
vn 0.0061 -0.7942 0.6076
vn 0.0118 -0.6618 0.7496
vn 0.0103 -0.5349 0.8449
vn 0.0088 -0.4404 0.8977
vn 0.0295 -0.4002 0.9159
vn 0.1017 -0.4194 0.9021
vn 0.0512 -0.8876 0.4577
vn -0.0188 -0.7956 0.6055
vn -0.0367 -0.6865 0.7262
vn 0.0893 -0.4240 0.9013
vn 0.0580 -0.4403 0.8960
vn 0.0585 -0.6091 0.7909
vn 0.0049 -0.6162 0.7876
vn 0.0219 -0.4662 0.8844
vn 0.0012 -0.9582 0.2861
vn 0.0124 -0.9095 0.4155
vn 0.0333 -0.8106 0.5847
vn 0.0529 -0.6880 0.7238
vn 0.0681 -0.5710 0.8181
vn 0.0772 -0.4865 0.8702
vn 0.0984 -0.3848 0.9177
vn -0.0258 -0.1242 0.9919
vn -0.0035 -0.9548 0.2972
vn -0.0043 -0.9051 0.4252
vn 0.0001 -0.8034 0.5954
vn 0.0113 -0.6693 0.7429
vn 0.0305 -0.5428 0.8393
vn 0.0505 -0.4562 0.8884
vn 0.0599 -0.4189 0.9060
vn 0.0566 -0.4151 0.9080
vn -0.0231 -0.9640 0.2647
vn -0.0178 -0.9039 0.4274
vn -0.0191 -0.7925 0.6095
vn -0.0231 -0.6578 0.7528
vn -0.0287 -0.5311 0.8468
vn -0.0365 -0.4303 0.9020
vn -0.0461 -0.3643 0.9301
vn -0.0578 -0.3396 0.9388
vn -0.0153 -0.9656 0.2596
vn -0.0142 -0.9035 0.4283
vn -0.0230 -0.7836 0.6208
vn -0.0367 -0.6358 0.7710
vn -0.0601 -0.5120 0.8569
vn -0.0915 -0.4432 0.8917
vn -0.0954 -0.3707 0.9238
vn -0.0569 -0.3262 0.9436
vn 0.0160 0.1065 0.9942
vn 0.0120 -0.0951 0.9954
vn 0.0095 -0.3256 0.9455
vn 0.0133 -0.5021 0.8647
vn 0.0193 -0.6216 0.7831
vn 0.0192 -0.6801 0.7329
vn 0.0193 -0.7075 0.7064
vn 0.0107 -0.7160 0.6981
vn -0.0011 0.0557 0.9984
vn -0.0026 -0.1044 0.9945
vn -0.0228 -0.3122 0.9497
vn -0.0581 -0.4826 0.8739
vn -0.1196 -0.5918 0.7971
vn -0.1921 -0.6830 0.7047
vn -0.1668 -0.7509 0.6391
vn -0.0843 -0.7305 0.6777
vn 0.0019 -0.9687 0.2483
vn 0.0082 -0.8939 0.4481
vn 0.0319 -0.7714 0.6356
vn 0.0718 -0.6313 0.7722
vn 0.0953 -0.4816 0.8712
vn 0.0503 -0.3532 0.9342
vn 0.0199 -0.3284 0.9443
vn 0.0364 -0.3474 0.9370
vn 0.0046 -0.9682 0.2501
vn 0.0058 -0.9015 0.4327
vn 0.0120 -0.7848 0.6197
vn 0.0197 -0.6496 0.7600
vn 0.0317 -0.5293 0.8478
vn 0.0594 -0.4614 0.8852
vn 0.1036 -0.3969 0.9120
vn 0.1052 -0.3140 0.9436
vn -0.0137 0.3660 0.9305
vn -0.1157 0.1693 0.9787
vn -0.2115 0.0305 0.9769
vn -0.2373 -0.0483 0.9702
vn -0.2004 -0.1182 0.9725
vn -0.1323 -0.1916 0.9725
vn -0.0605 -0.2757 0.9593
vn 0.0070 -0.3563 0.9344
vn -0.0379 0.3815 0.9236
vn -0.0244 0.2567 0.9662
vn 0.0012 0.0836 0.9965
vn 0.0225 -0.1300 0.9913
vn 0.0307 -0.3051 0.9518
vn 0.0360 -0.3848 0.9223
vn 0.0421 -0.4145 0.9091
vn 0.0582 -0.4276 0.9021
vn 0.0398 0.4299 0.9020
vn 0.0395 0.2879 0.9568
vn 0.0428 0.0646 0.9970
vn 0.0468 -0.1866 0.9813
vn 0.0445 -0.3859 0.9215
vn 0.0440 -0.4477 0.8931
vn 0.0443 -0.4539 0.8900
vn 0.0442 -0.4708 0.8811
vn 0.0919 0.3708 0.9242
vn 0.0897 0.2024 0.9752
vn 0.0870 -0.0148 0.9961
vn 0.0817 -0.1708 0.9819
vn 0.0678 -0.2993 0.9517
vn 0.0588 -0.3997 0.9148
vn 0.0838 -0.4476 0.8903
vn 0.1720 -0.4576 0.8724
vn 0.0815 0.3779 0.9223
vn 0.0110 0.2266 0.9739
vn -0.0818 0.0412 0.9958
vn -0.0180 -0.1838 0.9828
vn 0.0294 -0.5264 0.8497
vn -0.0713 -0.4821 0.8732
vn -0.0936 -0.1627 0.9822
vn -0.0568 -0.4139 0.9086
vn -0.0276 0.5032 0.8638
vn -0.0775 0.3074 0.9484
vn -0.0617 -0.0088 0.9981
vn -0.0079 -0.2194 0.9756
vn 0.0254 -0.3242 0.9457
vn -0.0238 -0.5303 0.8475
vn -0.0696 -0.6669 0.7419
vn -0.0561 -0.5893 0.8059
vn -0.0169 0.2936 0.9558
vn 0.0249 0.1825 0.9829
vn 0.0300 0.0989 0.9946
vn 0.0213 -0.0225 0.9995
vn 0.0117 -0.1929 0.9812
vn -0.0094 -0.3494 0.9369
vn -0.0366 -0.4423 0.8961
vn -0.0730 -0.4811 0.8736
vn 0.0444 0.3790 0.9243
vn 0.0448 0.2141 0.9758
vn 0.0540 -0.0453 0.9975
vn 0.1283 -0.3544 0.9262
vn 0.2090 -0.5338 0.8194
vn 0.1654 -0.5382 0.8264
vn 0.0674 -0.3632 0.9293
vn -0.0115 -0.2992 0.9541
vn 0.0149 0.3631 0.9316
vn 0.1145 0.1743 0.9780
vn 0.2099 0.0321 0.9772
vn 0.2357 -0.0475 0.9707
vn 0.1986 -0.1178 0.9730
vn 0.1304 -0.1881 0.9734
vn 0.0749 -0.2924 0.9534
vn 0.0675 -0.4158 0.9070
vn -0.0819 0.2511 0.9645
vn -0.1646 0.0453 0.9853
vn -0.2245 0.0338 0.9739
vn -0.2449 -0.0019 0.9695
vn -0.2147 -0.1382 0.9668
vn -0.1682 -0.2609 0.9506
vn -0.1132 -0.3594 0.9263
vn -0.0804 -0.5202 0.8502
vn -0.1043 0.2484 0.9630
vn -0.1841 0.3863 0.9038
vn -0.0031 0.2722 0.9622
vn 0.1158 -0.0575 0.9916
vn 0.0267 -0.3530 0.9353
vn -0.0670 -0.5200 0.8515
vn -0.1163 -0.6933 0.7112
vn -0.1863 -0.6943 0.6951
vn -0.0368 0.2420 0.9696
vn 0.1372 0.4224 0.8959
vn 0.1487 0.2280 0.9622
vn -0.0277 -0.2489 0.9681
vn -0.0730 -0.3661 0.9277
vn -0.0732 -0.3803 0.9219
vn -0.0330 -0.2858 0.9577
vn 0.0595 -0.1035 0.9928
vn -0.0612 0.3376 0.9393
vn -0.0776 0.1995 0.9768
vn -0.0875 0.0277 0.9958
vn -0.0844 -0.1375 0.9869
vn -0.0669 -0.2876 0.9554
vn -0.0481 -0.3924 0.9185
vn -0.0346 -0.4534 0.8906
vn -0.0224 -0.4665 0.8843
vn -0.2881 0.3240 0.9011
vn -0.2761 0.2527 0.9273
vn -0.2287 0.1185 0.9663
vn -0.1645 -0.0545 0.9849
vn -0.1090 -0.2401 0.9646
vn -0.0726 -0.3858 0.9197
vn -0.0556 -0.4520 0.8903
vn -0.0418 -0.4609 0.8864
vn -0.2713 0.2270 0.9354
vn -0.4204 0.0660 0.9049
vn -0.5367 -0.0214 0.8435
vn -0.5834 -0.0441 0.8110
vn -0.5609 -0.0428 0.8268
vn -0.4782 -0.0743 0.8751
vn -0.3481 -0.1466 0.9259
vn -0.1978 -0.2623 0.9445
vn 0.3886 0.1955 0.9004
vn 0.5230 0.0752 0.8490
vn 0.6118 0.0144 0.7909
vn 0.6337 0.0046 0.7735
vn 0.5967 -0.0025 0.8024
vn 0.5050 -0.0476 0.8618
vn 0.3693 -0.1432 0.9182
vn 0.2444 -0.2970 0.9231
vn 0.3202 0.3339 0.8866
vn 0.3044 0.2596 0.9165
vn 0.2925 0.0885 0.9522
vn 0.2869 -0.1897 0.9390
vn 0.3008 -0.4099 0.8611
vn 0.3111 -0.5942 0.7417
vn 0.3317 -0.5748 0.7480
vn 0.2632 -0.3445 0.9011
vn 0.1598 0.2040 0.9659
vn 0.2260 0.0826 0.9706
vn 0.2478 0.0568 0.9671
vn 0.2160 0.0184 0.9762
vn 0.1573 -0.1510 0.9759
vn 0.1030 -0.3298 0.9384
vn 0.0631 -0.4458 0.8929
vn 0.0305 -0.4537 0.8906
vn -0.0177 -0.9606 0.2773
vn -0.0153 -0.9075 0.4199
vn -0.0154 -0.8051 0.5930
vn -0.0173 -0.6786 0.7343
vn -0.0193 -0.5635 0.8259
vn -0.0204 -0.4771 0.8786
vn -0.0199 -0.4246 0.9052
vn -0.0190 -0.4030 0.9150
vn -0.0242 -0.9594 0.2811
vn -0.0218 -0.9053 0.4243
vn -0.0223 -0.8005 0.5989
vn -0.0246 -0.6729 0.7393
vn -0.0283 -0.5567 0.8303
vn -0.0327 -0.4718 0.8811
vn -0.0373 -0.4218 0.9059
vn -0.0417 -0.4003 0.9155
vn -0.0149 -0.9589 0.2834
vn -0.0133 -0.9065 0.4220
vn -0.0120 -0.6791 0.7340
vn -0.0110 -0.5622 0.8270
vn -0.0098 -0.4749 0.8800
vn -0.0088 -0.4230 0.9061
vn -0.0081 -0.4010 0.9160
vn -0.0151 -0.9574 0.2885
vn -0.0141 -0.9061 0.4228
vn -0.0145 -0.8054 0.5925
vn -0.0148 -0.6787 0.7343
vn -0.0140 -0.5616 0.8273
vn -0.0129 -0.4746 0.8801
vn -0.0122 -0.4233 0.9059
vn -0.0117 -0.4024 0.9154
vn -0.0037 -0.9617 0.2742
vn -0.0059 -0.9043 0.4268
vn -0.0013 -0.7970 0.6040
vn 0.0056 -0.6690 0.7433
vn 0.0124 -0.5500 0.8351
vn 0.0146 -0.4538 0.8910
vn 0.0109 -0.3890 0.9212
vn 0.0042 -0.3656 0.9308
vn -0.0094 -0.9605 0.2781
vn -0.0106 -0.9067 0.4217
vn -0.0066 -0.8027 0.5963
vn -0.0001 -0.6771 0.7359
vn 0.0065 -0.5621 0.8270
vn 0.0141 -0.4723 0.8813
vn 0.0288 -0.4078 0.9126
vn 0.0490 -0.3737 0.9262
vn -0.0102 -0.9574 0.2884
vn -0.0094 -0.9057 0.4239
vn -0.0051 -0.8049 0.5934
vn -0.0004 -0.6780 0.7351
vn 0.0052 -0.5595 0.8288
vn 0.0162 -0.4680 0.8836
vn 0.0365 -0.4091 0.9118
vn 0.0589 -0.3861 0.9206
vn -0.0123 -0.9586 0.2846
vn -0.0120 -0.9065 0.4220
vn -0.0085 -0.8047 0.5936
vn -0.0048 -0.6793 0.7339
vn -0.0014 -0.5612 0.8277
vn 0.0030 -0.4729 0.8811
vn 0.0144 -0.4188 0.9080
vn 0.0309 -0.3943 0.9185
vn -0.0441 -0.9703 0.2380
vn -0.0396 -0.9122 0.4078
vn -0.0340 -0.8049 0.5924
vn -0.0280 -0.6749 0.7374
vn -0.0235 -0.5602 0.8280
vn -0.0210 -0.4801 0.8770
vn -0.0206 -0.4354 0.9000
vn -0.0212 -0.4220 0.9063
vn -0.0350 -0.9701 0.2403
vn -0.0330 -0.9134 0.4057
vn -0.0289 -0.8065 0.5906
vn -0.0239 -0.6763 0.7363
vn -0.0192 -0.5625 0.8265
vn -0.0161 -0.4810 0.8766
vn -0.0151 -0.4365 0.8996
vn -0.0162 -0.4232 0.9059
vn -0.0407 -0.9709 0.2362
vn -0.0373 -0.9114 0.4098
vn -0.0327 -0.8035 0.5944
vn -0.0271 -0.6725 0.7396
vn -0.0220 -0.5574 0.8300
vn -0.0193 -0.4748 0.8799
vn -0.0190 -0.4309 0.9022
vn -0.0203 -0.4197 0.9075
vn -0.0347 -0.9714 0.2348
vn -0.0326 -0.9133 0.4059
vn -0.0293 -0.8060 0.5912
vn -0.0247 -0.6745 0.7378
vn -0.0203 -0.5579 0.8297
vn -0.0170 -0.4764 0.8791
vn -0.0157 -0.4328 0.9014
vn -0.0157 -0.4188 0.9079
vn 0.0054 -0.9752 0.2212
vn 0.0031 -0.9142 0.4052
vn 0.0016 -0.8052 0.5931
vn 0.0008 -0.6722 0.7404
vn 0.0005 -0.5574 0.8302
vn 0.0007 -0.4740 0.8805
vn 0.0020 -0.4287 0.9034
vn 0.0048 -0.4177 0.9086
vn 0.0165 -0.9756 0.2191
vn 0.0150 -0.9125 0.4087
vn 0.0130 -0.8030 0.5958
vn 0.0104 -0.6699 0.7424
vn 0.0092 -0.5528 0.8333
vn 0.0094 -0.4715 0.8818
vn 0.0104 -0.4258 0.9047
vn 0.0120 -0.4145 0.9099
vn 0.0064 -0.9758 0.2187
vn 0.0048 -0.9146 0.4044
vn 0.0038 -0.8060 0.5919
vn 0.0025 -0.6722 0.7404
vn 0.0017 -0.5548 0.8320
vn 0.0017 -0.4698 0.8827
vn 0.0024 -0.4244 0.9055
vn 0.0037 -0.4141 0.9102
vn 0.0152 -0.9756 0.2191
vn 0.0142 -0.9128 0.4083
vn 0.0123 -0.8037 0.5950
vn 0.0099 -0.6698 0.7425
vn 0.0080 -0.5527 0.8333
vn 0.0072 -0.4674 0.8840
vn 0.0080 -0.4219 0.9066
vn 0.0099 -0.4125 0.9109
vn -0.0326 -0.9711 0.2365
vn -0.0307 -0.9121 0.4088
vn -0.0276 -0.8043 0.5935
vn -0.0233 -0.6728 0.7394
vn -0.0197 -0.5571 0.8302
vn -0.0168 -0.4726 0.8811
vn -0.0153 -0.4260 0.9046
vn -0.0153 -0.4133 0.9105
vn -0.0373 -0.9711 0.2358
vn -0.0345 -0.9105 0.4121
vn -0.0306 -0.8020 0.5965
vn -0.0254 -0.6704 0.7416
vn -0.0207 -0.5534 0.8327
vn -0.0175 -0.4711 0.8819
vn -0.0167 -0.4254 0.9048
vn -0.0177 -0.4145 0.9099
vn -0.0445 -0.9748 0.2185
vn -0.0389 -0.9224 0.3843
vn -0.0333 -0.8205 0.5706
vn -0.0281 -0.6976 0.7159
vn -0.0235 -0.5850 0.8107
vn -0.0209 -0.5044 0.8632
vn -0.0201 -0.4531 0.8912
vn -0.0207 -0.4251 0.9049
vn -0.0335 -0.9678 0.2493
vn -0.0309 -0.9105 0.4123
vn -0.0267 -0.8035 0.5947
vn -0.0218 -0.6781 0.7346
vn -0.0186 -0.5656 0.8244
vn -0.0172 -0.4855 0.8741
vn -0.0176 -0.4393 0.8982
vn -0.0210 -0.4187 0.9079
vn -0.0262 -0.9662 0.2563
vn -0.0238 -0.9141 0.4047
vn -0.0212 -0.8133 0.5815
vn -0.0193 -0.6897 0.7238
vn -0.0198 -0.5742 0.8185
vn -0.0231 -0.4865 0.8734
vn -0.0288 -0.4340 0.9005
vn -0.0347 -0.4117 0.9106
vn -0.0353 -0.9688 0.2453
vn -0.0288 -0.9152 0.4020
vn -0.0253 -0.8120 0.5831
vn -0.0241 -0.6800 0.7328
vn -0.0254 -0.5591 0.8287
vn -0.0287 -0.4694 0.8825
vn -0.0331 -0.4169 0.9083
vn -0.0380 -0.3940 0.9183
vn -0.0037 -0.9707 0.2402
vn -0.0064 -0.9137 0.4063
vn -0.0056 -0.8109 0.5852
vn -0.0030 -0.6877 0.7260
vn 0.0019 -0.5725 0.8199
vn 0.0095 -0.4844 0.8748
vn 0.0182 -0.4315 0.9019
vn 0.0267 -0.4107 0.9114
vn 0.0075 -0.9741 0.2259
vn 0.0037 -0.9136 0.4067
vn 0.0046 -0.8059 0.5921
vn 0.0084 -0.6750 0.7377
vn 0.0140 -0.5532 0.8329
vn 0.0203 -0.4644 0.8854
vn 0.0268 -0.4089 0.9122
vn 0.0331 -0.3893 0.9205
vn 0.0159 -0.9808 0.1942
vn 0.0132 -0.9207 0.3901
vn 0.0117 -0.8149 0.5795
vn 0.0106 -0.6912 0.7226
vn 0.0102 -0.5779 0.8160
vn 0.0106 -0.4971 0.8676
vn 0.0117 -0.4469 0.8945
vn 0.0138 -0.4183 0.9082
vn 0.0030 -0.9736 0.2283
vn 0.0003 -0.9110 0.4124
vn -0.0005 -0.8021 0.5972
vn -0.0008 -0.6721 0.7405
vn 0.0005 -0.5571 0.8304
vn 0.0029 -0.4784 0.8781
vn 0.0059 -0.4335 0.9011
vn 0.0108 -0.4145 0.9100
vn 0.0137 -0.9759 0.2179
vn 0.0129 -0.9129 0.4081
vn 0.0113 -0.8038 0.5948
vn 0.0090 -0.6699 0.7424
vn 0.0072 -0.5501 0.8350
vn 0.0062 -0.4655 0.8850
vn 0.0059 -0.4173 0.9088
vn 0.0071 -0.4078 0.9130
vn 0.0066 -0.9767 0.2146
vn 0.0057 -0.9144 0.4048
vn 0.0048 -0.8040 0.5946
vn 0.0037 -0.6739 0.7388
vn 0.0027 -0.5530 0.8332
vn 0.0022 -0.4674 0.8840
vn 0.0024 -0.4190 0.9080
vn 0.0033 -0.4080 0.9130
vn 0.0555 -0.7392 0.6712
vn 0.5159 -0.6453 0.5634
vn 0.5846 -0.4264 0.6903
vn 0.1625 -0.3422 0.9255
vn 0.0118 -0.3246 0.9458
vn -0.0126 -0.2801 0.9599
vn 0.0017 -0.0831 0.9965
vn 0.1442 0.0200 0.9894
vn 0.0246 -0.3309 0.9433
vn 0.1422 -0.3270 0.9342
vn 0.2511 -0.2933 0.9225
vn 0.2231 -0.1765 0.9587
vn 0.1083 -0.0442 0.9931
vn 0.0004 0.0948 0.9955
vn -0.0704 0.2236 0.9721
vn -0.1050 0.2995 0.9483
vn 0.0381 -0.3456 0.9376
vn -0.1558 -0.3601 0.9198
vn -0.1837 -0.3712 0.9102
vn -0.1325 -0.4017 0.9061
vn -0.0601 -0.3761 0.9246
vn -0.0862 -0.1922 0.9776
vn -0.1706 0.2295 0.9582
vn -0.1625 0.4726 0.8662
vn -0.0591 -0.6605 0.7485
vn -0.1016 -0.4879 0.8670
vn -0.1019 -0.3226 0.9410
vn -0.1022 -0.2497 0.9629
vn -0.0891 -0.1076 0.9902
vn -0.0615 0.0573 0.9965
vn -0.0324 0.2333 0.9719
vn -0.0244 0.4032 0.9148
vn -0.1914 -0.4197 0.8872
vn -0.1567 -0.4106 0.8982
vn -0.1673 -0.3917 0.9048
vn -0.1777 -0.3222 0.9299
vn -0.1581 -0.1862 0.9697
vn -0.1163 -0.0005 0.9932
vn -0.0698 0.2161 0.9739
vn -0.0387 0.4167 0.9082
vn -0.1650 -0.2098 0.9637
vn -0.0512 -0.2413 0.9691
vn 0.0128 -0.3077 0.9514
vn 0.0520 -0.1980 0.9788
vn 0.1223 -0.0789 0.9894
vn 0.1630 0.0622 0.9847
vn 0.1309 0.2357 0.9630
vn 0.1230 0.3100 0.9427
vn 0.3378 -0.3124 0.8879
vn 0.2219 -0.3420 0.9131
vn 0.0175 -0.3298 0.9439
vn -0.1190 -0.2121 0.9700
vn -0.1508 -0.0806 0.9853
vn -0.1406 0.0296 0.9896
vn -0.1470 0.1497 0.9777
vn -0.2280 0.3007 0.9261
vn -0.1638 -0.5595 0.8125
vn -0.0800 -0.6244 0.7770
vn -0.0346 -0.6269 0.7784
vn -0.0630 -0.4162 0.9071
vn -0.0379 -0.0865 0.9955
vn 0.0011 0.1699 0.9855
vn -0.0306 0.2230 0.9743
vn -0.0340 0.4037 0.9142
vn 0.0727 -0.4754 0.8768
vn 0.1755 -0.4676 0.8663
vn 0.1813 -0.3507 0.9188
vn 0.0870 -0.2343 0.9683
vn 0.0736 -0.0983 0.9924
vn 0.0487 0.0648 0.9967
vn 0.0208 0.2366 0.9714
vn 0.0207 0.4036 0.9147
vn 0.4339 -0.2854 0.8546
vn 0.3341 -0.0579 0.9408
vn 0.1168 -0.1795 0.9768
vn -0.1009 -0.1624 0.9816
vn -0.0739 -0.1484 0.9862
vn 0.0434 0.0727 0.9964
vn 0.0665 0.2763 0.9588
vn 0.0654 0.4283 0.9013
vn 0.2100 -0.4475 0.8693
vn 0.1719 -0.4277 0.8874
vn 0.1658 -0.5309 0.8311
vn 0.2352 -0.6222 0.7466
vn 0.4613 -0.5273 0.7136
vn 0.5487 -0.0341 0.8353
vn 0.2591 0.4668 0.8456
vn 0.0798 0.5711 0.8170
vn 0.1879 -0.5128 0.8377
vn 0.2379 -0.4481 0.8617
vn 0.2163 -0.4071 0.8874
vn 0.1856 -0.2828 0.9411
vn 0.1569 -0.1529 0.9757
vn 0.1923 -0.0658 0.9791
vn 0.2666 0.1771 0.9474
vn 0.1718 0.4876 0.8560
vn 0.1194 -0.4025 0.9076
vn 0.1228 -0.4034 0.9068
vn 0.1551 -0.3851 0.9097
vn 0.1691 -0.3184 0.9327
vn 0.1500 -0.1861 0.9710
vn 0.1097 -0.0027 0.9940
vn 0.0661 0.2180 0.9737
vn 0.0399 0.4158 0.9086
vn 0.0119 -0.3019 0.9533
vn -0.1072 -0.4461 0.8885
vn -0.0150 -0.3899 0.9208
vn 0.0997 -0.3366 0.9364
vn 0.1305 -0.0833 0.9879
vn 0.0756 0.0968 0.9924
vn 0.0352 0.2758 0.9606
vn 0.0243 0.4153 0.9093
vn 0.1528 -0.6622 0.7335
vn 0.2395 -0.6769 0.6961
vn 0.4400 -0.4419 0.7818
vn 0.4525 0.0153 0.8916
vn 0.2824 0.1826 0.9418
vn 0.1150 0.2260 0.9673
vn 0.0661 0.3015 0.9512
vn 0.0698 0.4330 0.8987
vn -0.0611 0.1095 0.9921
vn 0.1050 -0.1311 0.9858
vn 0.0861 -0.3523 0.9319
vn 0.0255 -0.3445 0.9384
vn -0.1413 -0.1736 0.9746
vn -0.2251 0.0875 0.9704
vn -0.0152 0.1297 0.9914
vn -0.0212 0.1885 0.9819
vn -0.0218 -0.5681 0.8227
vn -0.1157 -0.5582 0.8216
vn -0.1206 -0.5634 0.8173
vn 0.0415 -0.4394 0.8974
vn 0.0199 0.1744 0.9845
vn -0.1642 0.4993 0.8507
vn -0.1239 0.2783 0.9525
vn -0.0697 0.2389 0.9685
vn -0.1461 -0.3714 0.9169
vn -0.1764 -0.3473 0.9210
vn -0.1558 -0.3053 0.9394
vn -0.0888 -0.2264 0.9700
vn -0.0251 -0.1133 0.9932
vn -0.0293 -0.0000 0.9996
vn -0.0984 0.1584 0.9825
vn -0.2015 0.3215 0.9252
vn 0.1918 -0.4806 0.8557
vn 0.0544 -0.3763 0.9249
vn -0.0440 -0.3132 0.9487
vn -0.1079 -0.2953 0.9493
vn -0.1499 -0.2573 0.9546
vn -0.1449 -0.1216 0.9820
vn -0.1053 0.1702 0.9798
vn -0.0816 0.4016 0.9122
vn -0.0739 -0.4464 0.8918
vn -0.1077 -0.4322 0.8953
vn -0.1358 -0.3363 0.9319
vn -0.0907 -0.1743 0.9805
vn 0.0728 0.0477 0.9962
vn 0.2193 0.2961 0.9296
vn 0.1985 0.5278 0.8258
vn 0.0679 0.6763 0.7335
vn -0.2316 -0.7308 0.6421
vn 0.0606 -0.5867 0.8075
vn -0.0420 -0.0733 0.9964
vn -0.0690 -0.0085 0.9976
vn 0.0507 0.0636 0.9967
vn 0.0864 0.0556 0.9947
vn 0.0404 0.1382 0.9896
vn 0.4665 0.8026 0.3718
vn -0.2765 -0.4318 0.8585
vn -0.1849 -0.4521 0.8726
vn -0.0970 -0.4696 0.8776
vn -0.0875 -0.4319 0.8976
vn -0.0705 -0.3100 0.9481
vn -0.0429 0.0898 0.9950
vn -0.1412 0.5949 0.7913
vn -0.1669 0.7521 0.6376
vn -0.1045 -0.3309 0.9378
vn -0.0412 -0.4631 0.8853
vn -0.0662 -0.4659 0.8824
vn -0.0855 -0.3372 0.9376
vn -0.0993 -0.1441 0.9846
vn -0.1246 0.1235 0.9845
vn -0.1555 0.3639 0.9184
vn -0.0535 0.3429 0.9379
vn -0.1893 -0.4997 0.8453
vn -0.0641 -0.4578 0.8867
vn -0.0025 -0.5000 0.8660
vn 0.0071 -0.5365 0.8439
vn -0.1943 -0.1935 0.9617
vn -0.4780 0.1670 0.8623
vn -0.3894 0.3991 0.8301
vn -0.0973 0.3074 0.9466
vn 0.3312 -0.4382 0.8356
vn 0.1463 -0.3503 0.9251
vn -0.0097 -0.3156 0.9488
vn -0.0804 -0.2737 0.9584
vn -0.1390 -0.1479 0.9792
vn -0.1861 0.0134 0.9824
vn -0.1503 0.2135 0.9653
vn -0.0373 0.4677 0.8831
vn -0.0380 -0.5379 0.8421
vn -0.0403 -0.4914 0.8700
vn -0.0343 -0.4552 0.8897
vn -0.0394 -0.3549 0.9341
vn -0.0663 -0.0950 0.9933
vn -0.0712 0.1626 0.9841
vn -0.0323 0.1816 0.9828
vn -0.0083 0.1550 0.9879
vn -0.0228 -0.4878 0.8727
vn 0.0162 -0.5684 0.8226
vn 0.1705 -0.5273 0.8324
vn 0.3149 -0.2143 0.9246
vn 0.0872 0.0326 0.9957
vn -0.0109 0.0674 0.9977
vn -0.0512 0.1564 0.9864
vn -0.0700 0.3461 0.9356
vn 0.0650 -0.6659 0.7432
vn 0.0858 -0.5282 0.8448
vn -0.1278 -0.2959 0.9466
vn -0.2222 -0.2563 0.9407
vn -0.2019 -0.2469 0.9478
vn -0.1859 -0.0956 0.9779
vn -0.2011 0.2009 0.9588
vn -0.1368 0.3330 0.9330
vn -0.0402 -0.3955 0.9176
vn -0.1273 -0.3963 0.9092
vn -0.1792 -0.4001 0.8988
vn -0.1284 -0.3381 0.9323
vn -0.0750 -0.1504 0.9858
vn -0.0804 -0.1640 0.9832
vn -0.1939 -0.0115 0.9810
vn -0.2252 0.4986 0.8371
vn -0.0935 -0.5313 0.8420
vn -0.0209 -0.4864 0.8735
vn 0.0613 -0.3723 0.9261
vn 0.0160 -0.4351 0.9002
vn -0.0189 -0.3913 0.9201
vn -0.0556 -0.1617 0.9853
vn -0.0285 0.4605 0.8872
vn -0.0245 0.7617 0.6475
vn -0.0140 -0.3500 0.9366
vn 0.1771 0.0838 0.9806
vn 0.2493 -0.2281 0.9412
vn 0.1626 -0.3753 0.9125
vn 0.1120 -0.2323 0.9662
vn 0.1041 0.0451 0.9935
vn 0.1088 0.2481 0.9626
vn 0.1029 0.3952 0.9128
vn 0.0670 -0.4746 0.8777
vn 0.0745 -0.4590 0.8853
vn 0.0933 -0.4246 0.9005
vn 0.1433 -0.2949 0.9447
vn 0.1861 -0.1515 0.9708
vn 0.1152 -0.1399 0.9834
vn 0.0172 0.4640 0.8857
vn 0.1200 0.4338 0.8930
vn 0.0612 -0.3959 0.9163
vn -0.0696 -0.2968 0.9524
vn -0.2507 -0.2662 0.9308
vn -0.3268 -0.4160 0.8486
vn -0.0953 -0.2256 0.9696
vn 0.0219 0.0679 0.9975
vn 0.0562 0.4209 0.9054
vn 0.0056 0.5955 0.8033
vn 0.0612 -0.4675 0.8818
vn 0.1086 -0.4298 0.8964
vn 0.1289 -0.4011 0.9069
vn 0.1052 -0.3111 0.9445
vn 0.0731 -0.2180 0.9732
vn 0.0836 -0.0260 0.9962
vn 0.0956 0.2157 0.9718
vn 0.0819 0.4030 0.9115
vn 0.0591 -0.4829 0.8737
vn 0.0251 -0.6300 0.7762
vn -0.0172 -0.4711 0.8819
vn 0.0502 0.0376 0.9980
vn 0.1530 0.3741 0.9147
vn 0.0921 0.2340 0.9679
vn 0.0921 0.2302 0.9688
vn 0.1121 0.3814 0.9176
vn 0.2142 -0.5155 0.8297
vn 0.1080 -0.5267 0.8432
vn 0.0767 -0.4199 0.9043
vn 0.0843 -0.2996 0.9503
vn 0.0968 -0.1456 0.9846
vn 0.0883 0.0602 0.9943
vn 0.0719 0.2465 0.9665
vn 0.0789 0.4157 0.9061
vn 0.0569 0.3391 0.9390
vn 0.0539 0.2219 0.9736
vn 0.0619 0.0213 0.9979
vn 0.1233 -0.1534 0.9804
vn 0.1226 -0.4647 0.8769
vn -0.0156 -0.4325 0.9015
vn 0.4410 0.0156 0.8974
vn -0.3751 -0.6013 0.7055
vn 0.2883 0.3418 0.8945
vn 0.4510 0.2703 0.8506
vn 0.2439 -0.2758 0.9298
vn 0.1594 -0.0616 0.9853
vn 0.0406 -0.3113 0.9494
vn 0.0344 -0.4091 0.9118
vn 0.0423 -0.4549 0.8895
vn 0.0650 -0.5738 0.8164
vn -0.0669 0.2871 0.9556
vn 0.0410 0.2408 0.9697
vn 0.0651 0.0627 0.9959
vn 0.0957 -0.1780 0.9794
vn 0.1170 -0.3785 0.9182
vn 0.1150 -0.4522 0.8845
vn 0.1061 -0.4660 0.8784
vn 0.0660 -0.4597 0.8856
vn 0.0433 0.4049 0.9133
vn 0.0410 0.2173 0.9752
vn 0.0344 -0.0883 0.9955
vn 0.0870 -0.3727 0.9239
vn 0.1368 -0.3992 0.9066
vn 0.0496 -0.2484 0.9674
vn -0.0165 -0.2217 0.9750
vn 0.0059 -0.4028 0.9153
vn 0.0230 0.4059 0.9136
vn 0.0440 0.2191 0.9747
vn 0.0841 -0.0482 0.9953
vn 0.1114 -0.1874 0.9760
vn 0.1105 -0.2662 0.9576
vn 0.1007 -0.3214 0.9416
vn 0.1441 -0.3314 0.9324
vn -0.0827 -0.6452 0.7595
vn 0.0235 0.1866 0.9822
vn -0.0204 -0.0997 0.9948
vn 0.1343 0.0740 0.9882
vn 0.7016 0.3092 0.6420
vn -0.1718 -0.1741 0.9696
vn -0.0725 -0.6481 0.7581
vn 0.1263 -0.3936 0.9106
vn 0.0326 -0.4658 0.8843
vn 0.0377 0.4038 0.9141
vn 0.0374 0.2295 0.9726
vn 0.0379 0.0244 0.9990
vn 0.0457 -0.1599 0.9861
vn 0.0484 -0.3624 0.9308
vn 0.0857 -0.6037 0.7926
vn 0.1789 -0.6735 0.7172
vn 0.2031 -0.4955 0.8445
vt 0.728600 0.356700
vt 0.729500 0.334800
vt 0.734500 0.334800
vt 0.735300 0.356700
vt 0.735300 0.376000
vt 0.728600 0.376000
vt 0.735300 0.394200
vt 0.728600 0.394200
vt 0.735300 0.412400
vt 0.728600 0.412400
vt 0.735300 0.431500
vt 0.728600 0.431500
vt 0.735300 0.452100
vt 0.728600 0.452100
vt 0.735300 0.474300
vt 0.728600 0.474300
vt 0.735300 0.498200
vt 0.728600 0.498200
vt 0.667000 0.189900
vt 0.668700 0.168000
vt 0.673700 0.168200
vt 0.673700 0.190100
vt 0.673000 0.209400
vt 0.666300 0.209200
vt 0.672300 0.227600
vt 0.665600 0.227300
vt 0.671600 0.245800
vt 0.664900 0.245600
vt 0.670800 0.265000
vt 0.664200 0.264700
vt 0.670100 0.285500
vt 0.663400 0.285200
vt 0.669200 0.307600
vt 0.662500 0.307400
vt 0.668300 0.331500
vt 0.661600 0.331300
vt 0.240100 0.023200
vt 0.241000 0.001300
vt 0.246000 0.001300
vt 0.246800 0.023200
vt 0.246800 0.042500
vt 0.240100 0.042500
vt 0.246800 0.060700
vt 0.240100 0.060700
vt 0.246800 0.078900
vt 0.240100 0.078900
vt 0.246800 0.098100
vt 0.240100 0.098100
vt 0.246800 0.118600
vt 0.240100 0.118600
vt 0.246800 0.140800
vt 0.240100 0.140800
vt 0.246800 0.164700
vt 0.240100 0.164700
vt 0.929100 0.689900
vt 0.930000 0.668000
vt 0.935000 0.668000
vt 0.935800 0.689900
vt 0.935800 0.709200
vt 0.929100 0.709200
vt 0.935800 0.727400
vt 0.929100 0.727400
vt 0.935800 0.745700
vt 0.929100 0.745700
vt 0.935800 0.764800
vt 0.929100 0.764800
vt 0.935800 0.785300
vt 0.929100 0.785300
vt 0.935800 0.807500
vt 0.929100 0.807500
vt 0.935800 0.831400
vt 0.929100 0.831400
vt 0.414100 0.523300
vt 0.415000 0.501400
vt 0.420000 0.501400
vt 0.420800 0.523300
vt 0.420800 0.542600
vt 0.414100 0.542600
vt 0.420800 0.560800
vt 0.414100 0.560800
vt 0.420800 0.579000
vt 0.414100 0.579000
vt 0.420800 0.598200
vt 0.414100 0.598200
vt 0.420800 0.618700
vt 0.414100 0.618700
vt 0.420800 0.640900
vt 0.414100 0.640900
vt 0.420800 0.664800
vt 0.414100 0.664800
vt 0.235500 0.523300
vt 0.236300 0.501400
vt 0.241400 0.501400
vt 0.242200 0.523300
vt 0.242200 0.542600
vt 0.235500 0.542600
vt 0.242200 0.560800
vt 0.235500 0.560800
vt 0.242200 0.579000
vt 0.235500 0.579000
vt 0.242200 0.598200
vt 0.235500 0.598200
vt 0.242200 0.618700
vt 0.235500 0.618700
vt 0.242200 0.640900
vt 0.235500 0.640900
vt 0.242200 0.664800
vt 0.235500 0.664800
vt 0.205700 0.356700
vt 0.206600 0.334800
vt 0.211600 0.334800
vt 0.212400 0.356700
vt 0.212400 0.376000
vt 0.205700 0.376000
vt 0.212400 0.394200
vt 0.205700 0.394200
vt 0.212400 0.412400
vt 0.205700 0.412400
vt 0.212400 0.431500
vt 0.205700 0.431500
vt 0.212400 0.452100
vt 0.205700 0.452100
vt 0.212400 0.474300
vt 0.205700 0.474300
vt 0.212400 0.498200
vt 0.205700 0.498200
vt 0.528700 0.189900
vt 0.530400 0.168000
vt 0.535400 0.168200
vt 0.535400 0.190100
vt 0.534700 0.209400
vt 0.528000 0.209200
vt 0.534000 0.227600
vt 0.527300 0.227300
vt 0.533300 0.245800
vt 0.526600 0.245600
vt 0.532600 0.265000
vt 0.525900 0.264700
vt 0.531800 0.285500
vt 0.525100 0.285200
vt 0.530900 0.307600
vt 0.524200 0.307400
vt 0.530000 0.331500
vt 0.523300 0.331300
vt 0.944600 0.690000
vt 0.945400 0.668100
vt 0.950400 0.668100
vt 0.951300 0.690000
vt 0.951300 0.709300
vt 0.944600 0.709300
vt 0.951300 0.727500
vt 0.944600 0.727500
vt 0.951300 0.745800
vt 0.944600 0.745800
vt 0.951300 0.764900
vt 0.944600 0.764900
vt 0.951300 0.785400
vt 0.944600 0.785400
vt 0.951300 0.807600
vt 0.944600 0.807600
vt 0.951300 0.831500
vt 0.944600 0.831500
vt 0.790300 0.356600
vt 0.791900 0.334800
vt 0.797000 0.335000
vt 0.797000 0.356900
vt 0.796200 0.376200
vt 0.789500 0.375900
vt 0.795500 0.394300
vt 0.788800 0.394100
vt 0.794800 0.412600
vt 0.788100 0.412300
vt 0.794100 0.431700
vt 0.787400 0.431400
vt 0.793300 0.452200
vt 0.786600 0.452000
vt 0.792500 0.474400
vt 0.785800 0.474100
vt 0.791500 0.498300
vt 0.784900 0.498000
vt 0.166000 0.356700
vt 0.166900 0.334800
vt 0.171900 0.334800
vt 0.172700 0.356700
vt 0.172700 0.376000
vt 0.166000 0.376000
vt 0.172700 0.394200
vt 0.166000 0.394200
vt 0.172700 0.412400
vt 0.166000 0.412400
vt 0.172700 0.431500
vt 0.166000 0.431500
vt 0.172700 0.452100
vt 0.166000 0.452100
vt 0.172700 0.474200
vt 0.166000 0.474200
vt 0.172700 0.498200
vt 0.166000 0.498200
vt 0.651600 0.356600
vt 0.653300 0.334800
vt 0.658300 0.335000
vt 0.658300 0.356900
vt 0.657600 0.376200
vt 0.650900 0.375900
vt 0.656900 0.394300
vt 0.650200 0.394100
vt 0.656200 0.412600
vt 0.649500 0.412300
vt 0.655400 0.431700
vt 0.648800 0.431400
vt 0.654700 0.452200
vt 0.648000 0.452000
vt 0.653800 0.474400
vt 0.647100 0.474100
vt 0.652900 0.498300
vt 0.646200 0.498000
vt 0.285100 0.689900
vt 0.285900 0.668000
vt 0.291000 0.668000
vt 0.291800 0.689900
vt 0.291800 0.709200
vt 0.285100 0.709200
vt 0.291800 0.727400
vt 0.285100 0.727400
vt 0.291800 0.745700
vt 0.285100 0.745700
vt 0.291800 0.764800
vt 0.285100 0.764800
vt 0.291800 0.785300
vt 0.285100 0.785300
vt 0.291800 0.807500
vt 0.285100 0.807500
vt 0.291800 0.831400
vt 0.285100 0.831400
vt 0.554900 0.856500
vt 0.555700 0.834700
vt 0.560800 0.834700
vt 0.561600 0.856500
vt 0.561600 0.875900
vt 0.554900 0.875900
vt 0.561600 0.894100
vt 0.554900 0.894100
vt 0.561600 0.912300
vt 0.554900 0.912300
vt 0.561600 0.931400
vt 0.554900 0.931400
vt 0.561600 0.952000
vt 0.554900 0.952000
vt 0.561600 0.974100
vt 0.554900 0.974100
vt 0.561600 0.998100
vt 0.554900 0.998100
vt 0.595600 0.856500
vt 0.596400 0.834700
vt 0.601400 0.834700
vt 0.602300 0.856500
vt 0.602300 0.875900
vt 0.595600 0.875900
vt 0.602300 0.894100
vt 0.595600 0.894000
vt 0.602300 0.912300
vt 0.595600 0.912300
vt 0.602300 0.931400
vt 0.595600 0.931400
vt 0.602300 0.952000
vt 0.595600 0.952000
vt 0.602300 0.974100
vt 0.595600 0.974100
vt 0.602300 0.998100
vt 0.595600 0.998100
vt 0.605500 0.523300
vt 0.606300 0.501400
vt 0.611400 0.501400
vt 0.612200 0.523300
vt 0.612200 0.542600
vt 0.605500 0.542600
vt 0.612200 0.560800
vt 0.605500 0.560800
vt 0.612200 0.579000
vt 0.605500 0.579000
vt 0.612200 0.598200
vt 0.605500 0.598200
vt 0.612200 0.618700
vt 0.605500 0.618700
vt 0.612200 0.640900
vt 0.605500 0.640900
vt 0.612200 0.664800
vt 0.605500 0.664800
vt 0.146200 0.523300
vt 0.147000 0.501400
vt 0.152100 0.501400
vt 0.152900 0.523300
vt 0.152900 0.542600
vt 0.146200 0.542600
vt 0.152900 0.560800
vt 0.146200 0.560800
vt 0.152900 0.579000
vt 0.146200 0.579000
vt 0.152900 0.598200
vt 0.146200 0.598200
vt 0.152900 0.618700
vt 0.146200 0.618700
vt 0.152900 0.640900
vt 0.146200 0.640900
vt 0.152900 0.664800
vt 0.146200 0.664800
vt 0.790300 0.023100
vt 0.792000 0.001300
vt 0.797000 0.001500
vt 0.797000 0.023400
vt 0.796200 0.042700
vt 0.789500 0.042400
vt 0.795500 0.060900
vt 0.788800 0.060600
vt 0.794800 0.079100
vt 0.788100 0.078800
vt 0.794100 0.098200
vt 0.787400 0.098000
vt 0.793300 0.118700
vt 0.786600 0.118500
vt 0.792400 0.140900
vt 0.785700 0.140600
vt 0.791500 0.164800
vt 0.784800 0.164500
vt 0.126400 0.689900
vt 0.127200 0.668000
vt 0.132200 0.668000
vt 0.133100 0.689900
vt 0.133100 0.709200
vt 0.126400 0.709200
vt 0.133100 0.727400
vt 0.126400 0.727400
vt 0.133100 0.745700
vt 0.126400 0.745700
vt 0.133100 0.764800
vt 0.126400 0.764800
vt 0.133100 0.785300
vt 0.126400 0.785300
vt 0.133100 0.807500
vt 0.126400 0.807500
vt 0.133100 0.831400
vt 0.126400 0.831400
vt 0.443900 0.689900
vt 0.444700 0.668000
vt 0.449800 0.668000
vt 0.450600 0.689900
vt 0.450600 0.709200
vt 0.443900 0.709200
vt 0.450600 0.727400
vt 0.443900 0.727400
vt 0.450600 0.745700
vt 0.443900 0.745700
vt 0.450600 0.764800
vt 0.443900 0.764800
vt 0.450600 0.785300
vt 0.443900 0.785300
vt 0.450600 0.807500
vt 0.443900 0.807500
vt 0.450600 0.831400
vt 0.443900 0.831400
vt 0.295000 0.689900
vt 0.295900 0.668000
vt 0.300900 0.668000
vt 0.301700 0.689900
vt 0.301700 0.709200
vt 0.295000 0.709200
vt 0.301700 0.727400
vt 0.295000 0.727400
vt 0.301700 0.745700
vt 0.295000 0.745700
vt 0.301700 0.764800
vt 0.295000 0.764800
vt 0.301700 0.785300
vt 0.295000 0.785300
vt 0.301700 0.807500
vt 0.295000 0.807500
vt 0.301700 0.831400
vt 0.295000 0.831400
vt 0.424000 0.689900
vt 0.424900 0.668000
vt 0.429900 0.668000
vt 0.430700 0.689900
vt 0.430700 0.709200
vt 0.424000 0.709200
vt 0.430700 0.727400
vt 0.424000 0.727400
vt 0.430700 0.745700
vt 0.424000 0.745700
vt 0.430700 0.764800
vt 0.424000 0.764800
vt 0.430700 0.785300
vt 0.424000 0.785300
vt 0.430700 0.807500
vt 0.424000 0.807500
vt 0.430700 0.831400
vt 0.424000 0.831400
vt 0.235500 0.689900
vt 0.236300 0.668000
vt 0.241400 0.668000
vt 0.242200 0.689900
vt 0.242200 0.709200
vt 0.235500 0.709200
vt 0.242200 0.727400
vt 0.235500 0.727400
vt 0.242200 0.745700
vt 0.235500 0.745700
vt 0.242200 0.764800
vt 0.235500 0.764800
vt 0.242200 0.785300
vt 0.235500 0.785300
vt 0.242200 0.807500
vt 0.235500 0.807500
vt 0.242200 0.831400
vt 0.235500 0.831400
vt 0.615500 0.689900
vt 0.616300 0.668000
vt 0.621300 0.668000
vt 0.622200 0.689900
vt 0.622200 0.709200
vt 0.615500 0.709200
vt 0.622200 0.727400
vt 0.615500 0.727400
vt 0.622200 0.745700
vt 0.615500 0.745700
vt 0.622200 0.764800
vt 0.615500 0.764800
vt 0.622200 0.785300
vt 0.615500 0.785300
vt 0.622200 0.807500
vt 0.615500 0.807500
vt 0.622200 0.831400
vt 0.615500 0.831400
vt 0.096600 0.689900
vt 0.097400 0.668000
vt 0.102500 0.668000
vt 0.103300 0.689900
vt 0.103300 0.709200
vt 0.096600 0.709200
vt 0.103300 0.727400
vt 0.096600 0.727400
vt 0.103300 0.745700
vt 0.096600 0.745700
vt 0.103300 0.764800
vt 0.096600 0.764800
vt 0.103300 0.785300
vt 0.096600 0.785300
vt 0.103300 0.807500
vt 0.096600 0.807500
vt 0.103300 0.831400
vt 0.096600 0.831400
vt 0.780300 0.523400
vt 0.781200 0.501500
vt 0.786200 0.501500
vt 0.787000 0.523400
vt 0.787000 0.542700
vt 0.780300 0.542700
vt 0.787000 0.560900
vt 0.780300 0.560900
vt 0.787000 0.579100
vt 0.780300 0.579100
vt 0.787000 0.598300
vt 0.780300 0.598300
vt 0.787000 0.618800
vt 0.780300 0.618800
vt 0.787000 0.641000
vt 0.780300 0.641000
vt 0.787000 0.664900
vt 0.780300 0.664900
vt 0.713200 0.690000
vt 0.714100 0.668100
vt 0.719100 0.668100
vt 0.719900 0.690000
vt 0.719900 0.709400
vt 0.713200 0.709400
vt 0.719900 0.727500
vt 0.713200 0.727500
vt 0.719900 0.745800
vt 0.713200 0.745800
vt 0.719900 0.764900
vt 0.713200 0.764900
vt 0.719900 0.785400
vt 0.713200 0.785400
vt 0.719900 0.807600
vt 0.713200 0.807600
vt 0.719900 0.831500
vt 0.713200 0.831500
vt 0.888300 0.523400
vt 0.889100 0.501500
vt 0.894200 0.501500
vt 0.895000 0.523400
vt 0.895000 0.542700
vt 0.888300 0.542700
vt 0.895000 0.560900
vt 0.888300 0.560900
vt 0.895000 0.579100
vt 0.888300 0.579100
vt 0.895000 0.598300
vt 0.888300 0.598300
vt 0.895000 0.618800
vt 0.888300 0.618800
vt 0.895000 0.641000
vt 0.888300 0.641000
vt 0.895000 0.664900
vt 0.888300 0.664900
vt 0.160700 0.189900
vt 0.161500 0.168000
vt 0.166500 0.168000
vt 0.167400 0.189900
vt 0.167400 0.209200
vt 0.160700 0.209200
vt 0.167400 0.227400
vt 0.160700 0.227400
vt 0.167400 0.245700
vt 0.160700 0.245700
vt 0.167400 0.264800
vt 0.160700 0.264800
vt 0.167400 0.285300
vt 0.160700 0.285300
vt 0.167400 0.307500
vt 0.160700 0.307500
vt 0.167400 0.331400
vt 0.160700 0.331400
vt 0.671600 0.356700
vt 0.672400 0.334800
vt 0.677400 0.334800
vt 0.678300 0.356700
vt 0.678300 0.376000
vt 0.671600 0.376000
vt 0.678200 0.394200
vt 0.671600 0.394200
vt 0.678200 0.412400
vt 0.671500 0.412400
vt 0.678200 0.431500
vt 0.671500 0.431500
vt 0.678200 0.452100
vt 0.671500 0.452100
vt 0.678200 0.474300
vt 0.671500 0.474200
vt 0.678200 0.498200
vt 0.671500 0.498200
vt 0.359200 0.023200
vt 0.360000 0.001300
vt 0.365100 0.001300
vt 0.365900 0.023200
vt 0.365900 0.042500
vt 0.359200 0.042500
vt 0.365900 0.060700
vt 0.359200 0.060700
vt 0.365900 0.078900
vt 0.359200 0.078900
vt 0.365900 0.098100
vt 0.359200 0.098100
vt 0.365900 0.118600
vt 0.359200 0.118600
vt 0.365900 0.140800
vt 0.359200 0.140800
vt 0.365900 0.164700
vt 0.359200 0.164700
vt 0.220200 0.189900
vt 0.221000 0.168000
vt 0.226100 0.168000
vt 0.226900 0.189900
vt 0.226900 0.209200
vt 0.220200 0.209200
vt 0.226900 0.227400
vt 0.220200 0.227400
vt 0.226900 0.245700
vt 0.220200 0.245700
vt 0.226900 0.264800
vt 0.220200 0.264800
vt 0.226900 0.285300
vt 0.220200 0.285300
vt 0.226900 0.307500
vt 0.220200 0.307500
vt 0.226900 0.331400
vt 0.220200 0.331400
vt 0.837800 0.143000
vt 0.836100 0.164800
vt 0.831100 0.164600
vt 0.831100 0.142700
vt 0.831900 0.123400
vt 0.838500 0.123600
vt 0.832600 0.105200
vt 0.839200 0.105500
vt 0.833300 0.087000
vt 0.840000 0.087300
vt 0.834000 0.067900
vt 0.840700 0.068100
vt 0.834800 0.047300
vt 0.841500 0.047600
vt 0.835700 0.025200
vt 0.842400 0.025400
vt 0.836600 0.001300
vt 0.843300 0.001500
vt 0.117900 0.142800
vt 0.117000 0.164700
vt 0.112000 0.164700
vt 0.111200 0.142800
vt 0.111200 0.123500
vt 0.117900 0.123500
vt 0.111200 0.105300
vt 0.117900 0.105300
vt 0.111200 0.087100
vt 0.117900 0.087100
vt 0.111200 0.067900
vt 0.117900 0.067900
vt 0.111200 0.047400
vt 0.117900 0.047400
vt 0.111200 0.025200
vt 0.117900 0.025200
vt 0.111200 0.001300
vt 0.117900 0.001300
vt 0.853300 0.809600
vt 0.852500 0.831500
vt 0.847400 0.831500
vt 0.846600 0.809600
vt 0.846600 0.790300
vt 0.853300 0.790300
vt 0.846600 0.772100
vt 0.853300 0.772100
vt 0.846600 0.753900
vt 0.853300 0.753900
vt 0.846600 0.734800
vt 0.853300 0.734800
vt 0.846600 0.714200
vt 0.853300 0.714200
vt 0.846600 0.692000
vt 0.853300 0.692000
vt 0.846600 0.668100
vt 0.853300 0.668100
vt 0.117800 0.309500
vt 0.116900 0.331400
vt 0.111900 0.331400
vt 0.111100 0.309500
vt 0.111100 0.290200
vt 0.117800 0.290200
vt 0.111100 0.272000
vt 0.117800 0.272000
vt 0.111100 0.253800
vt 0.117800 0.253800
vt 0.111100 0.234700
vt 0.117800 0.234700
vt 0.111100 0.214100
vt 0.117800 0.214100
vt 0.111100 0.191900
vt 0.117800 0.191900
vt 0.111100 0.168000
vt 0.117800 0.168000
vt 0.395600 0.309500
vt 0.394700 0.331400
vt 0.389700 0.331400
vt 0.388900 0.309500
vt 0.388900 0.290200
vt 0.395600 0.290200
vt 0.388900 0.272000
vt 0.395600 0.272000
vt 0.388900 0.253800
vt 0.395600 0.253800
vt 0.388900 0.234700
vt 0.395600 0.234700
vt 0.388900 0.214100
vt 0.395600 0.214100
vt 0.388900 0.191900
vt 0.395600 0.191900
vt 0.388900 0.168000
vt 0.395600 0.168000
vt 0.637500 0.309700
vt 0.635900 0.331500
vt 0.630800 0.331300
vt 0.630800 0.309400
vt 0.631600 0.290100
vt 0.638300 0.290400
vt 0.632300 0.272000
vt 0.639000 0.272200
vt 0.633000 0.253700
vt 0.639700 0.254000
vt 0.633700 0.234600
vt 0.640400 0.234900
vt 0.634500 0.214100
vt 0.641200 0.214300
vt 0.635400 0.191900
vt 0.642100 0.192200
vt 0.636300 0.168000
vt 0.643000 0.168300
vt 0.018600 0.309500
vt 0.017700 0.331400
vt 0.012700 0.331400
vt 0.011900 0.309500
vt 0.011900 0.290200
vt 0.018600 0.290200
vt 0.011900 0.272000
vt 0.018600 0.272000
vt 0.011900 0.253800
vt 0.018600 0.253800
vt 0.011900 0.234700
vt 0.018600 0.234700
vt 0.011900 0.214100
vt 0.018600 0.214100
vt 0.011900 0.191900
vt 0.018600 0.191900
vt 0.011900 0.168000
vt 0.018600 0.168000
vt 0.033900 0.476300
vt 0.033000 0.498200
vt 0.028000 0.498200
vt 0.027200 0.476300
vt 0.027200 0.456900
vt 0.033900 0.456900
vt 0.027200 0.438800
vt 0.033900 0.438800
vt 0.027200 0.420500
vt 0.033900 0.420500
vt 0.027200 0.401400
vt 0.033900 0.401400
vt 0.027200 0.380900
vt 0.033900 0.380900
vt 0.027200 0.358700
vt 0.033900 0.358700
vt 0.027200 0.334800
vt 0.033900 0.334800
vt 0.123100 0.476300
vt 0.122300 0.498200
vt 0.117300 0.498200
vt 0.116400 0.476300
vt 0.116400 0.456900
vt 0.123100 0.456900
vt 0.116400 0.438800
vt 0.123100 0.438800
vt 0.116400 0.420500
vt 0.123100 0.420500
vt 0.116400 0.401400
vt 0.123100 0.401400
vt 0.116400 0.380900
vt 0.123100 0.380900
vt 0.116400 0.358700
vt 0.123100 0.358700
vt 0.116400 0.334800
vt 0.123100 0.334800
vt 0.083500 0.642900
vt 0.082600 0.664800
vt 0.077600 0.664800
vt 0.076800 0.642900
vt 0.076800 0.623600
vt 0.083500 0.623600
vt 0.076800 0.605400
vt 0.083500 0.605400
vt 0.076800 0.587200
vt 0.083500 0.587200
vt 0.076800 0.568000
vt 0.083500 0.568000
vt 0.076800 0.547500
vt 0.083500 0.547500
vt 0.076800 0.525300
vt 0.083500 0.525300
vt 0.076800 0.501400
vt 0.083500 0.501400
vt 0.728600 0.523300
vt 0.729500 0.501400
vt 0.734500 0.501400
vt 0.735300 0.523300
vt 0.735300 0.542600
vt 0.728600 0.542600
vt 0.735300 0.560800
vt 0.728600 0.560800
vt 0.735300 0.579000
vt 0.728600 0.579000
vt 0.735300 0.598200
vt 0.728600 0.598200
vt 0.735300 0.618700
vt 0.728600 0.618700
vt 0.735300 0.640900
vt 0.728600 0.640900
vt 0.735300 0.664800
vt 0.728600 0.664800
vt 0.443900 0.856500
vt 0.444700 0.834700
vt 0.449700 0.834700
vt 0.450600 0.856500
vt 0.450600 0.875900
vt 0.443900 0.875900
vt 0.450600 0.894100
vt 0.443900 0.894100
vt 0.450600 0.912300
vt 0.443900 0.912300
vt 0.450600 0.931400
vt 0.443900 0.931400
vt 0.450600 0.952000
vt 0.443900 0.952000
vt 0.450600 0.974100
vt 0.443900 0.974100
vt 0.450600 0.998100
vt 0.443900 0.998100
vt 0.584800 0.689900
vt 0.585600 0.668000
vt 0.590600 0.668000
vt 0.591500 0.689900
vt 0.591500 0.709300
vt 0.584800 0.709300
vt 0.591500 0.727400
vt 0.584800 0.727400
vt 0.591500 0.745700
vt 0.584800 0.745700
vt 0.591500 0.764800
vt 0.584800 0.764800
vt 0.591500 0.785300
vt 0.584800 0.785300
vt 0.591500 0.807500
vt 0.584800 0.807500
vt 0.591500 0.831400
vt 0.584800 0.831400
vt 0.554900 0.523300
vt 0.555700 0.501400
vt 0.560800 0.501400
vt 0.561600 0.523300
vt 0.561600 0.542600
vt 0.554900 0.542600
vt 0.561600 0.560800
vt 0.554900 0.560800
vt 0.561600 0.579000
vt 0.554900 0.579000
vt 0.561600 0.598200
vt 0.554900 0.598200
vt 0.561600 0.618700
vt 0.554900 0.618700
vt 0.561600 0.640900
vt 0.554900 0.640900
vt 0.561600 0.664800
vt 0.554900 0.664800
vt 0.523300 0.356700
vt 0.524200 0.334800
vt 0.529200 0.334800
vt 0.530000 0.356700
vt 0.530000 0.376000
vt 0.523300 0.376000
vt 0.530000 0.394200
vt 0.523300 0.394200
vt 0.530000 0.412400
vt 0.523300 0.412400
vt 0.530000 0.431500
vt 0.523300 0.431500
vt 0.530000 0.452100
vt 0.523300 0.452100
vt 0.530000 0.474300
vt 0.523300 0.474300
vt 0.530000 0.498200
vt 0.523300 0.498200
vt 0.769400 0.689900
vt 0.770200 0.668000
vt 0.775200 0.668000
vt 0.776100 0.689900
vt 0.776100 0.709200
vt 0.769400 0.709200
vt 0.776100 0.727400
vt 0.769400 0.727400
vt 0.776100 0.745700
vt 0.769400 0.745700
vt 0.776100 0.764800
vt 0.769400 0.764800
vt 0.776100 0.785300
vt 0.769400 0.785300
vt 0.776100 0.807500
vt 0.769400 0.807500
vt 0.776100 0.831400
vt 0.769400 0.831400
vt 0.344600 0.356700
vt 0.345500 0.334800
vt 0.350500 0.334800
vt 0.351300 0.356700
vt 0.351300 0.376000
vt 0.344600 0.376000
vt 0.351300 0.394200
vt 0.344600 0.394200
vt 0.351300 0.412400
vt 0.344600 0.412400
vt 0.351300 0.431500
vt 0.344600 0.431500
vt 0.351300 0.452100
vt 0.344600 0.452100
vt 0.351300 0.474300
vt 0.344600 0.474300
vt 0.351300 0.498200
vt 0.344600 0.498200
vt 0.503500 0.356700
vt 0.504300 0.334800
vt 0.509300 0.334800
vt 0.510200 0.356700
vt 0.510200 0.376000
vt 0.503500 0.376000
vt 0.510200 0.394200
vt 0.503500 0.394200
vt 0.510200 0.412400
vt 0.503500 0.412400
vt 0.510200 0.431500
vt 0.503500 0.431500
vt 0.510200 0.452100
vt 0.503500 0.452100
vt 0.510100 0.474300
vt 0.503500 0.474300
vt 0.510100 0.498200
vt 0.503500 0.498200
vt 0.918200 0.856500
vt 0.919000 0.834700
vt 0.924000 0.834700
vt 0.924900 0.856500
vt 0.924900 0.875900
vt 0.918200 0.875900
vt 0.924900 0.894100
vt 0.918200 0.894100
vt 0.924900 0.912300
vt 0.918200 0.912300
vt 0.924900 0.931400
vt 0.918200 0.931400
vt 0.924900 0.952000
vt 0.918200 0.952000
vt 0.924900 0.974100
vt 0.918200 0.974100
vt 0.924900 0.998100
vt 0.918200 0.998100
vt 0.344600 0.523300
vt 0.345500 0.501400
vt 0.350500 0.501400
vt 0.351300 0.523300
vt 0.351300 0.542600
vt 0.344600 0.542600
vt 0.351300 0.560800
vt 0.344600 0.560800
vt 0.351300 0.579000
vt 0.344600 0.579000
vt 0.351300 0.598200
vt 0.344600 0.598200
vt 0.351300 0.618700
vt 0.344600 0.618700
vt 0.351300 0.640900
vt 0.344600 0.640900
vt 0.351300 0.664800
vt 0.344600 0.664800
vt 0.215700 0.689900
vt 0.216500 0.668000
vt 0.221500 0.668000
vt 0.222300 0.689900
vt 0.222300 0.709200
vt 0.215700 0.709200
vt 0.222300 0.727400
vt 0.215700 0.727400
vt 0.222300 0.745700
vt 0.215700 0.745700
vt 0.222300 0.764800
vt 0.215700 0.764800
vt 0.222300 0.785300
vt 0.215700 0.785300
vt 0.222300 0.807500
vt 0.215700 0.807500
vt 0.222300 0.831400
vt 0.215700 0.831400
vt 0.200400 0.189900
vt 0.201200 0.168000
vt 0.206200 0.168000
vt 0.207000 0.189900
vt 0.207000 0.209200
vt 0.200400 0.209200
vt 0.207000 0.227400
vt 0.200400 0.227400
vt 0.207000 0.245700
vt 0.200400 0.245700
vt 0.207000 0.264800
vt 0.200400 0.264800
vt 0.207000 0.285300
vt 0.200400 0.285300
vt 0.207000 0.307500
vt 0.200400 0.307500
vt 0.207000 0.331400
vt 0.200400 0.331400
vt 0.564800 0.523300
vt 0.565700 0.501400
vt 0.570700 0.501400
vt 0.571500 0.523300
vt 0.571500 0.542600
vt 0.564800 0.542600
vt 0.571500 0.560800
vt 0.564800 0.560800
vt 0.571500 0.579000
vt 0.564800 0.579000
vt 0.571500 0.598200
vt 0.564800 0.598200
vt 0.571500 0.618700
vt 0.564800 0.618700
vt 0.571500 0.640900
vt 0.564800 0.640900
vt 0.571500 0.664800
vt 0.564800 0.664800
vt 0.605500 0.023100
vt 0.607200 0.001300
vt 0.612200 0.001500
vt 0.612200 0.023400
vt 0.611500 0.042700
vt 0.604800 0.042400
vt 0.610800 0.060900
vt 0.604100 0.060600
vt 0.610100 0.079100
vt 0.603400 0.078800
vt 0.609300 0.098200
vt 0.602700 0.098000
vt 0.608600 0.118700
vt 0.601900 0.118500
vt 0.607700 0.140900
vt 0.601000 0.140600
vt 0.606800 0.164800
vt 0.600100 0.164500
vt 0.146200 0.689900
vt 0.147000 0.668000
vt 0.152100 0.668000
vt 0.152900 0.689900
vt 0.152900 0.709200
vt 0.146200 0.709200
vt 0.152900 0.727400
vt 0.146200 0.727400
vt 0.152900 0.745700
vt 0.146200 0.745700
vt 0.152900 0.764800
vt 0.146200 0.764800
vt 0.152900 0.785300
vt 0.146200 0.785300
vt 0.152900 0.807500
vt 0.146200 0.807500
vt 0.152900 0.831400
vt 0.146200 0.831400
vt 0.647500 0.809600
vt 0.646700 0.831500
vt 0.641700 0.831500
vt 0.640800 0.809600
vt 0.640800 0.790300
vt 0.647500 0.790300
vt 0.640800 0.772100
vt 0.647500 0.772100
vt 0.640800 0.753900
vt 0.647500 0.753900
vt 0.640800 0.734800
vt 0.647500 0.734800
vt 0.640800 0.714200
vt 0.647500 0.714200
vt 0.640800 0.692000
vt 0.647500 0.692000
vt 0.640800 0.668100
vt 0.647500 0.668100
vt 0.324800 0.523300
vt 0.325600 0.501400
vt 0.330600 0.501400
vt 0.331500 0.523300
vt 0.331500 0.542600
vt 0.324800 0.542600
vt 0.331500 0.560800
vt 0.324800 0.560800
vt 0.331500 0.579000
vt 0.324800 0.579000
vt 0.331500 0.598200
vt 0.324800 0.598200
vt 0.331500 0.618700
vt 0.324800 0.618700
vt 0.331500 0.640900
vt 0.324800 0.640900
vt 0.331500 0.664800
vt 0.324800 0.664800
vt 0.533300 0.523300
vt 0.534100 0.501400
vt 0.539100 0.501400
vt 0.539900 0.523300
vt 0.539900 0.542600
vt 0.533300 0.542600
vt 0.539900 0.560800
vt 0.533300 0.560800
vt 0.539900 0.579000
vt 0.533300 0.579000
vt 0.539900 0.598200
vt 0.533300 0.598200
vt 0.539900 0.618700
vt 0.533300 0.618700
vt 0.539900 0.640900
vt 0.533200 0.640900
vt 0.539900 0.664800
vt 0.533200 0.664800
vt 0.595600 0.356700
vt 0.596400 0.334800
vt 0.601400 0.334800
vt 0.602300 0.356700
vt 0.602300 0.376000
vt 0.595600 0.376000
vt 0.602300 0.394200
vt 0.595600 0.394200
vt 0.602300 0.412400
vt 0.595600 0.412400
vt 0.602300 0.431500
vt 0.595600 0.431500
vt 0.602300 0.452100
vt 0.595600 0.452100
vt 0.602300 0.474300
vt 0.595600 0.474300
vt 0.602300 0.498200
vt 0.595600 0.498200
vt 0.369000 0.189900
vt 0.369900 0.168000
vt 0.374900 0.168000
vt 0.375700 0.189900
vt 0.375700 0.209200
vt 0.369000 0.209200
vt 0.375700 0.227400
vt 0.369000 0.227400
vt 0.375700 0.245700
vt 0.369000 0.245700
vt 0.375700 0.264800
vt 0.369000 0.264800
vt 0.375700 0.285300
vt 0.369000 0.285300
vt 0.375700 0.307500
vt 0.369000 0.307500
vt 0.375700 0.331400
vt 0.369000 0.331400
vt 0.445300 0.142800
vt 0.444500 0.164700
vt 0.439400 0.164700
vt 0.438600 0.142800
vt 0.438600 0.123500
vt 0.445300 0.123500
vt 0.438600 0.105300
vt 0.445300 0.105300
vt 0.438600 0.087100
vt 0.445300 0.087100
vt 0.438600 0.067900
vt 0.445300 0.067900
vt 0.438600 0.047400
vt 0.445300 0.047400
vt 0.438600 0.025200
vt 0.445300 0.025200
vt 0.438600 0.001300
vt 0.445300 0.001300
vt 0.455200 0.142800
vt 0.454400 0.164700
vt 0.449400 0.164700
vt 0.448500 0.142800
vt 0.448500 0.123500
vt 0.455200 0.123500
vt 0.448500 0.105300
vt 0.455200 0.105300
vt 0.448500 0.087100
vt 0.455200 0.087100
vt 0.448500 0.067900
vt 0.455200 0.067900
vt 0.448500 0.047400
vt 0.455200 0.047400
vt 0.448500 0.025200
vt 0.455200 0.025200
vt 0.448500 0.001300
vt 0.455200 0.001300
vt 0.425300 0.309500
vt 0.424500 0.331400
vt 0.419500 0.331400
vt 0.418700 0.309500
vt 0.418700 0.290200
vt 0.425300 0.290200
vt 0.418700 0.272000
vt 0.425300 0.272000
vt 0.418700 0.253800
vt 0.425400 0.253800
vt 0.418700 0.234700
vt 0.425400 0.234700
vt 0.418700 0.214100
vt 0.425400 0.214100
vt 0.418700 0.191900
vt 0.425400 0.191900
vt 0.418700 0.168000
vt 0.425400 0.168000
vt 0.605500 0.189900
vt 0.607200 0.168000
vt 0.612200 0.168200
vt 0.612200 0.190100
vt 0.611500 0.209400
vt 0.604800 0.209200
vt 0.610800 0.227600
vt 0.604100 0.227300
vt 0.610100 0.245800
vt 0.603400 0.245600
vt 0.609300 0.265000
vt 0.602700 0.264700
vt 0.608600 0.285500
vt 0.601900 0.285200
vt 0.607700 0.307600
vt 0.601000 0.307400
vt 0.606800 0.331500
vt 0.600100 0.331300
vt 0.443900 0.523300
vt 0.444700 0.501400
vt 0.449800 0.501400
vt 0.450600 0.523300
vt 0.450600 0.542600
vt 0.443900 0.542600
vt 0.450600 0.560800
vt 0.443900 0.560800
vt 0.450600 0.579000
vt 0.443900 0.579000
vt 0.450600 0.598200
vt 0.443900 0.598200
vt 0.450600 0.618700
vt 0.443900 0.618700
vt 0.450600 0.640900
vt 0.443900 0.640900
vt 0.450600 0.664800
vt 0.443900 0.664800
vt 0.493500 0.523300
vt 0.494400 0.501400
vt 0.499400 0.501400
vt 0.500200 0.523300
vt 0.500200 0.542600
vt 0.493500 0.542600
vt 0.500200 0.560800
vt 0.493500 0.560800
vt 0.500200 0.579000
vt 0.493500 0.579000
vt 0.500200 0.598200
vt 0.493500 0.598200
vt 0.500200 0.618700
vt 0.493500 0.618700
vt 0.500200 0.640900
vt 0.493500 0.640900
vt 0.500200 0.664800
vt 0.493500 0.664800
vt 0.991400 0.523400
vt 0.992200 0.501500
vt 0.997200 0.501500
vt 0.998100 0.523400
vt 0.998100 0.542700
vt 0.991400 0.542700
vt 0.998100 0.560900
vt 0.991400 0.560900
vt 0.998100 0.579100
vt 0.991400 0.579100
vt 0.998100 0.598300
vt 0.991400 0.598300
vt 0.998100 0.618800
vt 0.991400 0.618800
vt 0.998100 0.641000
vt 0.991400 0.641000
vt 0.998100 0.664900
vt 0.991400 0.664900
vt 0.790300 0.523400
vt 0.791100 0.501500
vt 0.796100 0.501500
vt 0.797000 0.523400
vt 0.797000 0.542700
vt 0.790300 0.542700
vt 0.797000 0.560900
vt 0.790300 0.560900
vt 0.797000 0.579100
vt 0.790300 0.579100
vt 0.797000 0.598300
vt 0.790300 0.598300
vt 0.797000 0.618800
vt 0.790300 0.618800
vt 0.797000 0.641000
vt 0.790300 0.641000
vt 0.797000 0.664900
vt 0.790300 0.664900
vt 0.595600 0.689900
vt 0.596400 0.668000
vt 0.601400 0.668000
vt 0.602300 0.689900
vt 0.602300 0.709200
vt 0.595600 0.709200
vt 0.602300 0.727400
vt 0.595600 0.727400
vt 0.602300 0.745700
vt 0.595600 0.745700
vt 0.602300 0.764800
vt 0.595600 0.764800
vt 0.602300 0.785300
vt 0.595600 0.785300
vt 0.602300 0.807500
vt 0.595600 0.807500
vt 0.602300 0.831400
vt 0.595600 0.831400
vt 0.324800 0.689900
vt 0.325600 0.668000
vt 0.330600 0.668000
vt 0.331500 0.689900
vt 0.331500 0.709200
vt 0.324800 0.709200
vt 0.331500 0.727400
vt 0.324800 0.727400
vt 0.331500 0.745700
vt 0.324800 0.745700
vt 0.331500 0.764800
vt 0.324800 0.764800
vt 0.331500 0.785300
vt 0.324800 0.785300
vt 0.331500 0.807500
vt 0.324800 0.807500
vt 0.331500 0.831400
vt 0.324800 0.831400
vt 0.225600 0.689900
vt 0.226400 0.668000
vt 0.231400 0.668000
vt 0.232300 0.689900
vt 0.232300 0.709200
vt 0.225600 0.709200
vt 0.232300 0.727400
vt 0.225600 0.727400
vt 0.232300 0.745700
vt 0.225600 0.745700
vt 0.232300 0.764800
vt 0.225600 0.764800
vt 0.232300 0.785300
vt 0.225600 0.785300
vt 0.232300 0.807500
vt 0.225600 0.807500
vt 0.232300 0.831400
vt 0.225600 0.831400
vt 0.190400 0.189900
vt 0.191300 0.168000
vt 0.196300 0.168000
vt 0.197100 0.189900
vt 0.197100 0.209200
vt 0.190400 0.209200
vt 0.197100 0.227400
vt 0.190400 0.227400
vt 0.197100 0.245700
vt 0.190400 0.245700
vt 0.197100 0.264800
vt 0.190400 0.264800
vt 0.197100 0.285300
vt 0.190400 0.285300
vt 0.197100 0.307500
vt 0.190400 0.307500
vt 0.197100 0.331400
vt 0.190400 0.331400
vt 0.523300 0.523300
vt 0.524200 0.501400
vt 0.529200 0.501400
vt 0.530000 0.523300
vt 0.530000 0.542600
vt 0.523300 0.542600
vt 0.530000 0.560800
vt 0.523300 0.560800
vt 0.530000 0.579000
vt 0.523300 0.579000
vt 0.530000 0.598200
vt 0.523300 0.598200
vt 0.530000 0.618700
vt 0.523300 0.618700
vt 0.530000 0.640900
vt 0.523300 0.640900
vt 0.530000 0.664800
vt 0.523300 0.664800
vt 0.255300 0.523300
vt 0.256200 0.501400
vt 0.261200 0.501400
vt 0.262000 0.523300
vt 0.262000 0.542600
vt 0.255300 0.542600
vt 0.262000 0.560800
vt 0.255300 0.560800
vt 0.262000 0.579000
vt 0.255300 0.579000
vt 0.262000 0.598200
vt 0.255300 0.598200
vt 0.262000 0.618700
vt 0.255300 0.618700
vt 0.262000 0.640900
vt 0.255300 0.640900
vt 0.262000 0.664800
vt 0.255300 0.664800
vt 0.681500 0.689900
vt 0.682300 0.668000
vt 0.687300 0.668000
vt 0.688200 0.689900
vt 0.688200 0.709200
vt 0.681500 0.709200
vt 0.688200 0.727400
vt 0.681500 0.727400
vt 0.688200 0.745700
vt 0.681500 0.745700
vt 0.688200 0.764800
vt 0.681500 0.764800
vt 0.688200 0.785300
vt 0.681500 0.785300
vt 0.688200 0.807500
vt 0.681500 0.807500
vt 0.688200 0.831400
vt 0.681500 0.831400
vt 0.805700 0.023100
vt 0.807400 0.001300
vt 0.812400 0.001500
vt 0.812400 0.023400
vt 0.811700 0.042700
vt 0.805000 0.042400
vt 0.811000 0.060900
vt 0.804300 0.060600
vt 0.810200 0.079100
vt 0.803600 0.078800
vt 0.809500 0.098200
vt 0.802800 0.098000
vt 0.808700 0.118700
vt 0.802000 0.118500
vt 0.807800 0.140900
vt 0.801200 0.140600
vt 0.806900 0.164800
vt 0.800200 0.164500
vt 0.493500 0.689900
vt 0.494400 0.668000
vt 0.499400 0.668000
vt 0.500200 0.689900
vt 0.500200 0.709200
vt 0.493500 0.709200
vt 0.500200 0.727400
vt 0.493500 0.727400
vt 0.500200 0.745700
vt 0.493500 0.745700
vt 0.500200 0.764800
vt 0.493500 0.764800
vt 0.500200 0.785300
vt 0.493500 0.785300
vt 0.500200 0.807500
vt 0.493500 0.807500
vt 0.500200 0.831400
vt 0.493500 0.831400
vt 0.334700 0.856500
vt 0.335600 0.834700
vt 0.340600 0.834700
vt 0.341400 0.856500
vt 0.341400 0.875900
vt 0.334700 0.875900
vt 0.341400 0.894100
vt 0.334700 0.894100
vt 0.341400 0.912300
vt 0.334700 0.912300
vt 0.341400 0.931400
vt 0.334700 0.931400
vt 0.341400 0.952000
vt 0.334700 0.952000
vt 0.341400 0.974100
vt 0.334700 0.974100
vt 0.341400 0.998100
vt 0.334700 0.998100
vt 0.121100 0.023200
vt 0.121900 0.001300
vt 0.126900 0.001300
vt 0.127800 0.023200
vt 0.127800 0.042500
vt 0.121100 0.042500
vt 0.127800 0.060700
vt 0.121100 0.060700
vt 0.127800 0.078900
vt 0.121100 0.078900
vt 0.127800 0.098100
vt 0.121100 0.098100
vt 0.127800 0.118600
vt 0.121100 0.118600
vt 0.127800 0.140800
vt 0.121100 0.140800
vt 0.127800 0.164700
vt 0.121100 0.164700
vt 0.697800 0.023100
vt 0.699500 0.001300
vt 0.704500 0.001500
vt 0.704500 0.023400
vt 0.703800 0.042700
vt 0.697100 0.042400
vt 0.703100 0.060900
vt 0.696400 0.060600
vt 0.702400 0.079100
vt 0.695700 0.078800
vt 0.701600 0.098200
vt 0.694900 0.098000
vt 0.700800 0.118700
vt 0.694100 0.118500
vt 0.700000 0.140900
vt 0.693300 0.140600
vt 0.699100 0.164800
vt 0.692400 0.164500
vt 0.564800 0.689900
vt 0.565700 0.668000
vt 0.570700 0.668000
vt 0.571500 0.689900
vt 0.571500 0.709200
vt 0.564800 0.709200
vt 0.571500 0.727400
vt 0.564800 0.727400
vt 0.571500 0.745700
vt 0.564800 0.745700
vt 0.571500 0.764800
vt 0.564800 0.764800
vt 0.571500 0.785300
vt 0.564800 0.785300
vt 0.571500 0.807500
vt 0.564800 0.807500
vt 0.571500 0.831400
vt 0.564800 0.831400
vt 0.180500 0.189900
vt 0.181300 0.168000
vt 0.186400 0.168000
vt 0.187200 0.189900
vt 0.187200 0.209200
vt 0.180500 0.209200
vt 0.187200 0.227400
vt 0.180500 0.227400
vt 0.187200 0.245700
vt 0.180500 0.245700
vt 0.187200 0.264800
vt 0.180500 0.264800
vt 0.187200 0.285300
vt 0.180500 0.285300
vt 0.187200 0.307500
vt 0.180500 0.307500
vt 0.187200 0.331400
vt 0.180500 0.331400
vt 0.877400 0.523400
vt 0.878300 0.501500
vt 0.883300 0.501500
vt 0.884100 0.523400
vt 0.884100 0.542700
vt 0.877400 0.542700
vt 0.884100 0.560900
vt 0.877400 0.560900
vt 0.884100 0.579100
vt 0.877400 0.579100
vt 0.884100 0.598300
vt 0.877400 0.598300
vt 0.884100 0.618800
vt 0.877400 0.618800
vt 0.884100 0.641000
vt 0.877400 0.641000
vt 0.884100 0.664900
vt 0.877400 0.664900
vt 0.038400 0.309500
vt 0.037600 0.331400
vt 0.032500 0.331400
vt 0.031700 0.309500
vt 0.031700 0.290200
vt 0.038400 0.290200
vt 0.031700 0.272000
vt 0.038400 0.272000
vt 0.031700 0.253800
vt 0.038400 0.253800
vt 0.031700 0.234700
vt 0.038400 0.234700
vt 0.031700 0.214100
vt 0.038400 0.214100
vt 0.031700 0.191900
vt 0.038400 0.191900
vt 0.031700 0.168000
vt 0.038400 0.168000
vt 0.043800 0.642900
vt 0.042900 0.664800
vt 0.037900 0.664800
vt 0.037100 0.642900
vt 0.037100 0.623600
vt 0.043800 0.623600
vt 0.037100 0.605400
vt 0.043800 0.605400
vt 0.037100 0.587200
vt 0.043800 0.587200
vt 0.037100 0.568000
vt 0.043800 0.568000
vt 0.037100 0.547500
vt 0.043800 0.547500
vt 0.037100 0.525300
vt 0.043800 0.525300
vt 0.037100 0.501400
vt 0.043800 0.501400
vt 0.420800 0.809500
vt 0.420000 0.831400
vt 0.414900 0.831400
vt 0.414100 0.809500
vt 0.414100 0.790200
vt 0.420800 0.790200
vt 0.414100 0.772000
vt 0.420800 0.772000
vt 0.414100 0.753800
vt 0.420800 0.753800
vt 0.414100 0.734700
vt 0.420800 0.734700
vt 0.414100 0.714100
vt 0.420800 0.714100
vt 0.414100 0.691900
vt 0.420800 0.691900
vt 0.414100 0.668000
vt 0.420800 0.668000
vt 0.028600 0.142800
vt 0.027700 0.164700
vt 0.022700 0.164700
vt 0.021900 0.142800
vt 0.021900 0.123500
vt 0.028600 0.123500
vt 0.021900 0.105300
vt 0.028600 0.105300
vt 0.021900 0.087100
vt 0.028600 0.087100
vt 0.021900 0.067900
vt 0.028600 0.067900
vt 0.021900 0.047400
vt 0.028600 0.047400
vt 0.021900 0.025200
vt 0.028600 0.025200
vt 0.021900 0.001300
vt 0.028600 0.001300
vt 0.651700 0.189900
vt 0.653300 0.168000
vt 0.658400 0.168200
vt 0.658400 0.190100
vt 0.657600 0.209400
vt 0.650900 0.209200
vt 0.656900 0.227600
vt 0.650200 0.227300
vt 0.656200 0.245800
vt 0.649500 0.245600
vt 0.655500 0.265000
vt 0.648800 0.264700
vt 0.654700 0.285500
vt 0.648000 0.285200
vt 0.653800 0.307600
vt 0.647100 0.307400
vt 0.652900 0.331500
vt 0.646200 0.331300
vt 0.513400 0.356700
vt 0.514200 0.334800
vt 0.519300 0.334800
vt 0.520100 0.356700
vt 0.520100 0.376000
vt 0.513400 0.376000
vt 0.520100 0.394200
vt 0.513400 0.394200
vt 0.520100 0.412400
vt 0.513400 0.412400
vt 0.520100 0.431500
vt 0.513400 0.431500
vt 0.520100 0.452100
vt 0.513400 0.452100
vt 0.520100 0.474300
vt 0.513400 0.474300
vt 0.520100 0.498200
vt 0.513400 0.498200
vt 0.523300 0.689900
vt 0.524200 0.668000
vt 0.529200 0.668000
vt 0.530000 0.689900
vt 0.530000 0.709200
vt 0.523300 0.709200
vt 0.530000 0.727400
vt 0.523300 0.727400
vt 0.530000 0.745700
vt 0.523300 0.745700
vt 0.530000 0.764800
vt 0.523300 0.764800
vt 0.530000 0.785300
vt 0.523300 0.785300
vt 0.530000 0.807500
vt 0.523300 0.807500
vt 0.530000 0.831400
vt 0.523300 0.831400
vt 0.259900 0.189900
vt 0.260700 0.168000
vt 0.265700 0.168000
vt 0.266600 0.189900
vt 0.266600 0.209200
vt 0.259900 0.209200
vt 0.266600 0.227400
vt 0.259900 0.227400
vt 0.266600 0.245700
vt 0.259900 0.245700
vt 0.266600 0.264800
vt 0.259900 0.264800
vt 0.266600 0.285300
vt 0.259900 0.285300
vt 0.266600 0.307500
vt 0.259900 0.307500
vt 0.266600 0.331400
vt 0.259900 0.331400
vt 0.185900 0.356700
vt 0.186700 0.334800
vt 0.191700 0.334800
vt 0.192600 0.356700
vt 0.192600 0.376000
vt 0.185900 0.376000
vt 0.192600 0.394200
vt 0.185900 0.394200
vt 0.192600 0.412400
vt 0.185900 0.412400
vt 0.192600 0.431500
vt 0.185900 0.431500
vt 0.192600 0.452100
vt 0.185900 0.452100
vt 0.192600 0.474200
vt 0.185900 0.474200
vt 0.192600 0.498200
vt 0.185900 0.498200
vt 0.857600 0.690000
vt 0.858400 0.668100
vt 0.863500 0.668100
vt 0.864300 0.690000
vt 0.864300 0.709300
vt 0.857600 0.709300
vt 0.864300 0.727500
vt 0.857600 0.727500
vt 0.864300 0.745800
vt 0.857600 0.745800
vt 0.864300 0.764900
vt 0.857600 0.764900
vt 0.864300 0.785400
vt 0.857600 0.785400
vt 0.864300 0.807600
vt 0.857600 0.807600
vt 0.864300 0.831500
vt 0.857600 0.831500
vt 0.463700 0.856500
vt 0.464600 0.834700
vt 0.469600 0.834700
vt 0.470400 0.856500
vt 0.470400 0.875900
vt 0.463700 0.875900
vt 0.470400 0.894100
vt 0.463700 0.894100
vt 0.470400 0.912300
vt 0.463700 0.912300
vt 0.470400 0.931400
vt 0.463700 0.931400
vt 0.470400 0.952000
vt 0.463700 0.952000
vt 0.470400 0.974100
vt 0.463700 0.974100
vt 0.470400 0.998100
vt 0.463700 0.998100
vt 0.929100 0.523300
vt 0.930000 0.501400
vt 0.935000 0.501400
vt 0.935800 0.523300
vt 0.935800 0.542600
vt 0.929100 0.542600
vt 0.935800 0.560800
vt 0.929100 0.560800
vt 0.935800 0.579000
vt 0.929100 0.579000
vt 0.935800 0.598200
vt 0.929100 0.598200
vt 0.935800 0.618700
vt 0.929100 0.618700
vt 0.935800 0.640900
vt 0.929100 0.640900
vt 0.935800 0.664800
vt 0.929100 0.664800
vt 0.230200 0.023200
vt 0.231000 0.001300
vt 0.236100 0.001300
vt 0.236900 0.023200
vt 0.236900 0.042500
vt 0.230200 0.042500
vt 0.236900 0.060700
vt 0.230200 0.060700
vt 0.236900 0.078900
vt 0.230200 0.078900
vt 0.236900 0.098100
vt 0.230200 0.098100
vt 0.236900 0.118600
vt 0.230200 0.118600
vt 0.236900 0.140800
vt 0.230200 0.140800
vt 0.236900 0.164700
vt 0.230200 0.164700
vt 0.344600 0.856500
vt 0.345500 0.834700
vt 0.350500 0.834700
vt 0.351300 0.856500
vt 0.351300 0.875900
vt 0.344600 0.875900
vt 0.351300 0.894100
vt 0.344600 0.894100
vt 0.351300 0.912300
vt 0.344600 0.912300
vt 0.351300 0.931400
vt 0.344600 0.931400
vt 0.351300 0.952000
vt 0.344600 0.952000
vt 0.351300 0.974100
vt 0.344600 0.974100
vt 0.351300 0.998100
vt 0.344600 0.998100
vt 0.744000 0.189900
vt 0.745700 0.168000
vt 0.750700 0.168200
vt 0.750700 0.190100
vt 0.750000 0.209400
vt 0.743300 0.209200
vt 0.749300 0.227600
vt 0.742600 0.227300
vt 0.748600 0.245800
vt 0.741900 0.245600
vt 0.747800 0.265000
vt 0.741100 0.264700
vt 0.747000 0.285500
vt 0.740300 0.285200
vt 0.746200 0.307600
vt 0.739500 0.307400
vt 0.745300 0.331500
vt 0.738600 0.331300
vt 0.063600 0.642900
vt 0.062800 0.664800
vt 0.057800 0.664800
vt 0.056900 0.642900
vt 0.056900 0.623600
vt 0.063600 0.623600
vt 0.056900 0.605400
vt 0.063600 0.605400
vt 0.056900 0.587200
vt 0.063600 0.587200
vt 0.056900 0.568000
vt 0.063600 0.568000
vt 0.056900 0.547500
vt 0.063600 0.547500
vt 0.056900 0.525300
vt 0.063600 0.525300
vt 0.056900 0.501400
vt 0.063600 0.501400
vt 0.023900 0.809500
vt 0.023100 0.831400
vt 0.018100 0.831400
vt 0.017200 0.809500
vt 0.017200 0.790200
vt 0.023900 0.790200
vt 0.017200 0.772000
vt 0.023900 0.772000
vt 0.017200 0.753800
vt 0.023900 0.753800
vt 0.017200 0.734700
vt 0.023900 0.734700
vt 0.017200 0.714100
vt 0.023900 0.714100
vt 0.017200 0.691900
vt 0.023900 0.691900
vt 0.017200 0.668000
vt 0.023900 0.668000
vt 0.200400 0.023200
vt 0.201300 0.001300
vt 0.206300 0.001300
vt 0.207100 0.023200
vt 0.207100 0.042500
vt 0.200400 0.042500
vt 0.207100 0.060700
vt 0.200400 0.060700
vt 0.207100 0.078900
vt 0.200400 0.078900
vt 0.207100 0.098100
vt 0.200400 0.098100
vt 0.207100 0.118600
vt 0.200400 0.118600
vt 0.207100 0.140800
vt 0.200400 0.140800
vt 0.207100 0.164700
vt 0.200400 0.164700
vt 0.975900 0.356600
vt 0.977600 0.334800
vt 0.982600 0.335000
vt 0.982600 0.356900
vt 0.981900 0.376200
vt 0.975200 0.375900
vt 0.981200 0.394300
vt 0.974500 0.394100
vt 0.980500 0.412600
vt 0.973800 0.412300
vt 0.979800 0.431700
vt 0.973100 0.431400
vt 0.979000 0.452200
vt 0.972300 0.452000
vt 0.978100 0.474400
vt 0.971400 0.474100
vt 0.977200 0.498300
vt 0.970500 0.498000
vt 0.195800 0.689900
vt 0.196600 0.668000
vt 0.201700 0.668000
vt 0.202500 0.689900
vt 0.202500 0.709200
vt 0.195800 0.709200
vt 0.202500 0.727400
vt 0.195800 0.727400
vt 0.202500 0.745700
vt 0.195800 0.745700
vt 0.202500 0.764800
vt 0.195800 0.764800
vt 0.202500 0.785300
vt 0.195800 0.785300
vt 0.202500 0.807500
vt 0.195800 0.807500
vt 0.202500 0.831400
vt 0.195800 0.831400
vt 0.473700 0.689900
vt 0.474500 0.668000
vt 0.479500 0.668000
vt 0.480400 0.689900
vt 0.480400 0.709200
vt 0.473700 0.709200
vt 0.480400 0.727400
vt 0.473700 0.727400
vt 0.480400 0.745700
vt 0.473700 0.745700
vt 0.480400 0.764800
vt 0.473700 0.764800
vt 0.480400 0.785300
vt 0.473700 0.785300
vt 0.480400 0.807500
vt 0.473700 0.807500
vt 0.480400 0.831400
vt 0.473700 0.831400
vt 0.126400 0.356700
vt 0.127200 0.334800
vt 0.132200 0.334800
vt 0.133100 0.356700
vt 0.133100 0.376000
vt 0.126400 0.376000
vt 0.133100 0.394200
vt 0.126400 0.394200
vt 0.133100 0.412400
vt 0.126400 0.412400
vt 0.133100 0.431500
vt 0.126400 0.431500
vt 0.133100 0.452100
vt 0.126400 0.452100
vt 0.133100 0.474200
vt 0.126400 0.474200
vt 0.133100 0.498200
vt 0.126400 0.498200
vt 0.836400 0.356600
vt 0.838100 0.334800
vt 0.843100 0.335000
vt 0.843100 0.356900
vt 0.842400 0.376200
vt 0.835700 0.375900
vt 0.841700 0.394300
vt 0.835000 0.394100
vt 0.841000 0.412600
vt 0.834300 0.412300
vt 0.840300 0.431700
vt 0.833600 0.431400
vt 0.839500 0.452200
vt 0.832800 0.452000
vt 0.838600 0.474400
vt 0.831900 0.474100
vt 0.837700 0.498300
vt 0.831000 0.498000
vt 0.185900 0.689900
vt 0.186700 0.668000
vt 0.191700 0.668000
vt 0.192600 0.689900
vt 0.192600 0.709200
vt 0.185900 0.709200
vt 0.192600 0.727400
vt 0.185900 0.727400
vt 0.192600 0.745700
vt 0.185900 0.745700
vt 0.192600 0.764800
vt 0.185900 0.764800
vt 0.192600 0.785300
vt 0.185900 0.785300
vt 0.192600 0.807500
vt 0.185900 0.807500
vt 0.192600 0.831400
vt 0.185900 0.831400
vt 0.877400 0.690000
vt 0.878300 0.668100
vt 0.883300 0.668100
vt 0.884100 0.690000
vt 0.884100 0.709300
vt 0.877400 0.709300
vt 0.884100 0.727500
vt 0.877400 0.727500
vt 0.884100 0.745800
vt 0.877400 0.745800
vt 0.884100 0.764900
vt 0.877400 0.764900
vt 0.884100 0.785400
vt 0.877400 0.785400
vt 0.884100 0.807600
vt 0.877400 0.807600
vt 0.884100 0.831500
vt 0.877400 0.831500
vt 0.769400 0.523300
vt 0.770200 0.501400
vt 0.775200 0.501400
vt 0.776100 0.523300
vt 0.776100 0.542600
vt 0.769400 0.542600
vt 0.776100 0.560800
vt 0.769400 0.560800
vt 0.776100 0.579000
vt 0.769400 0.579000
vt 0.776100 0.598200
vt 0.769400 0.598200
vt 0.776100 0.618700
vt 0.769400 0.618700
vt 0.776100 0.640900
vt 0.769400 0.640900
vt 0.776100 0.664800
vt 0.769400 0.664800
vt 0.862000 0.523400
vt 0.862800 0.501500
vt 0.867800 0.501500
vt 0.868600 0.523400
vt 0.868600 0.542700
vt 0.862000 0.542700
vt 0.868600 0.560900
vt 0.862000 0.560900
vt 0.868600 0.579100
vt 0.862000 0.579100
vt 0.868600 0.598300
vt 0.862000 0.598300
vt 0.868600 0.618800
vt 0.862000 0.618800
vt 0.868600 0.641000
vt 0.862000 0.641000
vt 0.868600 0.664900
vt 0.862000 0.664900
vt 0.150800 0.023200
vt 0.151700 0.001300
vt 0.156700 0.001300
vt 0.157500 0.023200
vt 0.157500 0.042500
vt 0.150800 0.042500
vt 0.157500 0.060700
vt 0.150800 0.060700
vt 0.157500 0.078900
vt 0.150800 0.078900
vt 0.157500 0.098100
vt 0.150800 0.098100
vt 0.157500 0.118600
vt 0.150800 0.118600
vt 0.157500 0.140800
vt 0.150800 0.140800
vt 0.157500 0.164700
vt 0.150800 0.164700
vt 0.498200 0.023200
vt 0.499000 0.001300
vt 0.504000 0.001300
vt 0.504900 0.023200
vt 0.504900 0.042500
vt 0.498200 0.042500
vt 0.504900 0.060700
vt 0.498200 0.060700
vt 0.504900 0.078900
vt 0.498200 0.078900
vt 0.504900 0.098100
vt 0.498200 0.098100
vt 0.504900 0.118600
vt 0.498200 0.118600
vt 0.504900 0.140800
vt 0.498200 0.140800
vt 0.504900 0.164700
vt 0.498200 0.164700
vt 0.086700 0.523300
vt 0.087500 0.501400
vt 0.092500 0.501400
vt 0.093400 0.523300
vt 0.093400 0.542600
vt 0.086700 0.542600
vt 0.093400 0.560800
vt 0.086700 0.560800
vt 0.093400 0.579000
vt 0.086700 0.579000
vt 0.093400 0.598200
vt 0.086700 0.598200
vt 0.093400 0.618700
vt 0.086700 0.618700
vt 0.093400 0.640900
vt 0.086700 0.640900
vt 0.093400 0.664800
vt 0.086700 0.664800
vt 0.180600 0.023200
vt 0.181400 0.001300
vt 0.186500 0.001300
vt 0.187300 0.023200
vt 0.187300 0.042500
vt 0.180600 0.042500
vt 0.187300 0.060700
vt 0.180600 0.060700
vt 0.187300 0.078900
vt 0.180600 0.078900
vt 0.187300 0.098100
vt 0.180600 0.098100
vt 0.187300 0.118600
vt 0.180600 0.118600
vt 0.187300 0.140800
vt 0.180600 0.140800
vt 0.187300 0.164700
vt 0.180600 0.164700
vt 0.821200 0.023100
vt 0.822800 0.001300
vt 0.827900 0.001500
vt 0.827800 0.023400
vt 0.827100 0.042700
vt 0.820400 0.042400
vt 0.826400 0.060900
vt 0.819700 0.060600
vt 0.825700 0.079100
vt 0.819000 0.078800
vt 0.824900 0.098200
vt 0.818200 0.098000
vt 0.824100 0.118700
vt 0.817400 0.118500
vt 0.823300 0.140900
vt 0.816600 0.140600
vt 0.822300 0.164800
vt 0.815700 0.164500
vt 0.630900 0.690000
vt 0.631700 0.668100
vt 0.636800 0.668100
vt 0.637600 0.690000
vt 0.637600 0.709400
vt 0.630900 0.709400
vt 0.637600 0.727500
vt 0.630900 0.727500
vt 0.637600 0.745800
vt 0.630900 0.745800
vt 0.637600 0.764900
vt 0.630900 0.764900
vt 0.637600 0.785400
vt 0.630900 0.785400
vt 0.637600 0.807600
vt 0.630900 0.807600
vt 0.637600 0.831500
vt 0.630900 0.831500
vt 0.605500 0.856500
vt 0.606300 0.834700
vt 0.611400 0.834700
vt 0.612200 0.856500
vt 0.612200 0.875900
vt 0.605500 0.875900
vt 0.612200 0.894100
vt 0.605500 0.894100
vt 0.612200 0.912300
vt 0.605500 0.912300
vt 0.612200 0.931400
vt 0.605500 0.931400
vt 0.612200 0.952000
vt 0.605500 0.952000
vt 0.612200 0.974100
vt 0.605500 0.974100
vt 0.612200 0.998100
vt 0.605500 0.998100
vt 0.131000 0.023200
vt 0.131800 0.001300
vt 0.136900 0.001300
vt 0.137700 0.023200
vt 0.137700 0.042500
vt 0.131000 0.042500
vt 0.137700 0.060700
vt 0.131000 0.060700
vt 0.137700 0.078900
vt 0.131000 0.078900
vt 0.137700 0.098100
vt 0.131000 0.098100
vt 0.137700 0.118600
vt 0.131000 0.118600
vt 0.137700 0.140800
vt 0.131000 0.140800
vt 0.137700 0.164700
vt 0.131000 0.164700
vt 0.434000 0.523300
vt 0.434800 0.501400
vt 0.439800 0.501400
vt 0.440700 0.523300
vt 0.440700 0.542600
vt 0.434000 0.542600
vt 0.440700 0.560800
vt 0.434000 0.560800
vt 0.440700 0.579000
vt 0.434000 0.579000
vt 0.440700 0.598200
vt 0.434000 0.598200
vt 0.440700 0.618700
vt 0.434000 0.618700
vt 0.440700 0.640900
vt 0.434000 0.640900
vt 0.440700 0.664800
vt 0.434000 0.664800
vt 0.230100 0.189900
vt 0.231000 0.168000
vt 0.236000 0.168000
vt 0.236800 0.189900
vt 0.236800 0.209200
vt 0.230100 0.209200
vt 0.236800 0.227400
vt 0.230100 0.227400
vt 0.236800 0.245700
vt 0.230100 0.245700
vt 0.236800 0.264800
vt 0.230100 0.264800
vt 0.236800 0.285300
vt 0.230100 0.285300
vt 0.236800 0.307500
vt 0.230100 0.307500
vt 0.236800 0.331400
vt 0.230100 0.331400
vt 0.364500 0.689900
vt 0.365300 0.668000
vt 0.370300 0.668000
vt 0.371200 0.689900
vt 0.371200 0.709300
vt 0.364500 0.709300
vt 0.371200 0.727400
vt 0.364500 0.727400
vt 0.371200 0.745700
vt 0.364500 0.745700
vt 0.371200 0.764800
vt 0.364500 0.764800
vt 0.371200 0.785300
vt 0.364500 0.785300
vt 0.371200 0.807500
vt 0.364500 0.807500
vt 0.371200 0.831400
vt 0.364500 0.831400
vt 0.176000 0.523300
vt 0.176800 0.501400
vt 0.181800 0.501400
vt 0.182700 0.523300
vt 0.182700 0.542600
vt 0.176000 0.542600
vt 0.182700 0.560800
vt 0.176000 0.560800
vt 0.182700 0.579000
vt 0.176000 0.579000
vt 0.182700 0.598200
vt 0.176000 0.598200
vt 0.182700 0.618700
vt 0.176000 0.618700
vt 0.182700 0.640900
vt 0.176000 0.640900
vt 0.182700 0.664800
vt 0.176000 0.664800
vt 0.918200 0.356700
vt 0.919000 0.334800
vt 0.924000 0.334800
vt 0.924900 0.356700
vt 0.924900 0.376000
vt 0.918200 0.376000
vt 0.924900 0.394200
vt 0.918200 0.394200
vt 0.924900 0.412400
vt 0.918200 0.412400
vt 0.924900 0.431500
vt 0.918200 0.431500
vt 0.924900 0.452100
vt 0.918200 0.452100
vt 0.924900 0.474300
vt 0.918200 0.474300
vt 0.924900 0.498200
vt 0.918200 0.498200
vt 0.205700 0.689900
vt 0.206600 0.668000
vt 0.211600 0.668000
vt 0.212400 0.689900
vt 0.212400 0.709200
vt 0.205700 0.709200
vt 0.212400 0.727400
vt 0.205700 0.727400
vt 0.212400 0.745700
vt 0.205700 0.745700
vt 0.212400 0.764800
vt 0.205700 0.764800
vt 0.212400 0.785300
vt 0.205700 0.785300
vt 0.212400 0.807500
vt 0.205700 0.807500
vt 0.212400 0.831400
vt 0.205700 0.831400
vt 0.697800 0.523400
vt 0.698600 0.501500
vt 0.703600 0.501500
vt 0.704500 0.523400
vt 0.704500 0.542700
vt 0.697800 0.542700
vt 0.704500 0.560900
vt 0.697800 0.560900
vt 0.704500 0.579100
vt 0.697800 0.579100
vt 0.704500 0.598300
vt 0.697800 0.598300
vt 0.704500 0.618800
vt 0.697800 0.618800
vt 0.704500 0.641000
vt 0.697800 0.641000
vt 0.704500 0.664900
vt 0.697800 0.664900
vt 0.744100 0.356600
vt 0.745700 0.334800
vt 0.750800 0.335000
vt 0.750800 0.356900
vt 0.750000 0.376200
vt 0.743300 0.375900
vt 0.749300 0.394300
vt 0.742600 0.394100
vt 0.748600 0.412600
vt 0.741900 0.412300
vt 0.747900 0.431700
vt 0.741200 0.431400
vt 0.747100 0.452200
vt 0.740400 0.452000
vt 0.746300 0.474400
vt 0.739600 0.474100
vt 0.745300 0.498300
vt 0.738700 0.498000
vt 0.544100 0.023100
vt 0.545800 0.001300
vt 0.550800 0.001500
vt 0.550800 0.023400
vt 0.550100 0.042700
vt 0.543400 0.042400
vt 0.549400 0.060900
vt 0.542700 0.060600
vt 0.548700 0.079100
vt 0.542000 0.078800
vt 0.548000 0.098200
vt 0.541300 0.098000
vt 0.547200 0.118700
vt 0.540500 0.118500
vt 0.546300 0.140900
vt 0.539600 0.140600
vt 0.545400 0.164800
vt 0.538700 0.164500
vt 0.544000 0.189900
vt 0.545700 0.168000
vt 0.550700 0.168200
vt 0.550700 0.190100
vt 0.550000 0.209400
vt 0.543300 0.209200
vt 0.549300 0.227600
vt 0.542600 0.227300
vt 0.548600 0.245800
vt 0.541900 0.245600
vt 0.547900 0.264900
vt 0.541200 0.264700
vt 0.547100 0.285500
vt 0.540400 0.285200
vt 0.546200 0.307600
vt 0.539600 0.307400
vt 0.545300 0.331500
vt 0.538600 0.331300
vt 0.176000 0.356700
vt 0.176800 0.334800
vt 0.181800 0.334800
vt 0.182700 0.356700
vt 0.182700 0.376000
vt 0.176000 0.376000
vt 0.182700 0.394200
vt 0.176000 0.394200
vt 0.182700 0.412400
vt 0.176000 0.412400
vt 0.182700 0.431500
vt 0.176000 0.431500
vt 0.182700 0.452100
vt 0.176000 0.452100
vt 0.182700 0.474200
vt 0.176000 0.474200
vt 0.182700 0.498200
vt 0.176000 0.498200
vt 0.002000 0.023200
vt 0.002900 0.001300
vt 0.007900 0.001300
vt 0.008700 0.023200
vt 0.008700 0.042500
vt 0.002000 0.042500
vt 0.008700 0.060700
vt 0.002000 0.060700
vt 0.008700 0.078900
vt 0.002000 0.078900
vt 0.008700 0.098100
vt 0.002000 0.098100
vt 0.008700 0.118600
vt 0.002000 0.118600
vt 0.008700 0.140800
vt 0.002000 0.140800
vt 0.008700 0.164700
vt 0.002000 0.164700
vt 0.852000 0.189900
vt 0.853700 0.168000
vt 0.858700 0.168200
vt 0.858700 0.190100
vt 0.857900 0.209400
vt 0.851200 0.209200
vt 0.857200 0.227600
vt 0.850500 0.227300
vt 0.856500 0.245800
vt 0.849800 0.245600
vt 0.855800 0.264900
vt 0.849100 0.264700
vt 0.855000 0.285500
vt 0.848300 0.285200
vt 0.854100 0.307600
vt 0.847400 0.307400
vt 0.853200 0.331500
vt 0.846500 0.331300
vt 0.424000 0.523300
vt 0.424900 0.501400
vt 0.429900 0.501400
vt 0.430700 0.523300
vt 0.430700 0.542600
vt 0.424000 0.542600
vt 0.430700 0.560800
vt 0.424000 0.560800
vt 0.430700 0.579000
vt 0.424000 0.579000
vt 0.430700 0.598200
vt 0.424000 0.598200
vt 0.430700 0.618700
vt 0.424000 0.618700
vt 0.430700 0.640900
vt 0.424000 0.640900
vt 0.430700 0.664800
vt 0.424000 0.664800
vt 0.394300 0.523300
vt 0.395100 0.501400
vt 0.400100 0.501400
vt 0.401000 0.523300
vt 0.401000 0.542600
vt 0.394300 0.542600
vt 0.401000 0.560800
vt 0.394300 0.560800
vt 0.401000 0.579000
vt 0.394300 0.579000
vt 0.401000 0.598200
vt 0.394300 0.598200
vt 0.401000 0.618700
vt 0.394300 0.618700
vt 0.401000 0.640900
vt 0.394300 0.640900
vt 0.401000 0.664800
vt 0.394300 0.664800
vt 0.559500 0.023100
vt 0.561100 0.001300
vt 0.566200 0.001500
vt 0.566200 0.023400
vt 0.565400 0.042700
vt 0.558700 0.042400
vt 0.564700 0.060900
vt 0.558000 0.060600
vt 0.564000 0.079100
vt 0.557300 0.078800
vt 0.563300 0.098200
vt 0.556600 0.098000
vt 0.562500 0.118700
vt 0.555800 0.118500
vt 0.561700 0.140900
vt 0.555000 0.140600
vt 0.560700 0.164800
vt 0.554100 0.164500
vt 0.319400 0.189900
vt 0.320200 0.168000
vt 0.325300 0.168000
vt 0.326100 0.189900
vt 0.326100 0.209200
vt 0.319400 0.209200
vt 0.326100 0.227400
vt 0.319400 0.227400
vt 0.326100 0.245700
vt 0.319400 0.245700
vt 0.326100 0.264800
vt 0.319400 0.264800
vt 0.326100 0.285300
vt 0.319400 0.285300
vt 0.326100 0.307500
vt 0.319400 0.307500
vt 0.326100 0.331400
vt 0.319400 0.331400
vt 0.170700 0.023200
vt 0.171500 0.001300
vt 0.176500 0.001300
vt 0.177400 0.023200
vt 0.177400 0.042500
vt 0.170700 0.042500
vt 0.177400 0.060700
vt 0.170700 0.060700
vt 0.177400 0.078900
vt 0.170700 0.078900
vt 0.177400 0.098100
vt 0.170700 0.098100
vt 0.177400 0.118600
vt 0.170700 0.118600
vt 0.177400 0.140800
vt 0.170700 0.140800
vt 0.177400 0.164700
vt 0.170700 0.164700
vt 0.681500 0.523300
vt 0.682300 0.501400
vt 0.687300 0.501400
vt 0.688200 0.523300
vt 0.688200 0.542600
vt 0.681500 0.542600
vt 0.688200 0.560800
vt 0.681500 0.560800
vt 0.688200 0.579000
vt 0.681500 0.579000
vt 0.688200 0.598200
vt 0.681500 0.598200
vt 0.688200 0.618700
vt 0.681500 0.618700
vt 0.688200 0.640900
vt 0.681500 0.640900
vt 0.688200 0.664800
vt 0.681500 0.664800
vt 0.001900 0.189900
vt 0.002800 0.168000
vt 0.007800 0.168000
vt 0.008600 0.189900
vt 0.008600 0.209200
vt 0.001900 0.209200
vt 0.008600 0.227400
vt 0.001900 0.227400
vt 0.008600 0.245700
vt 0.001900 0.245700
vt 0.008600 0.264800
vt 0.001900 0.264800
vt 0.008600 0.285300
vt 0.001900 0.285300
vt 0.008600 0.307500
vt 0.001900 0.307500
vt 0.008600 0.331400
vt 0.001900 0.331400
vt 0.908300 0.689900
vt 0.909100 0.668000
vt 0.914100 0.668000
vt 0.915000 0.689900
vt 0.915000 0.709200
vt 0.908300 0.709200
vt 0.915000 0.727400
vt 0.908300 0.727400
vt 0.915000 0.745700
vt 0.908300 0.745700
vt 0.915000 0.764800
vt 0.908300 0.764800
vt 0.915000 0.785300
vt 0.908300 0.785300
vt 0.915000 0.807500
vt 0.908300 0.807500
vt 0.915000 0.831400
vt 0.908300 0.831400
vt 0.744100 0.690000
vt 0.744900 0.668100
vt 0.749900 0.668100
vt 0.750800 0.690000
vt 0.750800 0.709400
vt 0.744100 0.709400
vt 0.750800 0.727500
vt 0.744100 0.727500
vt 0.750800 0.745800
vt 0.744100 0.745800
vt 0.750800 0.764900
vt 0.744100 0.764900
vt 0.750800 0.785400
vt 0.744100 0.785400
vt 0.750800 0.807600
vt 0.744100 0.807600
vt 0.750800 0.831500
vt 0.744100 0.831500
vt 0.636300 0.356600
vt 0.638000 0.334800
vt 0.643000 0.335000
vt 0.643000 0.356900
vt 0.642200 0.376200
vt 0.635600 0.375900
vt 0.641600 0.394300
vt 0.634900 0.394100
vt 0.640900 0.412600
vt 0.634200 0.412300
vt 0.640100 0.431700
vt 0.633400 0.431400
vt 0.639300 0.452200
vt 0.632700 0.452000
vt 0.638500 0.474400
vt 0.631800 0.474100
vt 0.637600 0.498300
vt 0.630900 0.498000
vt 0.260000 0.023200
vt 0.260800 0.001300
vt 0.265800 0.001300
vt 0.266700 0.023200
vt 0.266700 0.042500
vt 0.260000 0.042500
vt 0.266700 0.060700
vt 0.260000 0.060700
vt 0.266700 0.078900
vt 0.260000 0.078900
vt 0.266700 0.098100
vt 0.260000 0.098100
vt 0.266700 0.118600
vt 0.260000 0.118600
vt 0.266700 0.140800
vt 0.260000 0.140800
vt 0.266700 0.164700
vt 0.260000 0.164700
vt 0.929100 0.189900
vt 0.930800 0.168000
vt 0.935800 0.168200
vt 0.935800 0.190100
vt 0.935100 0.209400
vt 0.928400 0.209200
vt 0.934400 0.227600
vt 0.927700 0.227300
vt 0.933700 0.245800
vt 0.927000 0.245600
vt 0.932900 0.265000
vt 0.926300 0.264700
vt 0.932200 0.285500
vt 0.925500 0.285200
vt 0.931300 0.307600
vt 0.924600 0.307400
vt 0.930400 0.331500
vt 0.923700 0.331300
vt 0.279800 0.023200
vt 0.280700 0.001300
vt 0.285700 0.001300
vt 0.286500 0.023200
vt 0.286500 0.042500
vt 0.279800 0.042500
vt 0.286500 0.060700
vt 0.279800 0.060700
vt 0.286500 0.078900
vt 0.279800 0.078900
vt 0.286500 0.098100
vt 0.279800 0.098100
vt 0.286500 0.118600
vt 0.279800 0.118600
vt 0.286500 0.140800
vt 0.279800 0.140800
vt 0.286500 0.164700
vt 0.279800 0.164700
vt 0.255300 0.689900
vt 0.256200 0.668000
vt 0.261200 0.668000
vt 0.262000 0.689900
vt 0.262000 0.709200
vt 0.255300 0.709200
vt 0.262000 0.727400
vt 0.255300 0.727400
vt 0.262000 0.745700
vt 0.255300 0.745700
vt 0.262000 0.764800
vt 0.255300 0.764800
vt 0.262000 0.785300
vt 0.255300 0.785300
vt 0.262000 0.807500
vt 0.255300 0.807500
vt 0.262000 0.831400
vt 0.255300 0.831400
vt 0.047000 0.856500
vt 0.047800 0.834700
vt 0.052900 0.834700
vt 0.053700 0.856500
vt 0.053700 0.875900
vt 0.047000 0.875900
vt 0.053700 0.894100
vt 0.047000 0.894100
vt 0.053700 0.912300
vt 0.047000 0.912300
vt 0.053700 0.931400
vt 0.047000 0.931400
vt 0.053700 0.952000
vt 0.047000 0.952000
vt 0.053700 0.974100
vt 0.047000 0.974100
vt 0.053700 0.998100
vt 0.047000 0.998100
vt 0.913700 0.189900
vt 0.915400 0.168000
vt 0.920400 0.168200
vt 0.920400 0.190100
vt 0.919700 0.209400
vt 0.913000 0.209200
vt 0.919000 0.227600
vt 0.912300 0.227300
vt 0.918200 0.245800
vt 0.911600 0.245600
vt 0.917500 0.265000
vt 0.910800 0.264700
vt 0.916700 0.285500
vt 0.910000 0.285200
vt 0.915900 0.307600
vt 0.909200 0.307400
vt 0.914900 0.331500
vt 0.908300 0.331300
vt 0.140900 0.023200
vt 0.141800 0.001300
vt 0.146800 0.001300
vt 0.147600 0.023200
vt 0.147600 0.042500
vt 0.140900 0.042500
vt 0.147600 0.060700
vt 0.140900 0.060700
vt 0.147600 0.078900
vt 0.140900 0.078900
vt 0.147600 0.098100
vt 0.140900 0.098100
vt 0.147600 0.118600
vt 0.140900 0.118600
vt 0.147600 0.140800
vt 0.140900 0.140800
vt 0.147600 0.164700
vt 0.140900 0.164700
vt 0.195800 0.523300
vt 0.196600 0.501400
vt 0.201700 0.501400
vt 0.202500 0.523300
vt 0.202500 0.542600
vt 0.195800 0.542600
vt 0.202500 0.560800
vt 0.195800 0.560800
vt 0.202500 0.579000
vt 0.195800 0.579000
vt 0.202500 0.598200
vt 0.195800 0.598200
vt 0.202500 0.618700
vt 0.195800 0.618700
vt 0.202500 0.640900
vt 0.195800 0.640900
vt 0.202500 0.664800
vt 0.195800 0.664800
vt 0.728600 0.189900
vt 0.730300 0.168000
vt 0.735300 0.168200
vt 0.735300 0.190100
vt 0.734600 0.209400
vt 0.727900 0.209200
vt 0.733900 0.227600
vt 0.727200 0.227300
vt 0.733200 0.245800
vt 0.726500 0.245600
vt 0.732400 0.265000
vt 0.725700 0.264700
vt 0.731600 0.285500
vt 0.724900 0.285200
vt 0.730800 0.307600
vt 0.724100 0.307400
vt 0.729900 0.331500
vt 0.723200 0.331300
vt 0.929200 0.023100
vt 0.930900 0.001300
vt 0.935900 0.001500
vt 0.935900 0.023400
vt 0.935100 0.042700
vt 0.928400 0.042400
vt 0.934400 0.060900
vt 0.927700 0.060600
vt 0.933700 0.079100
vt 0.927000 0.078800
vt 0.933000 0.098200
vt 0.926300 0.098000
vt 0.932200 0.118700
vt 0.925500 0.118500
vt 0.931300 0.140900
vt 0.924600 0.140600
vt 0.930400 0.164800
vt 0.923700 0.164500
vt 0.574800 0.023100
vt 0.576500 0.001300
vt 0.581500 0.001500
vt 0.581500 0.023400
vt 0.580700 0.042700
vt 0.574100 0.042400
vt 0.580100 0.060900
vt 0.573400 0.060600
vt 0.579400 0.079100
vt 0.572700 0.078800
vt 0.578600 0.098200
vt 0.571900 0.098000
vt 0.577800 0.118700
vt 0.571100 0.118500
vt 0.577000 0.140900
vt 0.570300 0.140600
vt 0.576100 0.164800
vt 0.569400 0.164500
vt 0.620900 0.189900
vt 0.622600 0.168000
vt 0.627600 0.168200
vt 0.627600 0.190100
vt 0.626900 0.209400
vt 0.620200 0.209200
vt 0.626200 0.227600
vt 0.619500 0.227300
vt 0.625500 0.245800
vt 0.618800 0.245600
vt 0.624700 0.265000
vt 0.618000 0.264700
vt 0.623900 0.285500
vt 0.617200 0.285200
vt 0.623100 0.307600
vt 0.616400 0.307400
vt 0.622200 0.331500
vt 0.615500 0.331300
vt 0.116400 0.523300
vt 0.117300 0.501400
vt 0.122300 0.501400
vt 0.123100 0.523300
vt 0.123100 0.542600
vt 0.116400 0.542600
vt 0.123100 0.560800
vt 0.116400 0.560800
vt 0.123100 0.579000
vt 0.116400 0.579000
vt 0.123100 0.598200
vt 0.116400 0.598200
vt 0.123100 0.618700
vt 0.116400 0.618700
vt 0.123100 0.640900
vt 0.116400 0.640900
vt 0.123100 0.664800
vt 0.116400 0.664800
vt 0.265300 0.523300
vt 0.266100 0.501400
vt 0.271100 0.501400
vt 0.272000 0.523300
vt 0.272000 0.542600
vt 0.265300 0.542600
vt 0.272000 0.560800
vt 0.265300 0.560800
vt 0.272000 0.579000
vt 0.265300 0.579000
vt 0.272000 0.598200
vt 0.265300 0.598200
vt 0.272000 0.618700
vt 0.265300 0.618700
vt 0.272000 0.640900
vt 0.265300 0.640900
vt 0.272000 0.664800
vt 0.265300 0.664800
vt 0.805700 0.356600
vt 0.807400 0.334800
vt 0.812400 0.335000
vt 0.812400 0.356900
vt 0.811600 0.376200
vt 0.804900 0.375900
vt 0.810900 0.394300
vt 0.804300 0.394100
vt 0.810200 0.412600
vt 0.803600 0.412300
vt 0.809500 0.431700
vt 0.802800 0.431400
vt 0.808700 0.452200
vt 0.802000 0.452000
vt 0.807900 0.474400
vt 0.801200 0.474100
vt 0.807000 0.498300
vt 0.800300 0.498000
vt 0.101100 0.189900
vt 0.102000 0.168000
vt 0.107000 0.168000
vt 0.107800 0.189900
vt 0.107800 0.209200
vt 0.101100 0.209200
vt 0.107800 0.227400
vt 0.101100 0.227400
vt 0.107800 0.245700
vt 0.101100 0.245700
vt 0.107800 0.264800
vt 0.101100 0.264800
vt 0.107800 0.285300
vt 0.101100 0.285300
vt 0.107800 0.307500
vt 0.101100 0.307500
vt 0.107800 0.331400
vt 0.101100 0.331400
vt 0.651600 0.523400
vt 0.652400 0.501500
vt 0.657500 0.501500
vt 0.658300 0.523400
vt 0.658300 0.542700
vt 0.651600 0.542700
vt 0.658300 0.560900
vt 0.651600 0.560900
vt 0.658300 0.579100
vt 0.651600 0.579100
vt 0.658300 0.598300
vt 0.651600 0.598300
vt 0.658300 0.618800
vt 0.651600 0.618800
vt 0.658300 0.641000
vt 0.651600 0.641000
vt 0.658300 0.664900
vt 0.651600 0.664900
vt 0.210400 0.023200
vt 0.211200 0.001300
vt 0.216200 0.001300
vt 0.217100 0.023200
vt 0.217100 0.042500
vt 0.210400 0.042500
vt 0.217100 0.060700
vt 0.210400 0.060700
vt 0.217100 0.078900
vt 0.210400 0.078900
vt 0.217100 0.098100
vt 0.210400 0.098100
vt 0.217100 0.118600
vt 0.210400 0.118600
vt 0.217100 0.140800
vt 0.210400 0.140800
vt 0.217100 0.164700
vt 0.210400 0.164700
vt 0.314900 0.356700
vt 0.315700 0.334800
vt 0.320700 0.334800
vt 0.321600 0.356700
vt 0.321600 0.376000
vt 0.314900 0.376000
vt 0.321600 0.394200
vt 0.314900 0.394200
vt 0.321600 0.412400
vt 0.314900 0.412400
vt 0.321600 0.431500
vt 0.314900 0.431500
vt 0.321600 0.452100
vt 0.314900 0.452100
vt 0.321600 0.474300
vt 0.314900 0.474300
vt 0.321600 0.498200
vt 0.314900 0.498200
vt 0.126400 0.523300
vt 0.127200 0.501400
vt 0.132200 0.501400
vt 0.133100 0.523300
vt 0.133100 0.542600
vt 0.126400 0.542600
vt 0.133100 0.560800
vt 0.126400 0.560800
vt 0.133100 0.579000
vt 0.126400 0.579000
vt 0.133100 0.598200
vt 0.126400 0.598200
vt 0.133100 0.618700
vt 0.126400 0.618700
vt 0.133100 0.640900
vt 0.126400 0.640900
vt 0.133100 0.664800
vt 0.126400 0.664800
vt 0.697800 0.690000
vt 0.698600 0.668100
vt 0.703600 0.668100
vt 0.704500 0.690000
vt 0.704500 0.709400
vt 0.697800 0.709400
vt 0.704500 0.727500
vt 0.697800 0.727500
vt 0.704500 0.745800
vt 0.697800 0.745800
vt 0.704500 0.764900
vt 0.697800 0.764900
vt 0.704500 0.785400
vt 0.697800 0.785400
vt 0.704500 0.807600
vt 0.697800 0.807600
vt 0.704500 0.831500
vt 0.697800 0.831500
vt 0.136300 0.523300
vt 0.137100 0.501400
vt 0.142100 0.501400
vt 0.143000 0.523300
vt 0.143000 0.542600
vt 0.136300 0.542600
vt 0.143000 0.560800
vt 0.136300 0.560800
vt 0.143000 0.579000
vt 0.136300 0.579000
vt 0.143000 0.598200
vt 0.136300 0.598200
vt 0.143000 0.618700
vt 0.136300 0.618700
vt 0.143000 0.640900
vt 0.136300 0.640900
vt 0.143000 0.664800
vt 0.136300 0.664800
vt 0.944600 0.023100
vt 0.946300 0.001300
vt 0.951400 0.001500
vt 0.951300 0.023400
vt 0.950600 0.042700
vt 0.943900 0.042400
vt 0.949900 0.060900
vt 0.943200 0.060600
vt 0.949200 0.079100
vt 0.942500 0.078800
vt 0.948400 0.098200
vt 0.941700 0.098000
vt 0.947600 0.118700
vt 0.940900 0.118500
vt 0.946700 0.140900
vt 0.940100 0.140600
vt 0.945800 0.164800
vt 0.939100 0.164500
vt 0.364500 0.523300
vt 0.365300 0.501400
vt 0.370300 0.501400
vt 0.371200 0.523300
vt 0.371200 0.542600
vt 0.364500 0.542600
vt 0.371200 0.560800
vt 0.364500 0.560800
vt 0.371200 0.579000
vt 0.364500 0.579000
vt 0.371200 0.598200
vt 0.364500 0.598200
vt 0.371200 0.618700
vt 0.364500 0.618700
vt 0.371200 0.640900
vt 0.364500 0.640900
vt 0.371200 0.664800
vt 0.364500 0.664800
vt 0.918200 0.689900
vt 0.919000 0.668000
vt 0.924000 0.668000
vt 0.924900 0.689900
vt 0.924900 0.709200
vt 0.918200 0.709200
vt 0.924900 0.727400
vt 0.918200 0.727400
vt 0.924900 0.745700
vt 0.918200 0.745700
vt 0.924900 0.764800
vt 0.918200 0.764800
vt 0.924900 0.785300
vt 0.918200 0.785300
vt 0.924900 0.807500
vt 0.918200 0.807500
vt 0.924900 0.831400
vt 0.918200 0.831400
vt 0.344600 0.689900
vt 0.345500 0.668000
vt 0.350500 0.668000
vt 0.351300 0.689900
vt 0.351300 0.709200
vt 0.344600 0.709200
vt 0.351300 0.727400
vt 0.344600 0.727400
vt 0.351300 0.745700
vt 0.344600 0.745700
vt 0.351300 0.764800
vt 0.344600 0.764800
vt 0.351300 0.785300
vt 0.344600 0.785300
vt 0.351300 0.807500
vt 0.344600 0.807500
vt 0.351300 0.831400
vt 0.344600 0.831400
vt 0.661600 0.356700
vt 0.662400 0.334800
vt 0.667500 0.334800
vt 0.668300 0.356700
vt 0.668300 0.376000
vt 0.661600 0.376000
vt 0.668300 0.394200
vt 0.661600 0.394200
vt 0.668300 0.412400
vt 0.661600 0.412400
vt 0.668300 0.431500
vt 0.661600 0.431500
vt 0.668200 0.452100
vt 0.661600 0.452100
vt 0.668200 0.474300
vt 0.661500 0.474200
vt 0.668200 0.498200
vt 0.661500 0.498200
vt 0.574800 0.189900
vt 0.576500 0.168000
vt 0.581500 0.168200
vt 0.581500 0.190100
vt 0.580700 0.209400
vt 0.574000 0.209200
vt 0.580000 0.227600
vt 0.573300 0.227300
vt 0.579300 0.245800
vt 0.572600 0.245600
vt 0.578600 0.265000
vt 0.571900 0.264700
vt 0.577800 0.285500
vt 0.571100 0.285200
vt 0.576900 0.307600
vt 0.570300 0.307400
vt 0.576000 0.331500
vt 0.569300 0.331300
vt 0.815700 0.523400
vt 0.816500 0.501500
vt 0.821600 0.501500
vt 0.822400 0.523400
vt 0.822400 0.542700
vt 0.815700 0.542700
vt 0.822400 0.560900
vt 0.815700 0.560900
vt 0.822400 0.579100
vt 0.815700 0.579100
vt 0.822400 0.598300
vt 0.815700 0.598300
vt 0.822400 0.618800
vt 0.815700 0.618800
vt 0.822400 0.641000
vt 0.815700 0.641000
vt 0.822400 0.664900
vt 0.815700 0.664900
vt 0.759400 0.523400
vt 0.760300 0.501500
vt 0.765300 0.501500
vt 0.766100 0.523400
vt 0.766100 0.542700
vt 0.759400 0.542700
vt 0.766100 0.560900
vt 0.759400 0.560900
vt 0.766100 0.579100
vt 0.759400 0.579100
vt 0.766100 0.598300
vt 0.759400 0.598300
vt 0.766100 0.618800
vt 0.759400 0.618800
vt 0.766100 0.641000
vt 0.759400 0.641000
vt 0.766100 0.664900
vt 0.759400 0.664900
vt 0.304900 0.356700
vt 0.305800 0.334800
vt 0.310800 0.334800
vt 0.311600 0.356700
vt 0.311600 0.376000
vt 0.304900 0.376000
vt 0.311600 0.394200
vt 0.304900 0.394200
vt 0.311600 0.412400
vt 0.304900 0.412400
vt 0.311600 0.431500
vt 0.304900 0.431500
vt 0.311600 0.452100
vt 0.304900 0.452100
vt 0.311600 0.474300
vt 0.304900 0.474300
vt 0.311600 0.498200
vt 0.304900 0.498200
vt 0.314900 0.689900
vt 0.315700 0.668000
vt 0.320700 0.668000
vt 0.321600 0.689900
vt 0.321600 0.709200
vt 0.314900 0.709200
vt 0.321600 0.727400
vt 0.314900 0.727400
vt 0.321600 0.745700
vt 0.314900 0.745700
vt 0.321600 0.764800
vt 0.314900 0.764800
vt 0.321600 0.785300
vt 0.314900 0.785300
vt 0.321600 0.807500
vt 0.314900 0.807500
vt 0.321600 0.831400
vt 0.314900 0.831400
vt 0.404200 0.689900
vt 0.405000 0.668000
vt 0.410000 0.668000
vt 0.410900 0.689900
vt 0.410900 0.709300
vt 0.404200 0.709300
vt 0.410900 0.727400
vt 0.404200 0.727400
vt 0.410900 0.745700
vt 0.404200 0.745700
vt 0.410900 0.764800
vt 0.404200 0.764800
vt 0.410900 0.785300
vt 0.404200 0.785300
vt 0.410900 0.807500
vt 0.404200 0.807500
vt 0.410900 0.831400
vt 0.404200 0.831400
vt 0.185900 0.523300
vt 0.186700 0.501400
vt 0.191700 0.501400
vt 0.192600 0.523300
vt 0.192600 0.542600
vt 0.185900 0.542600
vt 0.192600 0.560800
vt 0.185900 0.560800
vt 0.192600 0.579000
vt 0.185900 0.579000
vt 0.192600 0.598200
vt 0.185900 0.598200
vt 0.192600 0.618700
vt 0.185900 0.618700
vt 0.192600 0.640900
vt 0.185900 0.640900
vt 0.192600 0.664800
vt 0.185900 0.664800
vt 0.156100 0.689900
vt 0.157000 0.668000
vt 0.162000 0.668000
vt 0.162800 0.689900
vt 0.162800 0.709200
vt 0.156100 0.709200
vt 0.162800 0.727400
vt 0.156100 0.727400
vt 0.162800 0.745700
vt 0.156100 0.745700
vt 0.162800 0.764800
vt 0.156100 0.764800
vt 0.162800 0.785300
vt 0.156100 0.785300
vt 0.162800 0.807500
vt 0.156100 0.807500
vt 0.162800 0.831400
vt 0.156100 0.831400
vt 0.560700 0.309700
vt 0.559000 0.331500
vt 0.554000 0.331300
vt 0.554000 0.309400
vt 0.554700 0.290100
vt 0.561400 0.290400
vt 0.555400 0.272000
vt 0.562100 0.272200
vt 0.556100 0.253700
vt 0.562800 0.254000
vt 0.556900 0.234600
vt 0.563500 0.234900
vt 0.557600 0.214100
vt 0.564300 0.214300
vt 0.558500 0.191900
vt 0.565200 0.192200
vt 0.559400 0.168000
vt 0.566100 0.168300
vt 0.275200 0.356700
vt 0.276000 0.334800
vt 0.281000 0.334800
vt 0.281900 0.356700
vt 0.281900 0.376000
vt 0.275200 0.376000
vt 0.281900 0.394200
vt 0.275200 0.394200
vt 0.281900 0.412400
vt 0.275200 0.412400
vt 0.281900 0.431500
vt 0.275200 0.431500
vt 0.281900 0.452100
vt 0.275200 0.452100
vt 0.281900 0.474200
vt 0.275200 0.474200
vt 0.281900 0.498200
vt 0.275200 0.498200
vt 0.299700 0.023200
vt 0.300500 0.001300
vt 0.305500 0.001300
vt 0.306400 0.023200
vt 0.306400 0.042500
vt 0.299700 0.042500
vt 0.306400 0.060700
vt 0.299700 0.060700
vt 0.306400 0.078900
vt 0.299700 0.078900
vt 0.306400 0.098100
vt 0.299700 0.098100
vt 0.306400 0.118600
vt 0.299700 0.118600
vt 0.306400 0.140800
vt 0.299700 0.140800
vt 0.306400 0.164700
vt 0.299700 0.164700
vt 0.658300 0.809600
vt 0.657500 0.831500
vt 0.652400 0.831500
vt 0.651600 0.809600
vt 0.651600 0.790300
vt 0.658300 0.790300
vt 0.651600 0.772100
vt 0.658300 0.772100
vt 0.651600 0.753900
vt 0.658300 0.753900
vt 0.651600 0.734800
vt 0.658300 0.734800
vt 0.651600 0.714200
vt 0.658300 0.714200
vt 0.651600 0.692000
vt 0.658300 0.692000
vt 0.651600 0.668100
vt 0.658300 0.668100
vt 0.404200 0.523300
vt 0.405000 0.501400
vt 0.410000 0.501400
vt 0.410900 0.523300
vt 0.410900 0.542600
vt 0.404200 0.542600
vt 0.410900 0.560800
vt 0.404200 0.560800
vt 0.410900 0.579000
vt 0.404200 0.579000
vt 0.410900 0.598200
vt 0.404200 0.598200
vt 0.410900 0.618700
vt 0.404200 0.618700
vt 0.410900 0.640900
vt 0.404200 0.640900
vt 0.410900 0.664800
vt 0.404200 0.664800
vt 0.334700 0.356700
vt 0.335600 0.334800
vt 0.340600 0.334800
vt 0.341400 0.356700
vt 0.341400 0.376000
vt 0.334700 0.376000
vt 0.341400 0.394200
vt 0.334700 0.394200
vt 0.341400 0.412400
vt 0.334700 0.412400
vt 0.341400 0.431500
vt 0.334700 0.431500
vt 0.341400 0.452100
vt 0.334700 0.452100
vt 0.341400 0.474300
vt 0.334700 0.474300
vt 0.341400 0.498200
vt 0.334700 0.498200
vt 0.269800 0.189900
vt 0.270600 0.168000
vt 0.275700 0.168000
vt 0.276500 0.189900
vt 0.276500 0.209200
vt 0.269800 0.209200
vt 0.276500 0.227400
vt 0.269800 0.227400
vt 0.276500 0.245700
vt 0.269800 0.245700
vt 0.276500 0.264800
vt 0.269800 0.264800
vt 0.276500 0.285300
vt 0.269800 0.285300
vt 0.276500 0.307500
vt 0.269800 0.307500
vt 0.276500 0.331400
vt 0.269800 0.331400
vt 0.279700 0.189900
vt 0.280600 0.168000
vt 0.285600 0.168000
vt 0.286400 0.189900
vt 0.286400 0.209200
vt 0.279700 0.209200
vt 0.286400 0.227400
vt 0.279700 0.227400
vt 0.286400 0.245700
vt 0.279700 0.245700
vt 0.286400 0.264800
vt 0.279700 0.264800
vt 0.286400 0.285300
vt 0.279700 0.285300
vt 0.286400 0.307500
vt 0.279700 0.307500
vt 0.286400 0.331400
vt 0.279700 0.331400
vt 0.339300 0.023200
vt 0.340200 0.001300
vt 0.345200 0.001300
vt 0.346000 0.023200
vt 0.346000 0.042500
vt 0.339300 0.042500
vt 0.346000 0.060700
vt 0.339300 0.060700
vt 0.346000 0.078900
vt 0.339300 0.078900
vt 0.346000 0.098100
vt 0.339300 0.098100
vt 0.346000 0.118600
vt 0.339300 0.118600
vt 0.346000 0.140800
vt 0.339300 0.140800
vt 0.346000 0.164700
vt 0.339300 0.164700
vt 0.960100 0.189900
vt 0.961700 0.168000
vt 0.966800 0.168200
vt 0.966700 0.190100
vt 0.966000 0.209400
vt 0.959300 0.209200
vt 0.965300 0.227600
vt 0.958600 0.227300
vt 0.964600 0.245800
vt 0.957900 0.245600
vt 0.963900 0.264900
vt 0.957200 0.264700
vt 0.963100 0.285500
vt 0.956400 0.285200
vt 0.962200 0.307600
vt 0.955500 0.307400
vt 0.961300 0.331500
vt 0.954600 0.331300
vt 0.671500 0.523300
vt 0.672400 0.501400
vt 0.677400 0.501400
vt 0.678200 0.523300
vt 0.678200 0.542600
vt 0.671500 0.542600
vt 0.678200 0.560800
vt 0.671500 0.560800
vt 0.678200 0.579000
vt 0.671500 0.579000
vt 0.678200 0.598200
vt 0.671500 0.598200
vt 0.678200 0.618700
vt 0.671500 0.618700
vt 0.678200 0.640900
vt 0.671500 0.640900
vt 0.678200 0.664800
vt 0.671500 0.664800
vt 0.913800 0.023100
vt 0.915400 0.001300
vt 0.920500 0.001500
vt 0.920400 0.023400
vt 0.919700 0.042700
vt 0.913000 0.042400
vt 0.919000 0.060900
vt 0.912300 0.060600
vt 0.918300 0.079100
vt 0.911600 0.078800
vt 0.917500 0.098200
vt 0.910800 0.098000
vt 0.916700 0.118700
vt 0.910000 0.118500
vt 0.915900 0.140900
vt 0.909200 0.140600
vt 0.914900 0.164800
vt 0.908300 0.164500
vt 0.735300 0.809500
vt 0.734500 0.831400
vt 0.729400 0.831400
vt 0.728600 0.809500
vt 0.728600 0.790200
vt 0.735300 0.790200
vt 0.728600 0.772000
vt 0.735300 0.772000
vt 0.728600 0.753800
vt 0.735300 0.753800
vt 0.728600 0.734700
vt 0.735300 0.734700
vt 0.728600 0.714100
vt 0.735300 0.714100
vt 0.728600 0.691900
vt 0.735300 0.691900
vt 0.728600 0.668000
vt 0.735300 0.668000
vt 0.210300 0.189900
vt 0.211100 0.168000
vt 0.216100 0.168000
vt 0.217000 0.189900
vt 0.217000 0.209200
vt 0.210300 0.209200
vt 0.217000 0.227400
vt 0.210300 0.227400
vt 0.217000 0.245700
vt 0.210300 0.245700
vt 0.217000 0.264800
vt 0.210300 0.264800
vt 0.217000 0.285300
vt 0.210300 0.285300
vt 0.217000 0.307500
vt 0.210300 0.307500
vt 0.217000 0.331400
vt 0.210300 0.331400
vt 0.533300 0.356700
vt 0.534100 0.334800
vt 0.539100 0.334800
vt 0.540000 0.356700
vt 0.540000 0.376000
vt 0.533300 0.376000
vt 0.540000 0.394200
vt 0.533300 0.394200
vt 0.540000 0.412400
vt 0.533300 0.412400
vt 0.539900 0.431500
vt 0.533300 0.431500
vt 0.539900 0.452100
vt 0.533300 0.452100
vt 0.539900 0.474300
vt 0.533300 0.474300
vt 0.539900 0.498200
vt 0.533200 0.498200
vt 0.083500 0.476300
vt 0.082600 0.498200
vt 0.077600 0.498200
vt 0.076800 0.476300
vt 0.076800 0.456900
vt 0.083500 0.456900
vt 0.076800 0.438800
vt 0.083500 0.438800
vt 0.076800 0.420500
vt 0.083500 0.420500
vt 0.076800 0.401400
vt 0.083500 0.401400
vt 0.076800 0.380900
vt 0.083500 0.380900
vt 0.076800 0.358700
vt 0.083500 0.358700
vt 0.076800 0.334800
vt 0.083500 0.334800
vt 0.033900 0.642900
vt 0.033000 0.664800
vt 0.028000 0.664800
vt 0.027200 0.642900
vt 0.027200 0.623600
vt 0.033900 0.623600
vt 0.027200 0.605400
vt 0.033900 0.605400
vt 0.027200 0.587200
vt 0.033900 0.587200
vt 0.027200 0.568000
vt 0.033900 0.568000
vt 0.027200 0.547500
vt 0.033900 0.547500
vt 0.027200 0.525300
vt 0.033900 0.525300
vt 0.027200 0.501400
vt 0.033900 0.501400
vt 0.430700 0.476300
vt 0.429900 0.498200
vt 0.424900 0.498200
vt 0.424000 0.476300
vt 0.424000 0.456900
vt 0.430700 0.456900
vt 0.424000 0.438800
vt 0.430700 0.438800
vt 0.424000 0.420500
vt 0.430700 0.420500
vt 0.424000 0.401400
vt 0.430700 0.401400
vt 0.424000 0.380900
vt 0.430700 0.380900
vt 0.424000 0.358700
vt 0.430700 0.358700
vt 0.424000 0.334800
vt 0.430700 0.334800
vt 0.484900 0.309500
vt 0.484100 0.331400
vt 0.479000 0.331400
vt 0.478200 0.309500
vt 0.478200 0.290200
vt 0.484900 0.290200
vt 0.478200 0.272000
vt 0.484900 0.272000
vt 0.478200 0.253800
vt 0.484900 0.253800
vt 0.478200 0.234700
vt 0.484900 0.234700
vt 0.478200 0.214100
vt 0.484900 0.214100
vt 0.478200 0.191900
vt 0.484900 0.191900
vt 0.478200 0.168000
vt 0.484900 0.168000
vt 0.776100 0.309700
vt 0.774400 0.331500
vt 0.769400 0.331300
vt 0.769400 0.309400
vt 0.770100 0.290100
vt 0.776800 0.290400
vt 0.770800 0.272000
vt 0.777500 0.272200
vt 0.771500 0.253700
vt 0.778200 0.254000
vt 0.772300 0.234600
vt 0.779000 0.234900
vt 0.773100 0.214100
vt 0.779800 0.214300
vt 0.773900 0.191900
vt 0.780600 0.192200
vt 0.774800 0.168000
vt 0.781500 0.168300
vt 0.868600 0.476400
vt 0.867000 0.498300
vt 0.862000 0.498100
vt 0.862000 0.476200
vt 0.862700 0.456900
vt 0.869400 0.457100
vt 0.863400 0.438700
vt 0.870100 0.439000
vt 0.864100 0.420500
vt 0.870800 0.420700
vt 0.864800 0.401300
vt 0.871500 0.401600
vt 0.865600 0.380800
vt 0.872300 0.381100
vt 0.866400 0.358700
vt 0.873100 0.358900
vt 0.867400 0.334800
vt 0.874000 0.335000
vt 0.514700 0.309700
vt 0.513000 0.331500
vt 0.508000 0.331300
vt 0.508000 0.309400
vt 0.508700 0.290100
vt 0.515400 0.290400
vt 0.509400 0.272000
vt 0.516100 0.272200
vt 0.510100 0.253700
vt 0.516800 0.254000
vt 0.510900 0.234600
vt 0.517500 0.234900
vt 0.511600 0.214100
vt 0.518300 0.214300
vt 0.512500 0.191900
vt 0.519200 0.192200
vt 0.513400 0.168000
vt 0.520100 0.168300
vt 0.683700 0.143000
vt 0.682000 0.164800
vt 0.677000 0.164600
vt 0.677000 0.142700
vt 0.677700 0.123400
vt 0.684400 0.123600
vt 0.678400 0.105200
vt 0.685100 0.105500
vt 0.679100 0.087000
vt 0.685800 0.087300
vt 0.679900 0.067900
vt 0.686600 0.068100
vt 0.680700 0.047300
vt 0.687400 0.047600
vt 0.681500 0.025200
vt 0.688200 0.025400
vt 0.682500 0.001300
vt 0.689100 0.001500
vt 0.063600 0.476300
vt 0.062800 0.498200
vt 0.057800 0.498200
vt 0.056900 0.476300
vt 0.056900 0.456900
vt 0.063600 0.456900
vt 0.056900 0.438800
vt 0.063600 0.438800
vt 0.056900 0.420500
vt 0.063600 0.420500
vt 0.056900 0.401400
vt 0.063600 0.401400
vt 0.056900 0.380900
vt 0.063600 0.380900
vt 0.056900 0.358700
vt 0.063600 0.358700
vt 0.056900 0.334800
vt 0.063600 0.334800
vt 0.053700 0.476300
vt 0.052900 0.498200
vt 0.047800 0.498200
vt 0.047000 0.476300
vt 0.047000 0.456900
vt 0.053700 0.456900
vt 0.047000 0.438800
vt 0.053700 0.438800
vt 0.047000 0.420500
vt 0.053700 0.420500
vt 0.047000 0.401400
vt 0.053700 0.401400
vt 0.047000 0.380900
vt 0.053700 0.380900
vt 0.047000 0.358700
vt 0.053700 0.358700
vt 0.047000 0.334800
vt 0.053700 0.334800
vt 0.038500 0.142800
vt 0.037700 0.164700
vt 0.032600 0.164700
vt 0.031800 0.142800
vt 0.031800 0.123500
vt 0.038500 0.123500
vt 0.031800 0.105300
vt 0.038500 0.105300
vt 0.031800 0.087100
vt 0.038500 0.087100
vt 0.031800 0.067900
vt 0.038500 0.067900
vt 0.031800 0.047400
vt 0.038500 0.047400
vt 0.031800 0.025200
vt 0.038500 0.025200
vt 0.031800 0.001300
vt 0.038500 0.001300
vt 0.405600 0.142800
vt 0.404800 0.164700
vt 0.399700 0.164700
vt 0.398900 0.142800
vt 0.398900 0.123500
vt 0.405600 0.123500
vt 0.398900 0.105300
vt 0.405600 0.105300
vt 0.398900 0.087100
vt 0.405600 0.087100
vt 0.398900 0.067900
vt 0.405600 0.067900
vt 0.398900 0.047400
vt 0.405600 0.047400
vt 0.398900 0.025200
vt 0.405600 0.025200
vt 0.398900 0.001300
vt 0.405600 0.001300
vt 0.530100 0.143000
vt 0.528400 0.164800
vt 0.523400 0.164600
vt 0.523400 0.142700
vt 0.524200 0.123400
vt 0.530800 0.123600
vt 0.524800 0.105200
vt 0.531500 0.105500
vt 0.525500 0.087000
vt 0.532200 0.087300
vt 0.526300 0.067900
vt 0.533000 0.068100
vt 0.527100 0.047300
vt 0.533700 0.047600
vt 0.527900 0.025200
vt 0.534600 0.025400
vt 0.528800 0.001300
vt 0.535500 0.001500
vt 0.023900 0.642900
vt 0.023100 0.664800
vt 0.018100 0.664800
vt 0.017200 0.642900
vt 0.017200 0.623600
vt 0.023900 0.623600
vt 0.017200 0.605400
vt 0.023900 0.605400
vt 0.017200 0.587200
vt 0.023900 0.587200
vt 0.017200 0.568000
vt 0.023900 0.568000
vt 0.017200 0.547500
vt 0.023900 0.547500
vt 0.017200 0.525300
vt 0.023900 0.525300
vt 0.017200 0.501400
vt 0.023900 0.501400
vt 0.023900 0.476300
vt 0.023100 0.498200
vt 0.018100 0.498200
vt 0.017200 0.476300
vt 0.017200 0.456900
vt 0.023900 0.456900
vt 0.017200 0.438800
vt 0.023900 0.438800
vt 0.017200 0.420500
vt 0.023900 0.420500
vt 0.017200 0.401400
vt 0.023900 0.401400
vt 0.017200 0.380900
vt 0.023900 0.380900
vt 0.017200 0.358700
vt 0.023900 0.358700
vt 0.017200 0.334800
vt 0.023900 0.334800
vt 0.460500 0.476300
vt 0.459700 0.498200
vt 0.454700 0.498200
vt 0.453800 0.476300
vt 0.453800 0.456900
vt 0.460500 0.456900
vt 0.453800 0.438800
vt 0.460500 0.438800
vt 0.453800 0.420500
vt 0.460500 0.420500
vt 0.453800 0.401400
vt 0.460500 0.401400
vt 0.453800 0.380900
vt 0.460500 0.380900
vt 0.453800 0.358700
vt 0.460500 0.358700
vt 0.453800 0.334800
vt 0.460500 0.334800
vt 0.415500 0.142800
vt 0.414700 0.164700
vt 0.409700 0.164700
vt 0.408800 0.142800
vt 0.408800 0.123500
vt 0.415500 0.123500
vt 0.408800 0.105300
vt 0.415500 0.105300
vt 0.408800 0.087100
vt 0.415500 0.087100
vt 0.408800 0.067900
vt 0.415500 0.067900
vt 0.408800 0.047400
vt 0.415500 0.047400
vt 0.408800 0.025200
vt 0.415500 0.025200
vt 0.408800 0.001300
vt 0.415500 0.001300
vt 0.018600 0.142800
vt 0.017800 0.164700
vt 0.012800 0.164700
vt 0.012000 0.142800
vt 0.012000 0.123500
vt 0.018600 0.123500
vt 0.012000 0.105300
vt 0.018600 0.105300
vt 0.012000 0.087100
vt 0.018600 0.087100
vt 0.012000 0.067900
vt 0.018600 0.067900
vt 0.012000 0.047400
vt 0.018600 0.047400
vt 0.012000 0.025200
vt 0.018600 0.025200
vt 0.012000 0.001300
vt 0.018600 0.001300
vt 0.961300 0.476400
vt 0.959600 0.498300
vt 0.954600 0.498100
vt 0.954600 0.476200
vt 0.955300 0.456900
vt 0.962000 0.457100
vt 0.956000 0.438700
vt 0.962700 0.439000
vt 0.956700 0.420500
vt 0.963400 0.420700
vt 0.957400 0.401300
vt 0.964100 0.401600
vt 0.958200 0.380800
vt 0.964900 0.381100
vt 0.959100 0.358700
vt 0.965800 0.358900
vt 0.960000 0.334800
vt 0.966700 0.335000
vt 0.028500 0.309500
vt 0.027600 0.331400
vt 0.022600 0.331400
vt 0.021800 0.309500
vt 0.021800 0.290200
vt 0.028500 0.290200
vt 0.021800 0.272000
vt 0.028500 0.272000
vt 0.021800 0.253800
vt 0.028500 0.253800
vt 0.021800 0.234700
vt 0.028500 0.234700
vt 0.021800 0.214100
vt 0.028500 0.214100
vt 0.021800 0.191900
vt 0.028500 0.191900
vt 0.021800 0.168000
vt 0.028500 0.168000
vt 0.068200 0.309500
vt 0.067300 0.331400
vt 0.062300 0.331400
vt 0.061500 0.309500
vt 0.061500 0.290200
vt 0.068200 0.290200
vt 0.061500 0.272000
vt 0.068200 0.272000
vt 0.061500 0.253800
vt 0.068200 0.253800
vt 0.061500 0.234700
vt 0.068200 0.234700
vt 0.061500 0.214100
vt 0.068200 0.214100
vt 0.061500 0.191900
vt 0.068200 0.191900
vt 0.061500 0.168000
vt 0.068200 0.168000
vt 0.143000 0.809500
vt 0.142100 0.831400
vt 0.137100 0.831400
vt 0.136300 0.809500
vt 0.136300 0.790200
vt 0.143000 0.790200
vt 0.136300 0.772000
vt 0.143000 0.772000
vt 0.136300 0.753800
vt 0.143000 0.753800
vt 0.136300 0.734700
vt 0.143000 0.734700
vt 0.136300 0.714100
vt 0.143000 0.714100
vt 0.136300 0.691900
vt 0.143000 0.691900
vt 0.136300 0.668000
vt 0.143000 0.668000
vt 0.435400 0.142800
vt 0.434500 0.164700
vt 0.429500 0.164700
vt 0.428700 0.142800
vt 0.428700 0.123500
vt 0.435400 0.123500
vt 0.428700 0.105300
vt 0.435400 0.105300
vt 0.428700 0.087100
vt 0.435400 0.087100
vt 0.428700 0.067900
vt 0.435400 0.067900
vt 0.428700 0.047400
vt 0.435400 0.047400
vt 0.428700 0.025200
vt 0.435400 0.025200
vt 0.428700 0.001300
vt 0.435400 0.001300
vt 0.058300 0.142800
vt 0.057500 0.164700
vt 0.052500 0.164700
vt 0.051600 0.142800
vt 0.051600 0.123500
vt 0.058300 0.123500
vt 0.051600 0.105300
vt 0.058300 0.105300
vt 0.051600 0.087100
vt 0.058300 0.087100
vt 0.051600 0.067900
vt 0.058300 0.067900
vt 0.051600 0.047400
vt 0.058300 0.047400
vt 0.051600 0.025200
vt 0.058300 0.025200
vt 0.051600 0.001300
vt 0.058300 0.001300
vt 0.088000 0.309500
vt 0.087200 0.331400
vt 0.082100 0.331400
vt 0.081300 0.309500
vt 0.081300 0.290200
vt 0.088000 0.290200
vt 0.081300 0.272000
vt 0.088000 0.272000
vt 0.081300 0.253800
vt 0.088000 0.253800
vt 0.081300 0.234700
vt 0.088000 0.234700
vt 0.081300 0.214100
vt 0.088000 0.214100
vt 0.081300 0.191900
vt 0.088000 0.191900
vt 0.081300 0.168000
vt 0.088000 0.168000
vt 0.405500 0.309500
vt 0.404700 0.331400
vt 0.399600 0.331400
vt 0.398800 0.309500
vt 0.398800 0.290200
vt 0.405500 0.290200
vt 0.398800 0.272000
vt 0.405500 0.272000
vt 0.398800 0.253800
vt 0.405500 0.253800
vt 0.398800 0.234700
vt 0.405500 0.234700
vt 0.398800 0.214100
vt 0.405500 0.214100
vt 0.398800 0.191900
vt 0.405500 0.191900
vt 0.398800 0.168000
vt 0.405500 0.168000
vt 0.014000 0.476300
vt 0.013200 0.498200
vt 0.008200 0.498200
vt 0.007300 0.476300
vt 0.007300 0.456900
vt 0.014000 0.456900
vt 0.007300 0.438800
vt 0.014000 0.438800
vt 0.007300 0.420500
vt 0.014000 0.420500
vt 0.007300 0.401400
vt 0.014000 0.401400
vt 0.007300 0.380900
vt 0.014000 0.380900
vt 0.007300 0.358700
vt 0.014000 0.358700
vt 0.007300 0.334800
vt 0.014000 0.334800
vt 0.929100 0.856500
vt 0.930000 0.834700
vt 0.935000 0.834700
vt 0.935800 0.856600
vt 0.935800 0.875900
vt 0.929100 0.875900
vt 0.935800 0.894100
vt 0.929100 0.894100
vt 0.935800 0.912300
vt 0.929100 0.912300
vt 0.935800 0.931400
vt 0.929100 0.931400
vt 0.935800 0.952000
vt 0.929100 0.952000
vt 0.935800 0.974100
vt 0.929100 0.974100
vt 0.935800 0.998100
vt 0.929100 0.998100
vt 0.354600 0.356700
vt 0.355400 0.334800
vt 0.360400 0.334800
vt 0.361300 0.356700
vt 0.361300 0.376000
vt 0.354600 0.376000
vt 0.361300 0.394200
vt 0.354600 0.394200
vt 0.361300 0.412400
vt 0.354600 0.412400
vt 0.361300 0.431500
vt 0.354600 0.431500
vt 0.361300 0.452100
vt 0.354600 0.452100
vt 0.361300 0.474300
vt 0.354600 0.474300
vt 0.361300 0.498200
vt 0.354600 0.498200
vt 0.349200 0.189900
vt 0.350000 0.168000
vt 0.355000 0.168000
vt 0.355900 0.189900
vt 0.355900 0.209200
vt 0.349200 0.209200
vt 0.355900 0.227400
vt 0.349200 0.227400
vt 0.355900 0.245700
vt 0.349200 0.245700
vt 0.355900 0.264800
vt 0.349200 0.264800
vt 0.355900 0.285300
vt 0.349200 0.285300
vt 0.355900 0.307500
vt 0.349200 0.307500
vt 0.355900 0.331400
vt 0.349200 0.331400
vt 0.225600 0.356700
vt 0.226400 0.334800
vt 0.231400 0.334800
vt 0.232300 0.356700
vt 0.232300 0.376000
vt 0.225600 0.376000
vt 0.232300 0.394200
vt 0.225600 0.394200
vt 0.232300 0.412400
vt 0.225600 0.412400
vt 0.232300 0.431500
vt 0.225600 0.431500
vt 0.232300 0.452100
vt 0.225600 0.452100
vt 0.232300 0.474200
vt 0.225600 0.474200
vt 0.232300 0.498200
vt 0.225600 0.498200
vt 0.096600 0.523300
vt 0.097400 0.501400
vt 0.102500 0.501400
vt 0.103300 0.523300
vt 0.103300 0.542600
vt 0.096600 0.542600
vt 0.103300 0.560800
vt 0.096600 0.560800
vt 0.103300 0.579000
vt 0.096600 0.579000
vt 0.103300 0.598200
vt 0.096600 0.598200
vt 0.103300 0.618700
vt 0.096600 0.618700
vt 0.103300 0.640900
vt 0.096600 0.640900
vt 0.103300 0.664800
vt 0.096600 0.664800
vt 0.898200 0.356600
vt 0.899900 0.334800
vt 0.904900 0.335000
vt 0.904900 0.356900
vt 0.904200 0.376200
vt 0.897500 0.375900
vt 0.903500 0.394300
vt 0.896800 0.394100
vt 0.902800 0.412600
vt 0.896100 0.412300
vt 0.902100 0.431700
vt 0.895400 0.431400
vt 0.901300 0.452200
vt 0.894600 0.452000
vt 0.900400 0.474400
vt 0.893700 0.474100
vt 0.899500 0.498300
vt 0.892800 0.498000
vt 0.991400 0.189900
vt 0.993000 0.168000
vt 0.998100 0.168200
vt 0.998100 0.190100
vt 0.997300 0.209400
vt 0.990600 0.209200
vt 0.996600 0.227600
vt 0.989900 0.227300
vt 0.995900 0.245800
vt 0.989200 0.245600
vt 0.995200 0.264900
vt 0.988500 0.264700
vt 0.994400 0.285500
vt 0.987700 0.285200
vt 0.993500 0.307600
vt 0.986800 0.307400
vt 0.992600 0.331500
vt 0.985900 0.331300
vt 0.769400 0.856500
vt 0.770200 0.834700
vt 0.775200 0.834700
vt 0.776100 0.856500
vt 0.776100 0.875900
vt 0.769400 0.875900
vt 0.776100 0.894100
vt 0.769400 0.894100
vt 0.776100 0.912300
vt 0.769400 0.912300
vt 0.776100 0.931400
vt 0.769400 0.931400
vt 0.776100 0.952000
vt 0.769400 0.952000
vt 0.776100 0.974100
vt 0.769400 0.974100
vt 0.776100 0.998100
vt 0.769400 0.998100
vt 0.250000 0.189900
vt 0.250800 0.168000
vt 0.255800 0.168000
vt 0.256700 0.189900
vt 0.256700 0.209200
vt 0.250000 0.209200
vt 0.256700 0.227400
vt 0.250000 0.227400
vt 0.256700 0.245700
vt 0.250000 0.245700
vt 0.256700 0.264800
vt 0.250000 0.264800
vt 0.256700 0.285300
vt 0.250000 0.285300
vt 0.256700 0.307500
vt 0.250000 0.307500
vt 0.256700 0.331400
vt 0.250000 0.331400
vt 0.960000 0.523400
vt 0.960800 0.501500
vt 0.965800 0.501500
vt 0.966700 0.523400
vt 0.966700 0.542700
vt 0.960000 0.542700
vt 0.966700 0.560900
vt 0.960000 0.560900
vt 0.966700 0.579100
vt 0.960000 0.579100
vt 0.966700 0.598300
vt 0.960000 0.598300
vt 0.966700 0.618800
vt 0.960000 0.618800
vt 0.966700 0.641000
vt 0.960000 0.641000
vt 0.966700 0.664900
vt 0.960000 0.664900
vt 0.215700 0.523300
vt 0.216500 0.501400
vt 0.221500 0.501400
vt 0.222300 0.523300
vt 0.222300 0.542600
vt 0.215700 0.542600
vt 0.222300 0.560800
vt 0.215700 0.560800
vt 0.222300 0.579000
vt 0.215700 0.579000
vt 0.222300 0.598200
vt 0.215700 0.598200
vt 0.222300 0.618700
vt 0.215700 0.618700
vt 0.222300 0.640900
vt 0.215700 0.640900
vt 0.222300 0.664800
vt 0.215700 0.664800
vt 0.309600 0.023200
vt 0.310400 0.001300
vt 0.315400 0.001300
vt 0.316300 0.023200
vt 0.316300 0.042500
vt 0.309600 0.042500
vt 0.316300 0.060700
vt 0.309600 0.060700
vt 0.316300 0.078900
vt 0.309600 0.078900
vt 0.316300 0.098100
vt 0.309600 0.098100
vt 0.316300 0.118600
vt 0.309600 0.118600
vt 0.316300 0.140800
vt 0.309600 0.140800
vt 0.316300 0.164700
vt 0.309600 0.164700
vt 0.037100 0.856500
vt 0.037900 0.834700
vt 0.042900 0.834700
vt 0.043800 0.856500
vt 0.043800 0.875900
vt 0.037100 0.875900
vt 0.043800 0.894100
vt 0.037100 0.894100
vt 0.043800 0.912300
vt 0.037100 0.912300
vt 0.043800 0.931400
vt 0.037100 0.931400
vt 0.043800 0.952000
vt 0.037100 0.952000
vt 0.043800 0.974100
vt 0.037100 0.974100
vt 0.043800 0.998100
vt 0.037100 0.998100
vt 0.805700 0.189900
vt 0.807400 0.168000
vt 0.812400 0.168200
vt 0.812400 0.190100
vt 0.811600 0.209400
vt 0.804900 0.209200
vt 0.810900 0.227600
vt 0.804200 0.227300
vt 0.810200 0.245800
vt 0.803500 0.245600
vt 0.809500 0.265000
vt 0.802800 0.264700
vt 0.808700 0.285500
vt 0.802000 0.285200
vt 0.807800 0.307600
vt 0.801100 0.307400
vt 0.806900 0.331500
vt 0.800200 0.331300
vt 0.334700 0.689900
vt 0.335500 0.668000
vt 0.340600 0.668000
vt 0.341400 0.689900
vt 0.341400 0.709200
vt 0.334700 0.709200
vt 0.341400 0.727400
vt 0.334700 0.727400
vt 0.341400 0.745700
vt 0.334700 0.745700
vt 0.341400 0.764800
vt 0.334700 0.764800
vt 0.341400 0.785300
vt 0.334700 0.785300
vt 0.341400 0.807500
vt 0.334700 0.807500
vt 0.341400 0.831400
vt 0.334700 0.831400
vt 0.831000 0.690000
vt 0.831900 0.668100
vt 0.836900 0.668100
vt 0.837700 0.690000
vt 0.837700 0.709400
vt 0.831000 0.709400
vt 0.837700 0.727500
vt 0.831000 0.727500
vt 0.837700 0.745800
vt 0.831000 0.745800
vt 0.837700 0.764900
vt 0.831000 0.764900
vt 0.837700 0.785400
vt 0.831000 0.785400
vt 0.837700 0.807600
vt 0.831000 0.807600
vt 0.837700 0.831500
vt 0.831000 0.831500
vt 0.285100 0.356700
vt 0.285900 0.334800
vt 0.291000 0.334800
vt 0.291800 0.356700
vt 0.291800 0.376000
vt 0.285100 0.376000
vt 0.291800 0.394200
vt 0.285100 0.394200
vt 0.291800 0.412400
vt 0.285100 0.412400
vt 0.291800 0.431500
vt 0.285100 0.431500
vt 0.291800 0.452100
vt 0.285100 0.452100
vt 0.291800 0.474300
vt 0.285100 0.474300
vt 0.291800 0.498200
vt 0.285100 0.498200
vt 0.269900 0.023200
vt 0.270700 0.001300
vt 0.275800 0.001300
vt 0.276600 0.023200
vt 0.276600 0.042500
vt 0.269900 0.042500
vt 0.276600 0.060700
vt 0.269900 0.060700
vt 0.276600 0.078900
vt 0.269900 0.078900
vt 0.276600 0.098100
vt 0.269900 0.098100
vt 0.276600 0.118600
vt 0.269900 0.118600
vt 0.276600 0.140800
vt 0.269900 0.140800
vt 0.276600 0.164700
vt 0.269900 0.164700
vt 0.220300 0.023200
vt 0.221100 0.001300
vt 0.226100 0.001300
vt 0.227000 0.023200
vt 0.227000 0.042500
vt 0.220300 0.042500
vt 0.227000 0.060700
vt 0.220300 0.060700
vt 0.227000 0.078900
vt 0.220300 0.078900
vt 0.227000 0.098100
vt 0.220300 0.098100
vt 0.227000 0.118600
vt 0.220300 0.118600
vt 0.227000 0.140800
vt 0.220300 0.140800
vt 0.227000 0.164700
vt 0.220300 0.164700
vt 0.319500 0.023200
vt 0.320300 0.001300
vt 0.325400 0.001300
vt 0.326200 0.023200
vt 0.326200 0.042500
vt 0.319500 0.042500
vt 0.326200 0.060700
vt 0.319500 0.060700
vt 0.326200 0.078900
vt 0.319500 0.078900
vt 0.326200 0.098100
vt 0.319500 0.098100
vt 0.326200 0.118600
vt 0.319500 0.118600
vt 0.326200 0.140800
vt 0.319500 0.140800
vt 0.326200 0.164700
vt 0.319500 0.164700
vt 0.790300 0.690000
vt 0.791100 0.668100
vt 0.796100 0.668100
vt 0.797000 0.690000
vt 0.797000 0.709400
vt 0.790300 0.709400
vt 0.797000 0.727500
vt 0.790300 0.727500
vt 0.797000 0.745800
vt 0.790300 0.745800
vt 0.797000 0.764900
vt 0.790300 0.764900
vt 0.797000 0.785400
vt 0.790300 0.785400
vt 0.797000 0.807600
vt 0.790300 0.807600
vt 0.797000 0.831500
vt 0.790300 0.831500
vt 0.790300 0.189900
vt 0.791900 0.168000
vt 0.797000 0.168200
vt 0.796900 0.190100
vt 0.796200 0.209400
vt 0.789500 0.209200
vt 0.795500 0.227600
vt 0.788800 0.227300
vt 0.794800 0.245800
vt 0.788100 0.245600
vt 0.794100 0.265000
vt 0.787400 0.264700
vt 0.793300 0.285500
vt 0.786600 0.285200
vt 0.792400 0.307600
vt 0.785700 0.307400
vt 0.791500 0.331500
vt 0.784800 0.331300
vt 0.744100 0.523400
vt 0.744900 0.501500
vt 0.749900 0.501500
vt 0.750800 0.523400
vt 0.750800 0.542700
vt 0.744100 0.542700
vt 0.750800 0.560900
vt 0.744100 0.560900
vt 0.750800 0.579100
vt 0.744100 0.579100
vt 0.750800 0.598300
vt 0.744100 0.598300
vt 0.750800 0.618800
vt 0.744100 0.618800
vt 0.750800 0.641000
vt 0.744100 0.641000
vt 0.750800 0.664900
vt 0.744100 0.664900
vt 0.076800 0.856500
vt 0.077600 0.834700
vt 0.082600 0.834700
vt 0.083500 0.856500
vt 0.083500 0.875900
vt 0.076800 0.875900
vt 0.083500 0.894100
vt 0.076800 0.894100
vt 0.083500 0.912300
vt 0.076800 0.912300
vt 0.083500 0.931400
vt 0.076800 0.931400
vt 0.083500 0.952000
vt 0.076800 0.952000
vt 0.083500 0.974100
vt 0.076800 0.974100
vt 0.083500 0.998100
vt 0.076800 0.998100
vt 0.759500 0.023100
vt 0.761100 0.001300
vt 0.766200 0.001500
vt 0.766100 0.023400
vt 0.765400 0.042700
vt 0.758700 0.042400
vt 0.764700 0.060900
vt 0.758000 0.060600
vt 0.764000 0.079100
vt 0.757300 0.078800
vt 0.763200 0.098200
vt 0.756600 0.098000
vt 0.762500 0.118700
vt 0.755800 0.118500
vt 0.761600 0.140900
vt 0.754900 0.140600
vt 0.760700 0.164800
vt 0.754000 0.164500
vt 0.304900 0.523300
vt 0.305800 0.501400
vt 0.310800 0.501400
vt 0.311600 0.523300
vt 0.311600 0.542600
vt 0.304900 0.542600
vt 0.311600 0.560800
vt 0.304900 0.560800
vt 0.311600 0.579000
vt 0.304900 0.579000
vt 0.311600 0.598200
vt 0.304900 0.598200
vt 0.311600 0.618700
vt 0.304900 0.618700
vt 0.311600 0.640900
vt 0.304900 0.640900
vt 0.311600 0.664800
vt 0.304900 0.664800
vt 0.908300 0.856500
vt 0.909100 0.834700
vt 0.914100 0.834700
vt 0.915000 0.856500
vt 0.915000 0.875900
vt 0.908300 0.875900
vt 0.915000 0.894100
vt 0.908300 0.894100
vt 0.915000 0.912300
vt 0.908300 0.912300
vt 0.915000 0.931400
vt 0.908300 0.931400
vt 0.915000 0.952000
vt 0.908300 0.952000
vt 0.915000 0.974100
vt 0.908300 0.974100
vt 0.915000 0.998100
vt 0.908300 0.998100
vt 0.066800 0.856500
vt 0.067700 0.834700
vt 0.072700 0.834700
vt 0.073500 0.856500
vt 0.073500 0.875900
vt 0.066800 0.875900
vt 0.073500 0.894100
vt 0.066800 0.894100
vt 0.073500 0.912300
vt 0.066800 0.912300
vt 0.073500 0.931400
vt 0.066800 0.931400
vt 0.073500 0.952000
vt 0.066800 0.952000
vt 0.073500 0.974100
vt 0.066800 0.974100
vt 0.073500 0.998100
vt 0.066800 0.998100
vt 0.944600 0.523400
vt 0.945400 0.501500
vt 0.950400 0.501500
vt 0.951300 0.523400
vt 0.951300 0.542700
vt 0.944600 0.542700
vt 0.951300 0.560900
vt 0.944600 0.560900
vt 0.951300 0.579100
vt 0.944600 0.579100
vt 0.951300 0.598300
vt 0.944600 0.598300
vt 0.951300 0.618800
vt 0.944600 0.618800
vt 0.951300 0.641000
vt 0.944600 0.641000
vt 0.951300 0.664900
vt 0.944600 0.664900
vt 0.096600 0.356700
vt 0.097400 0.334800
vt 0.102500 0.334800
vt 0.103300 0.356700
vt 0.103300 0.376000
vt 0.096600 0.376000
vt 0.103300 0.394200
vt 0.096600 0.394200
vt 0.103300 0.412400
vt 0.096600 0.412400
vt 0.103300 0.431500
vt 0.096600 0.431500
vt 0.103300 0.452100
vt 0.096600 0.452100
vt 0.103300 0.474200
vt 0.096600 0.474200
vt 0.103300 0.498200
vt 0.096600 0.498200
vt 0.384300 0.856500
vt 0.385200 0.834700
vt 0.390200 0.834700
vt 0.391000 0.856500
vt 0.391000 0.875900
vt 0.384300 0.875900
vt 0.391000 0.894100
vt 0.384300 0.894100
vt 0.391000 0.912300
vt 0.384300 0.912300
vt 0.391000 0.931400
vt 0.384300 0.931400
vt 0.391000 0.952000
vt 0.384300 0.952000
vt 0.391000 0.974100
vt 0.384300 0.974100
vt 0.391000 0.998100
vt 0.384300 0.998100
vt 0.908300 0.356700
vt 0.909100 0.334800
vt 0.914100 0.334800
vt 0.915000 0.356700
vt 0.915000 0.376000
vt 0.908300 0.376000
vt 0.915000 0.394200
vt 0.908300 0.394200
vt 0.915000 0.412400
vt 0.908300 0.412400
vt 0.915000 0.431500
vt 0.908300 0.431500
vt 0.914900 0.452100
vt 0.908300 0.452100
vt 0.914900 0.474300
vt 0.908300 0.474300
vt 0.914900 0.498200
vt 0.908300 0.498200
vt 0.800300 0.523400
vt 0.801100 0.501500
vt 0.806100 0.501500
vt 0.807000 0.523400
vt 0.807000 0.542700
vt 0.800300 0.542700
vt 0.807000 0.560900
vt 0.800300 0.560900
vt 0.807000 0.579100
vt 0.800300 0.579100
vt 0.807000 0.598300
vt 0.800300 0.598300
vt 0.807000 0.618800
vt 0.800300 0.618800
vt 0.807000 0.641000
vt 0.800300 0.641000
vt 0.807000 0.664900
vt 0.800300 0.664900
vt 0.339300 0.189900
vt 0.340100 0.168000
vt 0.345100 0.168000
vt 0.345900 0.189900
vt 0.345900 0.209200
vt 0.339300 0.209200
vt 0.345900 0.227400
vt 0.339300 0.227400
vt 0.345900 0.245700
vt 0.339300 0.245700
vt 0.345900 0.264800
vt 0.339300 0.264800
vt 0.345900 0.285300
vt 0.339300 0.285300
vt 0.345900 0.307500
vt 0.339300 0.307500
vt 0.345900 0.331400
vt 0.339200 0.331400
vt 0.359100 0.189900
vt 0.359900 0.168000
vt 0.365000 0.168000
vt 0.365800 0.189900
vt 0.365800 0.209200
vt 0.359100 0.209200
vt 0.365800 0.227400
vt 0.359100 0.227400
vt 0.365800 0.245700
vt 0.359100 0.245700
vt 0.365800 0.264800
vt 0.359100 0.264800
vt 0.365800 0.285300
vt 0.359100 0.285300
vt 0.365800 0.307500
vt 0.359100 0.307500
vt 0.365800 0.331400
vt 0.359100 0.331400
vt 0.369100 0.023200
vt 0.370000 0.001300
vt 0.375000 0.001300
vt 0.375800 0.023200
vt 0.375800 0.042500
vt 0.369100 0.042500
vt 0.375800 0.060700
vt 0.369100 0.060700
vt 0.375800 0.078900
vt 0.369100 0.078900
vt 0.375800 0.098100
vt 0.369100 0.098100
vt 0.375800 0.118600
vt 0.369100 0.118600
vt 0.375800 0.140800
vt 0.369100 0.140800
vt 0.375800 0.164700
vt 0.369100 0.164700
vt 0.289700 0.023200
vt 0.290600 0.001300
vt 0.295600 0.001300
vt 0.296400 0.023200
vt 0.296400 0.042500
vt 0.289700 0.042500
vt 0.296400 0.060700
vt 0.289700 0.060700
vt 0.296400 0.078900
vt 0.289700 0.078900
vt 0.296400 0.098100
vt 0.289700 0.098100
vt 0.296400 0.118600
vt 0.289700 0.118600
vt 0.296400 0.140800
vt 0.289700 0.140800
vt 0.296400 0.164700
vt 0.289700 0.164700
vt 0.991400 0.690000
vt 0.992200 0.668100
vt 0.997200 0.668100
vt 0.998100 0.690000
vt 0.998100 0.709300
vt 0.991400 0.709300
vt 0.998100 0.727500
vt 0.991400 0.727500
vt 0.998100 0.745800
vt 0.991400 0.745800
vt 0.998100 0.764900
vt 0.991400 0.764900
vt 0.998100 0.785400
vt 0.991400 0.785400
vt 0.998100 0.807600
vt 0.991400 0.807600
vt 0.998100 0.831500
vt 0.991400 0.831500
vt 0.225600 0.523300
vt 0.226400 0.501400
vt 0.231400 0.501400
vt 0.232300 0.523300
vt 0.232300 0.542600
vt 0.225600 0.542600
vt 0.232300 0.560800
vt 0.225600 0.560800
vt 0.232300 0.579000
vt 0.225600 0.579000
vt 0.232300 0.598200
vt 0.225600 0.598200
vt 0.232300 0.618700
vt 0.225600 0.618700
vt 0.232300 0.640900
vt 0.225600 0.640900
vt 0.232300 0.664800
vt 0.225600 0.664800
vt 0.898200 0.690000
vt 0.899100 0.668100
vt 0.904100 0.668100
vt 0.904900 0.690000
vt 0.904900 0.709400
vt 0.898200 0.709400
vt 0.904900 0.727500
vt 0.898200 0.727500
vt 0.904900 0.745800
vt 0.898200 0.745800
vt 0.904900 0.764900
vt 0.898200 0.764900
vt 0.904900 0.785400
vt 0.898200 0.785400
vt 0.904900 0.807600
vt 0.898200 0.807600
vt 0.904900 0.831500
vt 0.898200 0.831500
vt 0.759400 0.690000
vt 0.760300 0.668100
vt 0.765300 0.668100
vt 0.766100 0.690000
vt 0.766100 0.709400
vt 0.759400 0.709400
vt 0.766100 0.727500
vt 0.759400 0.727500
vt 0.766100 0.745800
vt 0.759400 0.745800
vt 0.766100 0.764900
vt 0.759400 0.764900
vt 0.766100 0.785400
vt 0.759400 0.785400
vt 0.766100 0.807600
vt 0.759400 0.807600
vt 0.766100 0.831500
vt 0.759400 0.831500
vt 0.882900 0.023100
vt 0.884600 0.001300
vt 0.889600 0.001500
vt 0.889600 0.023400
vt 0.888800 0.042700
vt 0.882100 0.042400
vt 0.888100 0.060900
vt 0.881400 0.060600
vt 0.887400 0.079100
vt 0.880700 0.078800
vt 0.886700 0.098200
vt 0.880000 0.098000
vt 0.885900 0.118700
vt 0.879200 0.118500
vt 0.885000 0.140900
vt 0.878300 0.140600
vt 0.884100 0.164800
vt 0.877400 0.164500
vt 0.636300 0.023100
vt 0.638000 0.001300
vt 0.643000 0.001500
vt 0.643000 0.023400
vt 0.642200 0.042700
vt 0.635500 0.042400
vt 0.641500 0.060900
vt 0.634800 0.060600
vt 0.640800 0.079100
vt 0.634100 0.078800
vt 0.640100 0.098200
vt 0.633400 0.098000
vt 0.639300 0.118700
vt 0.632600 0.118500
vt 0.638400 0.140900
vt 0.631800 0.140600
vt 0.637500 0.164800
vt 0.630800 0.164500
vt 0.295000 0.356700
vt 0.295900 0.334800
vt 0.300900 0.334800
vt 0.301700 0.356700
vt 0.301700 0.376000
vt 0.295000 0.376000
vt 0.301700 0.394200
vt 0.295000 0.394200
vt 0.301700 0.412400
vt 0.295000 0.412400
vt 0.301700 0.431500
vt 0.295000 0.431500
vt 0.301700 0.452100
vt 0.295000 0.452100
vt 0.301700 0.474300
vt 0.295000 0.474300
vt 0.301700 0.498200
vt 0.295000 0.498200
vt 0.083500 0.809500
vt 0.082600 0.831400
vt 0.077600 0.831400
vt 0.076800 0.809500
vt 0.076800 0.790200
vt 0.083500 0.790200
vt 0.076800 0.772000
vt 0.083500 0.772000
vt 0.076800 0.753800
vt 0.083500 0.753800
vt 0.076800 0.734700
vt 0.083500 0.734700
vt 0.076800 0.714100
vt 0.083500 0.714100
vt 0.076800 0.691900
vt 0.083500 0.691900
vt 0.076800 0.668000
vt 0.083500 0.668000
vt 0.043800 0.476300
vt 0.042900 0.498200
vt 0.037900 0.498200
vt 0.037100 0.476300
vt 0.037100 0.456900
vt 0.043800 0.456900
vt 0.037100 0.438800
vt 0.043800 0.438800
vt 0.037100 0.420500
vt 0.043800 0.420500
vt 0.037100 0.401400
vt 0.043800 0.401400
vt 0.037100 0.380900
vt 0.043800 0.380900
vt 0.037100 0.358700
vt 0.043800 0.358700
vt 0.037100 0.334800
vt 0.043800 0.334800
vt 0.595600 0.523300
vt 0.596400 0.501400
vt 0.601400 0.501400
vt 0.602300 0.523300
vt 0.602300 0.542600
vt 0.595600 0.542600
vt 0.602300 0.560800
vt 0.595600 0.560800
vt 0.602300 0.579000
vt 0.595600 0.579000
vt 0.602300 0.598200
vt 0.595600 0.598200
vt 0.602300 0.618700
vt 0.595600 0.618700
vt 0.602300 0.640900
vt 0.595600 0.640900
vt 0.602300 0.664800
vt 0.595600 0.664800
vt 0.334700 0.523300
vt 0.335600 0.501400
vt 0.340600 0.501400
vt 0.341400 0.523300
vt 0.341400 0.542600
vt 0.334700 0.542600
vt 0.341400 0.560800
vt 0.334700 0.560800
vt 0.341400 0.579000
vt 0.334700 0.579000
vt 0.341400 0.598200
vt 0.334700 0.598200
vt 0.341400 0.618700
vt 0.334700 0.618700
vt 0.341400 0.640900
vt 0.334700 0.640900
vt 0.341400 0.664800
vt 0.334700 0.664800
vt 0.299600 0.189900
vt 0.300400 0.168000
vt 0.305400 0.168000
vt 0.306300 0.189900
vt 0.306300 0.209200
vt 0.299600 0.209200
vt 0.306300 0.227400
vt 0.299600 0.227400
vt 0.306300 0.245700
vt 0.299600 0.245700
vt 0.306300 0.264800
vt 0.299600 0.264800
vt 0.306300 0.285300
vt 0.299600 0.285300
vt 0.306300 0.307500
vt 0.299600 0.307500
vt 0.306300 0.331400
vt 0.299600 0.331400
vt 0.275200 0.523300
vt 0.276000 0.501400
vt 0.281000 0.501400
vt 0.281900 0.523300
vt 0.281900 0.542600
vt 0.275200 0.542600
vt 0.281900 0.560800
vt 0.275200 0.560800
vt 0.281900 0.579000
vt 0.275200 0.579000
vt 0.281900 0.598200
vt 0.275200 0.598200
vt 0.281900 0.618700
vt 0.275200 0.618700
vt 0.281900 0.640900
vt 0.275200 0.640900
vt 0.281900 0.664800
vt 0.275200 0.664800
vt 0.349300 0.023200
vt 0.350100 0.001300
vt 0.355100 0.001300
vt 0.356000 0.023200
vt 0.356000 0.042500
vt 0.349300 0.042500
vt 0.356000 0.060700
vt 0.349300 0.060700
vt 0.356000 0.078900
vt 0.349300 0.078900
vt 0.356000 0.098100
vt 0.349300 0.098100
vt 0.356000 0.118600
vt 0.349300 0.118600
vt 0.356000 0.140800
vt 0.349300 0.140800
vt 0.356000 0.164700
vt 0.349300 0.164700
vt 0.329300 0.189900
vt 0.330200 0.168000
vt 0.335200 0.168000
vt 0.336000 0.189900
vt 0.336000 0.209200
vt 0.329300 0.209200
vt 0.336000 0.227400
vt 0.329300 0.227400
vt 0.336000 0.245700
vt 0.329300 0.245700
vt 0.336000 0.264800
vt 0.329300 0.264800
vt 0.336000 0.285300
vt 0.329300 0.285300
vt 0.336000 0.307500
vt 0.329300 0.307500
vt 0.336000 0.331400
vt 0.329300 0.331400
vt 0.275200 0.689900
vt 0.276000 0.668000
vt 0.281000 0.668000
vt 0.281900 0.689900
vt 0.281900 0.709200
vt 0.275200 0.709200
vt 0.281900 0.727400
vt 0.275200 0.727400
vt 0.281900 0.745700
vt 0.275200 0.745700
vt 0.281900 0.764800
vt 0.275200 0.764800
vt 0.281900 0.785300
vt 0.275200 0.785300
vt 0.281900 0.807500
vt 0.275200 0.807500
vt 0.281900 0.831400
vt 0.275200 0.831400
vt 0.309500 0.189900
vt 0.310300 0.168000
vt 0.315300 0.168000
vt 0.316200 0.189900
vt 0.316200 0.209200
vt 0.309500 0.209200
vt 0.316200 0.227400
vt 0.309500 0.227400
vt 0.316200 0.245700
vt 0.309500 0.245700
vt 0.316200 0.264800
vt 0.309500 0.264800
vt 0.316200 0.285300
vt 0.309500 0.285300
vt 0.316200 0.307500
vt 0.309500 0.307500
vt 0.316200 0.331400
vt 0.309500 0.331400
vt 0.822400 0.809600
vt 0.821600 0.831500
vt 0.816500 0.831500
vt 0.815700 0.809600
vt 0.815700 0.790300
vt 0.822400 0.790300
vt 0.815700 0.772100
vt 0.822400 0.772100
vt 0.815700 0.753900
vt 0.822400 0.753900
vt 0.815700 0.734800
vt 0.822400 0.734800
vt 0.815700 0.714200
vt 0.822400 0.714200
vt 0.815700 0.692000
vt 0.822400 0.692000
vt 0.815700 0.668100
vt 0.822400 0.668100
vt 0.048400 0.142800
vt 0.047600 0.164700
vt 0.042600 0.164700
vt 0.041700 0.142800
vt 0.041700 0.123500
vt 0.048400 0.123500
vt 0.041700 0.105300
vt 0.048400 0.105300
vt 0.041700 0.087100
vt 0.048400 0.087100
vt 0.041700 0.067900
vt 0.048400 0.067900
vt 0.041700 0.047400
vt 0.048400 0.047400
vt 0.041700 0.025200
vt 0.048400 0.025200
vt 0.041700 0.001300
vt 0.048400 0.001300
vt 0.581400 0.476300
vt 0.580600 0.498200
vt 0.575600 0.498200
vt 0.574700 0.476300
vt 0.574700 0.456900
vt 0.581400 0.457000
vt 0.574800 0.438800
vt 0.581400 0.438800
vt 0.574800 0.420500
vt 0.581500 0.420500
vt 0.574800 0.401400
vt 0.581500 0.401400
vt 0.574800 0.380900
vt 0.581500 0.380900
vt 0.574800 0.358700
vt 0.581500 0.358700
vt 0.574800 0.334800
vt 0.581500 0.334800
vt 0.714500 0.476400
vt 0.712800 0.498300
vt 0.707800 0.498100
vt 0.707800 0.476200
vt 0.708600 0.456900
vt 0.715300 0.457100
vt 0.709300 0.438700
vt 0.715900 0.439000
vt 0.710000 0.420500
vt 0.716600 0.420700
vt 0.710700 0.401300
vt 0.717400 0.401600
vt 0.711500 0.380800
vt 0.718200 0.381100
vt 0.712300 0.358700
vt 0.719000 0.358900
vt 0.713200 0.334800
vt 0.719900 0.335000
vt 0.465200 0.142800
vt 0.464300 0.164700
vt 0.459300 0.164700
vt 0.458500 0.142800
vt 0.458500 0.123500
vt 0.465200 0.123500
vt 0.458500 0.105300
vt 0.465200 0.105300
vt 0.458500 0.087100
vt 0.465200 0.087100
vt 0.458500 0.067900
vt 0.465200 0.067900
vt 0.458500 0.047400
vt 0.465200 0.047400
vt 0.458500 0.025200
vt 0.465200 0.025200
vt 0.458500 0.001300
vt 0.465200 0.001300
vt 0.455100 0.309500
vt 0.454300 0.331400
vt 0.449300 0.331400
vt 0.448400 0.309500
vt 0.448400 0.290200
vt 0.455100 0.290200
vt 0.448400 0.272000
vt 0.455100 0.272000
vt 0.448400 0.253800
vt 0.455100 0.253800
vt 0.448400 0.234700
vt 0.455100 0.234700
vt 0.448400 0.214100
vt 0.455100 0.214100
vt 0.448400 0.191900
vt 0.455100 0.191900
vt 0.448400 0.168000
vt 0.455100 0.168000
vt 0.007300 0.856500
vt 0.008200 0.834700
vt 0.013200 0.834700
vt 0.014000 0.856500
vt 0.014000 0.875900
vt 0.007300 0.875900
vt 0.014000 0.894100
vt 0.007300 0.894100
vt 0.014000 0.912300
vt 0.007300 0.912300
vt 0.014000 0.931400
vt 0.007300 0.931400
vt 0.014000 0.952000
vt 0.007300 0.952000
vt 0.014000 0.974100
vt 0.007300 0.974100
vt 0.014000 0.998100
vt 0.007300 0.998100
vt 0.713200 0.523400
vt 0.714100 0.501500
vt 0.719100 0.501500
vt 0.719900 0.523400
vt 0.719900 0.542700
vt 0.713200 0.542700
vt 0.719900 0.560900
vt 0.713200 0.560900
vt 0.719900 0.579100
vt 0.713200 0.579100
vt 0.719900 0.598300
vt 0.713200 0.598300
vt 0.719900 0.618800
vt 0.713200 0.618800
vt 0.719900 0.641000
vt 0.713200 0.641000
vt 0.719900 0.664900
vt 0.713200 0.664900
vt 0.415400 0.309500
vt 0.414600 0.331400
vt 0.409600 0.331400
vt 0.408700 0.309500
vt 0.408700 0.290200
vt 0.415400 0.290200
vt 0.408700 0.272000
vt 0.415400 0.272000
vt 0.408700 0.253800
vt 0.415400 0.253800
vt 0.408700 0.234700
vt 0.415400 0.234700
vt 0.408700 0.214100
vt 0.415400 0.214100
vt 0.408700 0.191900
vt 0.415400 0.191900
vt 0.408700 0.168000
vt 0.415400 0.168000
vt 0.081400 0.023200
vt 0.082200 0.001300
vt 0.087300 0.001300
vt 0.088100 0.023200
vt 0.088100 0.042500
vt 0.081400 0.042500
vt 0.088100 0.060700
vt 0.081400 0.060700
vt 0.088100 0.078900
vt 0.081400 0.078900
vt 0.088100 0.098100
vt 0.081400 0.098100
vt 0.088100 0.118600
vt 0.081400 0.118600
vt 0.088100 0.140800
vt 0.081400 0.140800
vt 0.088100 0.164700
vt 0.081400 0.164700
vt 0.374400 0.523300
vt 0.375200 0.501400
vt 0.380300 0.501400
vt 0.381100 0.523300
vt 0.381100 0.542600
vt 0.374400 0.542600
vt 0.381100 0.560800
vt 0.374400 0.560800
vt 0.381100 0.579000
vt 0.374400 0.579000
vt 0.381100 0.598200
vt 0.374400 0.598200
vt 0.381100 0.618700
vt 0.374400 0.618700
vt 0.381100 0.640900
vt 0.374400 0.640900
vt 0.381100 0.664800
vt 0.374400 0.664800
vt 0.170600 0.189900
vt 0.171400 0.168000
vt 0.176400 0.168000
vt 0.177300 0.189900
vt 0.177300 0.209200
vt 0.170600 0.209200
vt 0.177300 0.227400
vt 0.170600 0.227400
vt 0.177300 0.245700
vt 0.170600 0.245700
vt 0.177300 0.264800
vt 0.170600 0.264800
vt 0.177300 0.285300
vt 0.170600 0.285300
vt 0.177300 0.307500
vt 0.170600 0.307500
vt 0.177300 0.331400
vt 0.170600 0.331400
vt 0.574700 0.689900
vt 0.575600 0.668000
vt 0.580600 0.668000
vt 0.581400 0.689900
vt 0.581400 0.709200
vt 0.574700 0.709200
vt 0.581400 0.727400
vt 0.574700 0.727400
vt 0.581400 0.745700
vt 0.574700 0.745700
vt 0.581400 0.764800
vt 0.574700 0.764800
vt 0.581400 0.785300
vt 0.574700 0.785300
vt 0.581400 0.807500
vt 0.574700 0.807500
vt 0.581400 0.831400
vt 0.574700 0.831400
vt 0.250100 0.023200
vt 0.250900 0.001300
vt 0.255900 0.001300
vt 0.256700 0.023200
vt 0.256700 0.042500
vt 0.250100 0.042500
vt 0.256700 0.060700
vt 0.250100 0.060700
vt 0.256700 0.078900
vt 0.250100 0.078900
vt 0.256700 0.098100
vt 0.250100 0.098100
vt 0.256700 0.118600
vt 0.250100 0.118600
vt 0.256700 0.140800
vt 0.250100 0.140800
vt 0.256700 0.164700
vt 0.250100 0.164700
vt 0.056900 0.856500
vt 0.057800 0.834700
vt 0.062800 0.834700
vt 0.063600 0.856500
vt 0.063600 0.875900
vt 0.056900 0.875900
vt 0.063600 0.894100
vt 0.056900 0.894100
vt 0.063600 0.912300
vt 0.056900 0.912300
vt 0.063600 0.931400
vt 0.056900 0.931400
vt 0.063600 0.952000
vt 0.056900 0.952000
vt 0.063600 0.974100
vt 0.056900 0.974100
vt 0.063600 0.998100
vt 0.056900 0.998100
vt 0.615500 0.523300
vt 0.616300 0.501400
vt 0.621300 0.501400
vt 0.622200 0.523300
vt 0.622200 0.542600
vt 0.615500 0.542600
vt 0.622200 0.560800
vt 0.615500 0.560800
vt 0.622200 0.579000
vt 0.615500 0.579000
vt 0.622200 0.598200
vt 0.615500 0.598200
vt 0.622200 0.618700
vt 0.615500 0.618700
vt 0.622200 0.640900
vt 0.615500 0.640900
vt 0.622200 0.664800
vt 0.615500 0.664800
vt 0.898300 0.023100
vt 0.900000 0.001300
vt 0.905000 0.001500
vt 0.905000 0.023400
vt 0.904300 0.042700
vt 0.897600 0.042400
vt 0.903600 0.060900
vt 0.896900 0.060600
vt 0.902800 0.079100
vt 0.896200 0.078800
vt 0.902100 0.098200
vt 0.895400 0.098000
vt 0.901300 0.118700
vt 0.894600 0.118500
vt 0.900400 0.140900
vt 0.893700 0.140600
vt 0.899500 0.164800
vt 0.892800 0.164500
vt 0.929100 0.356700
vt 0.930000 0.334800
vt 0.935000 0.334800
vt 0.935800 0.356700
vt 0.935800 0.376000
vt 0.929100 0.376000
vt 0.935800 0.394200
vt 0.929100 0.394200
vt 0.935800 0.412400
vt 0.929100 0.412400
vt 0.935800 0.431500
vt 0.929100 0.431500
vt 0.935800 0.452100
vt 0.929100 0.452100
vt 0.935800 0.474300
vt 0.929100 0.474300
vt 0.935800 0.498200
vt 0.929100 0.498200
vt 0.463700 0.523300
vt 0.464600 0.501400
vt 0.469600 0.501400
vt 0.470400 0.523300
vt 0.470400 0.542600
vt 0.463700 0.542600
vt 0.470400 0.560800
vt 0.463700 0.560800
vt 0.470400 0.579000
vt 0.463700 0.579000
vt 0.470400 0.598200
vt 0.463700 0.598200
vt 0.470400 0.618700
vt 0.463700 0.618700
vt 0.470400 0.640900
vt 0.463700 0.640900
vt 0.470400 0.664800
vt 0.463800 0.664800
vt 0.014000 0.642900
vt 0.013200 0.664800
vt 0.008200 0.664800
vt 0.007300 0.642900
vt 0.007300 0.623600
vt 0.014000 0.623600
vt 0.007300 0.605400
vt 0.014000 0.605400
vt 0.007300 0.587200
vt 0.014000 0.587200
vt 0.007300 0.568000
vt 0.014000 0.568000
vt 0.007300 0.547500
vt 0.014000 0.547500
vt 0.007300 0.525300
vt 0.014000 0.525300
vt 0.007300 0.501400
vt 0.014000 0.501400
vt 0.391000 0.476300
vt 0.390200 0.498200
vt 0.385200 0.498200
vt 0.384300 0.476300
vt 0.384300 0.456900
vt 0.391000 0.456900
vt 0.384300 0.438800
vt 0.391000 0.438800
vt 0.384300 0.420500
vt 0.391000 0.420500
vt 0.384300 0.401400
vt 0.391000 0.401400
vt 0.384300 0.380900
vt 0.391000 0.380900
vt 0.384300 0.358700
vt 0.391000 0.358700
vt 0.384300 0.334800
vt 0.391000 0.334800
vt 0.566100 0.476300
vt 0.565200 0.498200
vt 0.560200 0.498200
vt 0.559400 0.476300
vt 0.559400 0.456900
vt 0.566100 0.456900
vt 0.559400 0.438800
vt 0.566100 0.438800
vt 0.559400 0.420500
vt 0.566100 0.420500
vt 0.559400 0.401400
vt 0.566100 0.401400
vt 0.559400 0.380900
vt 0.566100 0.380900
vt 0.559400 0.358700
vt 0.566100 0.358700
vt 0.559400 0.334800
vt 0.566100 0.334800
vt 0.620900 0.023100
vt 0.622600 0.001300
vt 0.627600 0.001500
vt 0.627600 0.023400
vt 0.626900 0.042700
vt 0.620200 0.042400
vt 0.626200 0.060900
vt 0.619500 0.060600
vt 0.625500 0.079100
vt 0.618800 0.078800
vt 0.624700 0.098200
vt 0.618000 0.098000
vt 0.623900 0.118700
vt 0.617200 0.118500
vt 0.623100 0.140900
vt 0.616400 0.140600
vt 0.622200 0.164800
vt 0.615500 0.164500
vt 0.976000 0.189900
vt 0.977700 0.168000
vt 0.982700 0.168200
vt 0.982700 0.190100
vt 0.981900 0.209400
vt 0.975200 0.209200
vt 0.981200 0.227600
vt 0.974500 0.227300
vt 0.980500 0.245800
vt 0.973800 0.245600
vt 0.979800 0.264900
vt 0.973100 0.264700
vt 0.979000 0.285500
vt 0.972300 0.285200
vt 0.978100 0.307600
vt 0.971500 0.307400
vt 0.977200 0.331500
vt 0.970500 0.331300
vt 0.354600 0.523300
vt 0.355400 0.501400
vt 0.360400 0.501400
vt 0.361300 0.523300
vt 0.361300 0.542600
vt 0.354600 0.542600
vt 0.361300 0.560800
vt 0.354600 0.560800
vt 0.361300 0.579000
vt 0.354600 0.579000
vt 0.361300 0.598200
vt 0.354600 0.598200
vt 0.361300 0.618700
vt 0.354600 0.618700
vt 0.361300 0.640900
vt 0.354600 0.640900
vt 0.361300 0.664800
vt 0.354600 0.664800
vt 0.434000 0.689900
vt 0.434800 0.668000
vt 0.439800 0.668000
vt 0.440700 0.689900
vt 0.440700 0.709200
vt 0.434000 0.709200
vt 0.440700 0.727400
vt 0.434000 0.727400
vt 0.440700 0.745700
vt 0.434000 0.745700
vt 0.440700 0.764800
vt 0.434000 0.764800
vt 0.440700 0.785300
vt 0.434000 0.785300
vt 0.440700 0.807500
vt 0.434000 0.807500
vt 0.440700 0.831400
vt 0.434000 0.831400
vt 0.245400 0.523300
vt 0.246300 0.501400
vt 0.251300 0.501400
vt 0.252100 0.523300
vt 0.252100 0.542600
vt 0.245400 0.542600
vt 0.252100 0.560800
vt 0.245400 0.560800
vt 0.252100 0.579000
vt 0.245400 0.579000
vt 0.252100 0.598200
vt 0.245400 0.598200
vt 0.252100 0.618700
vt 0.245400 0.618700
vt 0.252100 0.640900
vt 0.245400 0.640900
vt 0.252100 0.664800
vt 0.245400 0.664800
vt 0.503500 0.523300
vt 0.504300 0.501400
vt 0.509300 0.501400
vt 0.510200 0.523300
vt 0.510200 0.542600
vt 0.503500 0.542600
vt 0.510200 0.560800
vt 0.503500 0.560800
vt 0.510200 0.579000
vt 0.503500 0.579000
vt 0.510200 0.598200
vt 0.503500 0.598200
vt 0.510200 0.618700
vt 0.503500 0.618700
vt 0.510200 0.640900
vt 0.503500 0.640900
vt 0.510200 0.664800
vt 0.503500 0.664800
vt 0.918200 0.523300
vt 0.919000 0.501400
vt 0.924000 0.501400
vt 0.924900 0.523300
vt 0.924900 0.542600
vt 0.918200 0.542600
vt 0.924900 0.560800
vt 0.918200 0.560800
vt 0.924900 0.579000
vt 0.918200 0.579000
vt 0.924900 0.598200
vt 0.918200 0.598200
vt 0.924900 0.618700
vt 0.918200 0.618700
vt 0.924900 0.640900
vt 0.918200 0.640900
vt 0.924900 0.664800
vt 0.918200 0.664800
vt 0.533300 0.689900
vt 0.534100 0.668000
vt 0.539100 0.668000
vt 0.539900 0.689900
vt 0.539900 0.709200
vt 0.533300 0.709200
vt 0.539900 0.727400
vt 0.533300 0.727400
vt 0.539900 0.745700
vt 0.533300 0.745700
vt 0.539900 0.764800
vt 0.533300 0.764800
vt 0.539900 0.785300
vt 0.533300 0.785300
vt 0.539900 0.807500
vt 0.533300 0.807500
vt 0.539900 0.831400
vt 0.533300 0.831400
vt 0.285100 0.523300
vt 0.285900 0.501400
vt 0.291000 0.501400
vt 0.291800 0.523300
vt 0.291800 0.542600
vt 0.285100 0.542600
vt 0.291800 0.560800
vt 0.285100 0.560800
vt 0.291800 0.579000
vt 0.285100 0.579000
vt 0.291800 0.598200
vt 0.285100 0.598200
vt 0.291800 0.618700
vt 0.285100 0.618700
vt 0.291800 0.640900
vt 0.285100 0.640900
vt 0.291800 0.664800
vt 0.285100 0.664800
vt 0.867500 0.023100
vt 0.869100 0.001300
vt 0.874200 0.001500
vt 0.874100 0.023400
vt 0.873400 0.042700
vt 0.866700 0.042400
vt 0.872700 0.060900
vt 0.866000 0.060600
vt 0.872000 0.079100
vt 0.865300 0.078800
vt 0.871200 0.098200
vt 0.864500 0.098000
vt 0.870400 0.118700
vt 0.863700 0.118500
vt 0.869600 0.140900
vt 0.862900 0.140600
vt 0.868600 0.164800
vt 0.862000 0.164500
vt 0.759400 0.356600
vt 0.761100 0.334800
vt 0.766100 0.335000
vt 0.766100 0.356900
vt 0.765400 0.376200
vt 0.758700 0.375900
vt 0.764700 0.394300
vt 0.758000 0.394100
vt 0.764000 0.412600
vt 0.757300 0.412300
vt 0.763300 0.431700
vt 0.756600 0.431400
vt 0.762500 0.452200
vt 0.755800 0.452000
vt 0.761600 0.474400
vt 0.754900 0.474100
vt 0.760700 0.498300
vt 0.754000 0.498000
vt 0.898200 0.523400
vt 0.899100 0.501500
vt 0.904100 0.501500
vt 0.904900 0.523400
vt 0.904900 0.542700
vt 0.898200 0.542700
vt 0.904900 0.560900
vt 0.898200 0.560900
vt 0.904900 0.579100
vt 0.898200 0.579100
vt 0.904900 0.598300
vt 0.898200 0.598300
vt 0.904900 0.618800
vt 0.898200 0.618800
vt 0.904900 0.641000
vt 0.898200 0.641000
vt 0.904900 0.664900
vt 0.898200 0.664900
vt 0.304900 0.689900
vt 0.305800 0.668000
vt 0.310800 0.668000
vt 0.311600 0.689900
vt 0.311600 0.709200
vt 0.304900 0.709200
vt 0.311600 0.727400
vt 0.304900 0.727400
vt 0.311600 0.745700
vt 0.304900 0.745700
vt 0.311600 0.764800
vt 0.304900 0.764800
vt 0.311600 0.785300
vt 0.304900 0.785300
vt 0.311600 0.807500
vt 0.304900 0.807500
vt 0.311600 0.831400
vt 0.304900 0.831400
vt 0.960000 0.690000
vt 0.960800 0.668100
vt 0.965800 0.668100
vt 0.966700 0.690000
vt 0.966700 0.709400
vt 0.960000 0.709400
vt 0.966700 0.727500
vt 0.960000 0.727500
vt 0.966700 0.745800
vt 0.960000 0.745800
vt 0.966700 0.764900
vt 0.960000 0.764900
vt 0.966700 0.785400
vt 0.960000 0.785400
vt 0.966700 0.807600
vt 0.960000 0.807600
vt 0.966700 0.831500
vt 0.960000 0.831500
vt 0.245400 0.356700
vt 0.246300 0.334800
vt 0.251300 0.334800
vt 0.252100 0.356700
vt 0.252100 0.376000
vt 0.245400 0.376000
vt 0.252100 0.394200
vt 0.245400 0.394200
vt 0.252100 0.412400
vt 0.245400 0.412400
vt 0.252100 0.431500
vt 0.245400 0.431500
vt 0.252100 0.452100
vt 0.245400 0.452100
vt 0.252100 0.474200
vt 0.245400 0.474300
vt 0.252100 0.498200
vt 0.245400 0.498200
vt 0.190500 0.023200
vt 0.191400 0.001300
vt 0.196400 0.001300
vt 0.197200 0.023200
vt 0.197200 0.042500
vt 0.190500 0.042500
vt 0.197200 0.060700
vt 0.190500 0.060700
vt 0.197200 0.078900
vt 0.190500 0.078900
vt 0.197200 0.098100
vt 0.190500 0.098100
vt 0.197200 0.118600
vt 0.190500 0.118600
vt 0.197200 0.140800
vt 0.190500 0.140800
vt 0.197200 0.164700
vt 0.190500 0.164700
vt 0.473700 0.856500
vt 0.474500 0.834700
vt 0.479500 0.834700
vt 0.480400 0.856500
vt 0.480400 0.875900
vt 0.473700 0.875900
vt 0.480400 0.894100
vt 0.473700 0.894100
vt 0.480400 0.912300
vt 0.473700 0.912300
vt 0.480400 0.931400
vt 0.473700 0.931400
vt 0.480400 0.952000
vt 0.473700 0.952000
vt 0.480400 0.974100
vt 0.473700 0.974100
vt 0.480400 0.998100
vt 0.473700 0.998100
vt 0.150700 0.189900
vt 0.151600 0.168000
vt 0.156600 0.168000
vt 0.157400 0.189900
vt 0.157400 0.209200
vt 0.150700 0.209200
vt 0.157400 0.227400
vt 0.150700 0.227400
vt 0.157400 0.245700
vt 0.150700 0.245700
vt 0.157400 0.264800
vt 0.150700 0.264800
vt 0.157400 0.285300
vt 0.150700 0.285300
vt 0.157400 0.307500
vt 0.150700 0.307500
vt 0.157400 0.331400
vt 0.150700 0.331400
vt 0.101200 0.023200
vt 0.102100 0.001300
vt 0.107100 0.001300
vt 0.107900 0.023200
vt 0.107900 0.042500
vt 0.101200 0.042500
vt 0.107900 0.060700
vt 0.101200 0.060700
vt 0.107900 0.078900
vt 0.101200 0.078900
vt 0.107900 0.098100
vt 0.101200 0.098100
vt 0.107900 0.118600
vt 0.101200 0.118600
vt 0.107900 0.140800
vt 0.101200 0.140800
vt 0.107900 0.164700
vt 0.101200 0.164700
vt 0.453800 0.523300
vt 0.454700 0.501400
vt 0.459700 0.501400
vt 0.460500 0.523300
vt 0.460500 0.542600
vt 0.453800 0.542600
vt 0.460500 0.560800
vt 0.453800 0.560800
vt 0.460500 0.579000
vt 0.453800 0.579000
vt 0.460500 0.598200
vt 0.453800 0.598200
vt 0.460500 0.618700
vt 0.453800 0.618700
vt 0.460500 0.640900
vt 0.453800 0.640900
vt 0.460500 0.664800
vt 0.453800 0.664800
vt 0.590200 0.023100
vt 0.591800 0.001300
vt 0.596900 0.001500
vt 0.596900 0.023400
vt 0.596100 0.042700
vt 0.589400 0.042400
vt 0.595400 0.060900
vt 0.588700 0.060600
vt 0.594700 0.079100
vt 0.588000 0.078800
vt 0.594000 0.098200
vt 0.587300 0.098000
vt 0.593200 0.118700
vt 0.586500 0.118500
vt 0.592300 0.140900
vt 0.585600 0.140600
vt 0.591400 0.164800
vt 0.584700 0.164500
vt 0.176000 0.689900
vt 0.176800 0.668000
vt 0.181800 0.668000
vt 0.182700 0.689900
vt 0.182700 0.709200
vt 0.176000 0.709200
vt 0.182700 0.727400
vt 0.176000 0.727400
vt 0.182700 0.745700
vt 0.176000 0.745700
vt 0.182700 0.764800
vt 0.176000 0.764800
vt 0.182700 0.785300
vt 0.176000 0.785300
vt 0.182700 0.807500
vt 0.176000 0.807500
vt 0.182700 0.831400
vt 0.176000 0.831400
vt 0.544000 0.523300
vt 0.544900 0.501400
vt 0.549900 0.501400
vt 0.550700 0.523300
vt 0.550700 0.542600
vt 0.544000 0.542600
vt 0.550700 0.560800
vt 0.544000 0.560800
vt 0.550700 0.579000
vt 0.544000 0.579000
vt 0.550700 0.598200
vt 0.544000 0.598200
vt 0.550700 0.618700
vt 0.544000 0.618700
vt 0.550700 0.640900
vt 0.544000 0.640900
vt 0.550700 0.664800
vt 0.544000 0.664800
vt 0.671500 0.689900
vt 0.672400 0.668000
vt 0.677400 0.668000
vt 0.678200 0.689900
vt 0.678200 0.709200
vt 0.671500 0.709200
vt 0.678200 0.727400
vt 0.671500 0.727400
vt 0.678200 0.745700
vt 0.671500 0.745700
vt 0.678200 0.764800
vt 0.671500 0.764800
vt 0.678200 0.785300
vt 0.671500 0.785300
vt 0.678200 0.807500
vt 0.671500 0.807500
vt 0.678200 0.831400
vt 0.671500 0.831400
vt 0.473700 0.523300
vt 0.474500 0.501400
vt 0.479500 0.501400
vt 0.480400 0.523300
vt 0.480400 0.542600
vt 0.473700 0.542600
vt 0.480400 0.560800
vt 0.473700 0.560800
vt 0.480400 0.579000
vt 0.473700 0.579000
vt 0.480400 0.598200
vt 0.473700 0.598200
vt 0.480400 0.618700
vt 0.473700 0.618700
vt 0.480400 0.640900
vt 0.473700 0.640900
vt 0.480400 0.664800
vt 0.473700 0.664800
vt 0.394300 0.689900
vt 0.395100 0.668000
vt 0.400100 0.668000
vt 0.401000 0.689900
vt 0.401000 0.709200
vt 0.394300 0.709200
vt 0.401000 0.727400
vt 0.394300 0.727400
vt 0.401000 0.745700
vt 0.394300 0.745700
vt 0.401000 0.764800
vt 0.394300 0.764800
vt 0.401000 0.785300
vt 0.394300 0.785300
vt 0.401000 0.807500
vt 0.394300 0.807500
vt 0.401000 0.831400
vt 0.394300 0.831400
vt 0.944600 0.189900
vt 0.946300 0.168000
vt 0.951300 0.168200
vt 0.951300 0.190100
vt 0.950500 0.209400
vt 0.943800 0.209200
vt 0.949800 0.227600
vt 0.943100 0.227300
vt 0.949100 0.245800
vt 0.942400 0.245600
vt 0.948400 0.264900
vt 0.941700 0.264700
vt 0.947600 0.285500
vt 0.940900 0.285200
vt 0.946700 0.307600
vt 0.940000 0.307400
vt 0.945800 0.331500
vt 0.939100 0.331300
vt 0.605500 0.356700
vt 0.606400 0.334800
vt 0.611400 0.334800
vt 0.612200 0.356700
vt 0.612200 0.376000
vt 0.605500 0.376000
vt 0.612200 0.394200
vt 0.605500 0.394200
vt 0.612200 0.412400
vt 0.605500 0.412400
vt 0.612200 0.431500
vt 0.605500 0.431500
vt 0.612200 0.452100
vt 0.605500 0.452100
vt 0.612200 0.474300
vt 0.605500 0.474300
vt 0.612200 0.498200
vt 0.605500 0.498200
vt 0.453800 0.689900
vt 0.454700 0.668000
vt 0.459700 0.668000
vt 0.460500 0.689900
vt 0.460500 0.709200
vt 0.453800 0.709200
vt 0.460500 0.727400
vt 0.453800 0.727400
vt 0.460500 0.745700
vt 0.453800 0.745700
vt 0.460500 0.764800
vt 0.453800 0.764800
vt 0.460500 0.785300
vt 0.453800 0.785300
vt 0.460500 0.807500
vt 0.453800 0.807500
vt 0.460500 0.831400
vt 0.453800 0.831400
vt 0.800300 0.690000
vt 0.801100 0.668100
vt 0.806100 0.668100
vt 0.807000 0.690000
vt 0.807000 0.709400
vt 0.800300 0.709400
vt 0.807000 0.727500
vt 0.800300 0.727500
vt 0.807000 0.745800
vt 0.800300 0.745800
vt 0.807000 0.764900
vt 0.800300 0.764900
vt 0.807000 0.785400
vt 0.800300 0.785400
vt 0.807000 0.807600
vt 0.800300 0.807600
vt 0.807000 0.831500
vt 0.800300 0.831500
vt 0.991400 0.356600
vt 0.993000 0.334800
vt 0.998100 0.335000
vt 0.998100 0.356900
vt 0.997300 0.376200
vt 0.990600 0.375900
vt 0.996600 0.394300
vt 0.989900 0.394100
vt 0.995900 0.412600
vt 0.989200 0.412300
vt 0.995200 0.431700
vt 0.988500 0.431400
vt 0.994400 0.452200
vt 0.987700 0.452000
vt 0.993600 0.474400
vt 0.986900 0.474100
vt 0.992700 0.498300
vt 0.986000 0.498000
vt 0.882800 0.189900
vt 0.884500 0.168000
vt 0.889500 0.168200
vt 0.889500 0.190100
vt 0.888800 0.209400
vt 0.882100 0.209200
vt 0.888100 0.227600
vt 0.881400 0.227300
vt 0.887400 0.245800
vt 0.880700 0.245600
vt 0.886600 0.264900
vt 0.880000 0.264700
vt 0.885900 0.285500
vt 0.879200 0.285200
vt 0.885000 0.307600
vt 0.878300 0.307400
vt 0.884100 0.331500
vt 0.877400 0.331300
vt 0.086700 0.689900
vt 0.087500 0.668000
vt 0.092500 0.668000
vt 0.093400 0.689900
vt 0.093400 0.709200
vt 0.086700 0.709200
vt 0.093400 0.727400
vt 0.086700 0.727400
vt 0.093400 0.745700
vt 0.086700 0.745700
vt 0.093400 0.764800
vt 0.086700 0.764800
vt 0.093400 0.785300
vt 0.086700 0.785300
vt 0.093400 0.807500
vt 0.086700 0.807500
vt 0.093400 0.831400
vt 0.086700 0.831400
vt 0.160800 0.023200
vt 0.161600 0.001300
vt 0.166600 0.001300
vt 0.167500 0.023200
vt 0.167500 0.042500
vt 0.160800 0.042500
vt 0.167500 0.060700
vt 0.160800 0.060700
vt 0.167500 0.078900
vt 0.160800 0.078900
vt 0.167500 0.098100
vt 0.160800 0.098100
vt 0.167500 0.118600
vt 0.160800 0.118600
vt 0.167500 0.140800
vt 0.160800 0.140800
vt 0.167500 0.164700
vt 0.160800 0.164700
vt 0.304900 0.856500
vt 0.305800 0.834700
vt 0.310800 0.834700
vt 0.311600 0.856500
vt 0.311600 0.875900
vt 0.304900 0.875900
vt 0.311600 0.894100
vt 0.304900 0.894100
vt 0.311600 0.912300
vt 0.304900 0.912300
vt 0.311600 0.931400
vt 0.304900 0.931400
vt 0.311600 0.952000
vt 0.304900 0.952000
vt 0.311600 0.974100
vt 0.304900 0.974100
vt 0.311600 0.998100
vt 0.304900 0.998100
vt 0.728600 0.023100
vt 0.730300 0.001300
vt 0.735300 0.001500
vt 0.735300 0.023400
vt 0.734600 0.042700
vt 0.727900 0.042400
vt 0.733900 0.060900
vt 0.727200 0.060600
vt 0.733200 0.079100
vt 0.726500 0.078800
vt 0.732400 0.098200
vt 0.725700 0.098000
vt 0.731600 0.118700
vt 0.725000 0.118500
vt 0.730800 0.140900
vt 0.724100 0.140600
vt 0.729900 0.164800
vt 0.723200 0.164500
vt 0.867400 0.189900
vt 0.869100 0.168000
vt 0.874100 0.168200
vt 0.874100 0.190100
vt 0.873400 0.209400
vt 0.866700 0.209200
vt 0.872700 0.227600
vt 0.866000 0.227300
vt 0.871900 0.245800
vt 0.865300 0.245600
vt 0.871200 0.264900
vt 0.864500 0.264700
vt 0.870400 0.285500
vt 0.863700 0.285200
vt 0.869600 0.307600
vt 0.862900 0.307400
vt 0.868600 0.331500
vt 0.862000 0.331300
vt 0.384300 0.523300
vt 0.385200 0.501400
vt 0.390200 0.501400
vt 0.391000 0.523300
vt 0.391000 0.542600
vt 0.384300 0.542600
vt 0.391000 0.560800
vt 0.384300 0.560800
vt 0.391000 0.579000
vt 0.384300 0.579000
vt 0.391000 0.598200
vt 0.384300 0.598200
vt 0.391000 0.618700
vt 0.384300 0.618700
vt 0.391000 0.640900
vt 0.384300 0.640900
vt 0.391000 0.664800
vt 0.384300 0.664800
vt 0.146200 0.356700
vt 0.147000 0.334800
vt 0.152100 0.334800
vt 0.152900 0.356700
vt 0.152900 0.376000
vt 0.146200 0.376000
vt 0.152900 0.394200
vt 0.146200 0.394200
vt 0.152900 0.412400
vt 0.146200 0.412400
vt 0.152900 0.431500
vt 0.146200 0.431500
vt 0.152900 0.452100
vt 0.146200 0.452100
vt 0.152900 0.474200
vt 0.146200 0.474200
vt 0.152900 0.498200
vt 0.146200 0.498200
vt 0.780300 0.690000
vt 0.781200 0.668100
vt 0.786200 0.668100
vt 0.787000 0.690000
vt 0.787000 0.709400
vt 0.780300 0.709400
vt 0.787000 0.727500
vt 0.780300 0.727500
vt 0.787000 0.745800
vt 0.780300 0.745800
vt 0.787000 0.764900
vt 0.780300 0.764900
vt 0.787000 0.785400
vt 0.780300 0.785400
vt 0.787000 0.807600
vt 0.780300 0.807600
vt 0.787000 0.831500
vt 0.780300 0.831500
vt 0.545000 0.856500
vt 0.545800 0.834700
vt 0.550800 0.834700
vt 0.551700 0.856500
vt 0.551700 0.875900
vt 0.545000 0.875900
vt 0.551700 0.894100
vt 0.545000 0.894100
vt 0.551700 0.912300
vt 0.545000 0.912300
vt 0.551700 0.931400
vt 0.545000 0.931400
vt 0.551700 0.952000
vt 0.545000 0.952000
vt 0.551700 0.974100
vt 0.545000 0.974100
vt 0.551700 0.998100
vt 0.545000 0.998100
vt 0.661600 0.689900
vt 0.662400 0.668000
vt 0.667500 0.668000
vt 0.668300 0.689900
vt 0.668300 0.709200
vt 0.661600 0.709200
vt 0.668300 0.727400
vt 0.661600 0.727400
vt 0.668300 0.745700
vt 0.661600 0.745700
vt 0.668300 0.764800
vt 0.661600 0.764800
vt 0.668300 0.785300
vt 0.661600 0.785300
vt 0.668300 0.807500
vt 0.661600 0.807500
vt 0.668300 0.831400
vt 0.661600 0.831400
vt 0.852000 0.356600
vt 0.853700 0.334800
vt 0.858700 0.335000
vt 0.858700 0.356900
vt 0.858000 0.376200
vt 0.851300 0.375900
vt 0.857300 0.394300
vt 0.850600 0.394100
vt 0.856600 0.412600
vt 0.849900 0.412300
vt 0.855800 0.431700
vt 0.849100 0.431400
vt 0.855000 0.452200
vt 0.848400 0.452000
vt 0.854200 0.474400
vt 0.847500 0.474100
vt 0.853300 0.498300
vt 0.846600 0.498000
vt 0.584800 0.523300
vt 0.585600 0.501400
vt 0.590600 0.501400
vt 0.591500 0.523300
vt 0.591500 0.542600
vt 0.584800 0.542600
vt 0.591500 0.560800
vt 0.584800 0.560800
vt 0.591500 0.579000
vt 0.584800 0.579000
vt 0.591500 0.598200
vt 0.584800 0.598200
vt 0.591500 0.618700
vt 0.584800 0.618700
vt 0.591500 0.640900
vt 0.584800 0.640900
vt 0.591500 0.664800
vt 0.584800 0.664800
vt 0.156100 0.356700
vt 0.157000 0.334800
vt 0.162000 0.334800
vt 0.162800 0.356700
vt 0.162800 0.376000
vt 0.156100 0.376000
vt 0.162800 0.394200
vt 0.156100 0.394200
vt 0.162800 0.412400
vt 0.156100 0.412400
vt 0.162800 0.431500
vt 0.156100 0.431500
vt 0.162800 0.452100
vt 0.156100 0.452100
vt 0.162800 0.474200
vt 0.156100 0.474200
vt 0.162800 0.498200
vt 0.156100 0.498200
vt 0.140800 0.189900
vt 0.141700 0.168000
vt 0.146700 0.168000
vt 0.147500 0.189900
vt 0.147500 0.209200
vt 0.140800 0.209200
vt 0.147500 0.227400
vt 0.140800 0.227400
vt 0.147500 0.245700
vt 0.140800 0.245700
vt 0.147500 0.264800
vt 0.140800 0.264800
vt 0.147500 0.285300
vt 0.140800 0.285300
vt 0.147500 0.307500
vt 0.140800 0.307500
vt 0.147500 0.331400
vt 0.140800 0.331400
vt 0.240000 0.189900
vt 0.240900 0.168000
vt 0.245900 0.168000
vt 0.246700 0.189900
vt 0.246700 0.209200
vt 0.240000 0.209200
vt 0.246700 0.227400
vt 0.240000 0.227400
vt 0.246700 0.245700
vt 0.240000 0.245700
vt 0.246700 0.264800
vt 0.240000 0.264800
vt 0.246700 0.285300
vt 0.240000 0.285300
vt 0.246700 0.307500
vt 0.240000 0.307500
vt 0.246700 0.331400
vt 0.240000 0.331400
vt 0.126400 0.856600
vt 0.127200 0.834700
vt 0.132200 0.834700
vt 0.133100 0.856600
vt 0.133100 0.875900
vt 0.126400 0.875900
vt 0.133100 0.894100
vt 0.126400 0.894100
vt 0.133100 0.912300
vt 0.126400 0.912300
vt 0.133100 0.931400
vt 0.126400 0.931400
vt 0.133100 0.952000
vt 0.126400 0.952000
vt 0.133100 0.974100
vt 0.126400 0.974100
vt 0.133100 0.998100
vt 0.126400 0.998100
vt 0.713200 0.023100
vt 0.714900 0.001300
vt 0.719900 0.001500
vt 0.719900 0.023400
vt 0.719200 0.042700
vt 0.712500 0.042400
vt 0.718500 0.060900
vt 0.711800 0.060600
vt 0.717800 0.079100
vt 0.711100 0.078800
vt 0.717000 0.098200
vt 0.710300 0.098000
vt 0.716200 0.118700
vt 0.709600 0.118500
vt 0.715400 0.140900
vt 0.708700 0.140600
vt 0.714500 0.164800
vt 0.707800 0.164500
vt 0.130900 0.189900
vt 0.131700 0.168000
vt 0.136800 0.168000
vt 0.137600 0.189900
vt 0.137600 0.209200
vt 0.130900 0.209200
vt 0.137600 0.227400
vt 0.130900 0.227400
vt 0.137600 0.245700
vt 0.130900 0.245700
vt 0.137600 0.264800
vt 0.130900 0.264800
vt 0.137600 0.285300
vt 0.130900 0.285300
vt 0.137600 0.307500
vt 0.130900 0.307500
vt 0.137600 0.331400
vt 0.130900 0.331400
vt 0.574700 0.523300
vt 0.575600 0.501400
vt 0.580600 0.501400
vt 0.581400 0.523300
vt 0.581400 0.542600
vt 0.574700 0.542600
vt 0.581400 0.560800
vt 0.574700 0.560800
vt 0.581400 0.579000
vt 0.574700 0.579000
vt 0.581400 0.598200
vt 0.574700 0.598200
vt 0.581400 0.618700
vt 0.574700 0.618700
vt 0.581400 0.640900
vt 0.574700 0.640900
vt 0.581400 0.664800
vt 0.574700 0.664800
vt 0.846600 0.523400
vt 0.847400 0.501500
vt 0.852500 0.501500
vt 0.853300 0.523400
vt 0.853300 0.542700
vt 0.846600 0.542700
vt 0.853300 0.560900
vt 0.846600 0.560900
vt 0.853300 0.579100
vt 0.846600 0.579100
vt 0.853300 0.598300
vt 0.846600 0.598300
vt 0.853300 0.618800
vt 0.846600 0.618800
vt 0.853300 0.641000
vt 0.846600 0.641000
vt 0.853300 0.664900
vt 0.846600 0.664900
vt 0.121000 0.189900
vt 0.121800 0.168000
vt 0.126800 0.168000
vt 0.127700 0.189900
vt 0.127700 0.209200
vt 0.121000 0.209200
vt 0.127700 0.227400
vt 0.121000 0.227400
vt 0.127700 0.245700
vt 0.121000 0.245700
vt 0.127700 0.264800
vt 0.121000 0.264800
vt 0.127700 0.285300
vt 0.121000 0.285300
vt 0.127700 0.307500
vt 0.121000 0.307500
vt 0.127700 0.331400
vt 0.121000 0.331400
vt 0.463700 0.689900
vt 0.464600 0.668000
vt 0.469600 0.668000
vt 0.470400 0.689900
vt 0.470400 0.709200
vt 0.463700 0.709200
vt 0.470400 0.727400
vt 0.463700 0.727400
vt 0.470400 0.745700
vt 0.463700 0.745700
vt 0.470400 0.764800
vt 0.463700 0.764800
vt 0.470400 0.785300
vt 0.463700 0.785300
vt 0.470400 0.807500
vt 0.463700 0.807500
vt 0.470400 0.831400
vt 0.463700 0.831400
vt 0.667000 0.023100
vt 0.668700 0.001300
vt 0.673700 0.001500
vt 0.673700 0.023400
vt 0.673000 0.042700
vt 0.666300 0.042400
vt 0.672300 0.060900
vt 0.665600 0.060600
vt 0.671600 0.079100
vt 0.664900 0.078800
vt 0.670800 0.098200
vt 0.664200 0.098000
vt 0.670100 0.118700
vt 0.663400 0.118500
vt 0.669200 0.140900
vt 0.662500 0.140600
vt 0.668300 0.164800
vt 0.661600 0.164500
vt 0.769400 0.356700
vt 0.770300 0.334800
vt 0.775300 0.334800
vt 0.776100 0.356700
vt 0.776100 0.376000
vt 0.769400 0.376000
vt 0.776100 0.394200
vt 0.769400 0.394200
vt 0.776100 0.412400
vt 0.769400 0.412400
vt 0.776100 0.431500
vt 0.769400 0.431500
vt 0.776100 0.452100
vt 0.769400 0.452100
vt 0.776100 0.474300
vt 0.769400 0.474300
vt 0.776100 0.498200
vt 0.769400 0.498200
vt 0.235500 0.356700
vt 0.236300 0.334800
vt 0.241400 0.334800
vt 0.242200 0.356700
vt 0.242200 0.376000
vt 0.235500 0.376000
vt 0.242200 0.394200
vt 0.235500 0.394200
vt 0.242200 0.412400
vt 0.235500 0.412400
vt 0.242200 0.431500
vt 0.235500 0.431500
vt 0.242200 0.452100
vt 0.235500 0.452100
vt 0.242200 0.474200
vt 0.235500 0.474200
vt 0.242200 0.498200
vt 0.235500 0.498200
vt 0.661600 0.523300
vt 0.662400 0.501400
vt 0.667500 0.501400
vt 0.668300 0.523300
vt 0.668300 0.542600
vt 0.661600 0.542600
vt 0.668300 0.560800
vt 0.661600 0.560800
vt 0.668300 0.579000
vt 0.661600 0.579000
vt 0.668300 0.598200
vt 0.661600 0.598200
vt 0.668300 0.618700
vt 0.661600 0.618700
vt 0.668300 0.640900
vt 0.661600 0.640900
vt 0.668300 0.664800
vt 0.661600 0.664800
vt 0.068300 0.142800
vt 0.067400 0.164700
vt 0.062400 0.164700
vt 0.061600 0.142800
vt 0.061600 0.123500
vt 0.068200 0.123500
vt 0.061600 0.105300
vt 0.068300 0.105300
vt 0.061600 0.087100
vt 0.068200 0.087100
vt 0.061600 0.067900
vt 0.068200 0.067900
vt 0.061600 0.047400
vt 0.068200 0.047400
vt 0.061600 0.025200
vt 0.068200 0.025200
vt 0.061600 0.001300
vt 0.068200 0.001300
vt 0.364500 0.356700
vt 0.365300 0.334800
vt 0.370300 0.334800
vt 0.371200 0.356700
vt 0.371200 0.376000
vt 0.364500 0.376000
vt 0.371200 0.394200
vt 0.364500 0.394200
vt 0.371200 0.412400
vt 0.364500 0.412400
vt 0.371200 0.431500
vt 0.364500 0.431500
vt 0.371200 0.452100
vt 0.364500 0.452100
vt 0.371200 0.474300
vt 0.364500 0.474300
vt 0.371200 0.498200
vt 0.364500 0.498200
vt 0.908300 0.523300
vt 0.909100 0.501400
vt 0.914100 0.501400
vt 0.915000 0.523300
vt 0.915000 0.542600
vt 0.908300 0.542600
vt 0.915000 0.560800
vt 0.908300 0.560800
vt 0.915000 0.579000
vt 0.908300 0.579000
vt 0.915000 0.598200
vt 0.908300 0.598200
vt 0.915000 0.618700
vt 0.908300 0.618700
vt 0.915000 0.640900
vt 0.908300 0.640900
vt 0.915000 0.664800
vt 0.908300 0.664800
vt 0.490300 0.642900
vt 0.489500 0.664800
vt 0.484400 0.664800
vt 0.483600 0.642900
vt 0.483600 0.623600
vt 0.490300 0.623600
vt 0.483600 0.605400
vt 0.490300 0.605400
vt 0.483600 0.587200
vt 0.490300 0.587200
vt 0.483600 0.568000
vt 0.490300 0.568000
vt 0.483600 0.547500
vt 0.490300 0.547500
vt 0.483600 0.525300
vt 0.490300 0.525300
vt 0.483600 0.501400
vt 0.490300 0.501400
vt 0.504800 0.309500
vt 0.503900 0.331400
vt 0.498900 0.331400
vt 0.498100 0.309500
vt 0.498100 0.290200
vt 0.504800 0.290200
vt 0.498100 0.272000
vt 0.504800 0.272000
vt 0.498100 0.253800
vt 0.504800 0.253800
vt 0.498100 0.234700
vt 0.504800 0.234700
vt 0.498100 0.214100
vt 0.504800 0.214100
vt 0.498100 0.191900
vt 0.504800 0.191900
vt 0.498100 0.168000
vt 0.504800 0.168000
vt 0.544000 0.356700
vt 0.544900 0.334800
vt 0.549900 0.334800
vt 0.550700 0.356700
vt 0.550700 0.376000
vt 0.544000 0.376000
vt 0.550700 0.394200
vt 0.544000 0.394200
vt 0.550700 0.412400
vt 0.544000 0.412400
vt 0.550700 0.431500
vt 0.544000 0.431500
vt 0.550700 0.452100
vt 0.544000 0.452100
vt 0.550700 0.474300
vt 0.544000 0.474300
vt 0.550700 0.498200
vt 0.544000 0.498200
vt 0.205700 0.523300
vt 0.206600 0.501400
vt 0.211600 0.501400
vt 0.212400 0.523300
vt 0.212400 0.542600
vt 0.205700 0.542600
vt 0.212400 0.560800
vt 0.205700 0.560800
vt 0.212400 0.579000
vt 0.205700 0.579000
vt 0.212400 0.598200
vt 0.205700 0.598200
vt 0.212400 0.618700
vt 0.205700 0.618700
vt 0.212400 0.640900
vt 0.205700 0.640900
vt 0.212400 0.664800
vt 0.205700 0.664800
vt 0.384300 0.689900
vt 0.385200 0.668000
vt 0.390200 0.668000
vt 0.391000 0.689900
vt 0.391000 0.709200
vt 0.384300 0.709200
vt 0.391000 0.727400
vt 0.384300 0.727400
vt 0.391000 0.745700
vt 0.384300 0.745700
vt 0.391000 0.764800
vt 0.384300 0.764800
vt 0.391000 0.785300
vt 0.384300 0.785300
vt 0.391000 0.807500
vt 0.384300 0.807500
vt 0.391000 0.831400
vt 0.384300 0.831400
vt 0.314900 0.523300
vt 0.315700 0.501400
vt 0.320700 0.501400
vt 0.321600 0.523300
vt 0.321600 0.542600
vt 0.314900 0.542600
vt 0.321600 0.560800
vt 0.314900 0.560800
vt 0.321600 0.579000
vt 0.314900 0.579000
vt 0.321600 0.598200
vt 0.314900 0.598200
vt 0.321600 0.618700
vt 0.314900 0.618700
vt 0.321600 0.640900
vt 0.314900 0.640900
vt 0.321600 0.664800
vt 0.314900 0.664800
vt 0.255300 0.356700
vt 0.256200 0.334800
vt 0.261200 0.334800
vt 0.262000 0.356700
vt 0.262000 0.376000
vt 0.255300 0.376000
vt 0.262000 0.394200
vt 0.255300 0.394200
vt 0.262000 0.412400
vt 0.255300 0.412400
vt 0.262000 0.431500
vt 0.255300 0.431500
vt 0.262000 0.452100
vt 0.255300 0.452100
vt 0.262000 0.474200
vt 0.255300 0.474300
vt 0.262000 0.498200
vt 0.255300 0.498200
vt 0.265300 0.356700
vt 0.266100 0.334800
vt 0.271100 0.334800
vt 0.272000 0.356700
vt 0.272000 0.376000
vt 0.265300 0.376000
vt 0.272000 0.394200
vt 0.265300 0.394200
vt 0.272000 0.412400
vt 0.265300 0.412400
vt 0.272000 0.431500
vt 0.265300 0.431500
vt 0.272000 0.452100
vt 0.265300 0.452100
vt 0.272000 0.474300
vt 0.265300 0.474300
vt 0.272000 0.498200
vt 0.265300 0.498200
vt 0.975900 0.690000
vt 0.976800 0.668100
vt 0.981800 0.668100
vt 0.982600 0.690000
vt 0.982600 0.709400
vt 0.975900 0.709400
vt 0.982600 0.727500
vt 0.975900 0.727500
vt 0.982600 0.745800
vt 0.975900 0.745800
vt 0.982600 0.764900
vt 0.975900 0.764900
vt 0.982600 0.785400
vt 0.975900 0.785400
vt 0.982600 0.807600
vt 0.975900 0.807600
vt 0.982600 0.831500
vt 0.975900 0.831500
vt 0.113200 0.642900
vt 0.112400 0.664800
vt 0.107400 0.664800
vt 0.106500 0.642900
vt 0.106500 0.623600
vt 0.113200 0.623600
vt 0.106500 0.605400
vt 0.113200 0.605400
vt 0.106500 0.587200
vt 0.113200 0.587200
vt 0.106500 0.568000
vt 0.113200 0.568000
vt 0.106500 0.547500
vt 0.113200 0.547500
vt 0.106500 0.525300
vt 0.113200 0.525300
vt 0.106500 0.501400
vt 0.113200 0.501400
vt 0.490300 0.476300
vt 0.489500 0.498200
vt 0.484400 0.498200
vt 0.483600 0.476300
vt 0.483600 0.456900
vt 0.490300 0.456900
vt 0.483600 0.438800
vt 0.490300 0.438800
vt 0.483600 0.420500
vt 0.490300 0.420500
vt 0.483600 0.401400
vt 0.490300 0.401400
vt 0.483600 0.380900
vt 0.490300 0.380900
vt 0.483600 0.358700
vt 0.490300 0.358700
vt 0.483600 0.334800
vt 0.490300 0.334800
vt 0.483600 0.689900
vt 0.484400 0.668000
vt 0.489500 0.668000
vt 0.490300 0.689900
vt 0.490300 0.709200
vt 0.483600 0.709200
vt 0.490300 0.727400
vt 0.483600 0.727400
vt 0.490300 0.745700
vt 0.483600 0.745700
vt 0.490300 0.764800
vt 0.483600 0.764800
vt 0.490300 0.785300
vt 0.483600 0.785300
vt 0.490300 0.807500
vt 0.483600 0.807500
vt 0.490300 0.831400
vt 0.483600 0.831400
vt 0.831000 0.523400
vt 0.831900 0.501500
vt 0.836900 0.501500
vt 0.837700 0.523400
vt 0.837700 0.542700
vt 0.831000 0.542700
vt 0.837700 0.560900
vt 0.831000 0.560900
vt 0.837700 0.579100
vt 0.831000 0.579100
vt 0.837700 0.598300
vt 0.831000 0.598300
vt 0.837700 0.618800
vt 0.831000 0.618800
vt 0.837700 0.641000
vt 0.831000 0.641000
vt 0.837700 0.664900
vt 0.831000 0.664900
vt 0.098000 0.142800
vt 0.097200 0.164700
vt 0.092200 0.164700
vt 0.091300 0.142800
vt 0.091300 0.123500
vt 0.098000 0.123500
vt 0.091300 0.105300
vt 0.098000 0.105300
vt 0.091300 0.087100
vt 0.098000 0.087100
vt 0.091300 0.067900
vt 0.098000 0.067900
vt 0.091300 0.047400
vt 0.098000 0.047400
vt 0.091300 0.025200
vt 0.098000 0.025200
vt 0.091300 0.001300
vt 0.098000 0.001300
vt 0.699100 0.309700
vt 0.697400 0.331500
vt 0.692400 0.331300
vt 0.692400 0.309400
vt 0.693100 0.290100
vt 0.699800 0.290400
vt 0.693800 0.272000
vt 0.700500 0.272200
vt 0.694500 0.253700
vt 0.701200 0.254000
vt 0.695300 0.234600
vt 0.702000 0.234900
vt 0.696100 0.214100
vt 0.702700 0.214300
vt 0.696900 0.191900
vt 0.703600 0.192200
vt 0.697800 0.168000
vt 0.704500 0.168300
vt 0.760700 0.309700
vt 0.759000 0.331500
vt 0.754000 0.331300
vt 0.754000 0.309400
vt 0.754700 0.290100
vt 0.761400 0.290400
vt 0.755400 0.272000
vt 0.762100 0.272200
vt 0.756100 0.253700
vt 0.762800 0.254000
vt 0.756900 0.234600
vt 0.763600 0.234900
vt 0.757700 0.214100
vt 0.764400 0.214300
vt 0.758500 0.191900
vt 0.765200 0.192200
vt 0.759400 0.168000
vt 0.766100 0.168300
vt 0.992400 0.143000
vt 0.990700 0.164800
vt 0.985700 0.164600
vt 0.985700 0.142700
vt 0.986500 0.123400
vt 0.993200 0.123600
vt 0.987200 0.105200
vt 0.993900 0.105500
vt 0.988000 0.087000
vt 0.994600 0.087300
vt 0.988700 0.067900
vt 0.995400 0.068100
vt 0.989500 0.047300
vt 0.996200 0.047600
vt 0.990400 0.025200
vt 0.997100 0.025500
vt 0.991400 0.001300
vt 0.998100 0.001600
vt 0.714500 0.309700
vt 0.712800 0.331500
vt 0.707800 0.331300
vt 0.707800 0.309400
vt 0.708500 0.290100
vt 0.715200 0.290400
vt 0.709200 0.272000
vt 0.715900 0.272200
vt 0.709900 0.253700
vt 0.716600 0.254000
vt 0.710700 0.234600
vt 0.717400 0.234900
vt 0.711500 0.214100
vt 0.718100 0.214300
vt 0.712300 0.191900
vt 0.719000 0.192200
vt 0.713200 0.168000
vt 0.719900 0.168300
vt 0.113200 0.809500
vt 0.112400 0.831400
vt 0.107400 0.831400
vt 0.106500 0.809500
vt 0.106500 0.790200
vt 0.113200 0.790200
vt 0.106500 0.772000
vt 0.113200 0.772000
vt 0.106500 0.753800
vt 0.113200 0.753800
vt 0.106500 0.734700
vt 0.113200 0.734700
vt 0.106500 0.714100
vt 0.113200 0.714100
vt 0.106500 0.691900
vt 0.113200 0.691900
vt 0.106500 0.668000
vt 0.113200 0.668000
vt 0.622200 0.476300
vt 0.621300 0.498200
vt 0.616300 0.498200
vt 0.615500 0.476300
vt 0.615500 0.456900
vt 0.622200 0.456900
vt 0.615500 0.438800
vt 0.622200 0.438800
vt 0.615500 0.420500
vt 0.622200 0.420500
vt 0.615500 0.401400
vt 0.622200 0.401400
vt 0.615500 0.380900
vt 0.622200 0.380900
vt 0.615500 0.358700
vt 0.622200 0.358700
vt 0.615500 0.334800
vt 0.622200 0.334800
vt 0.093400 0.976200
vt 0.092500 0.998100
vt 0.087500 0.998100
vt 0.086700 0.976200
vt 0.086700 0.956800
vt 0.093400 0.956800
vt 0.086700 0.938700
vt 0.093400 0.938700
vt 0.086700 0.920400
vt 0.093400 0.920400
vt 0.086700 0.901300
vt 0.093400 0.901300
vt 0.086700 0.880700
vt 0.093400 0.880700
vt 0.086700 0.858600
vt 0.093400 0.858600
vt 0.086700 0.834700
vt 0.093400 0.834700
vt 0.301700 0.642900
vt 0.300900 0.664800
vt 0.295900 0.664800
vt 0.295000 0.642900
vt 0.295000 0.623600
vt 0.301700 0.623600
vt 0.295000 0.605400
vt 0.301700 0.605400
vt 0.295000 0.587200
vt 0.301700 0.587200
vt 0.295000 0.568000
vt 0.301700 0.568000
vt 0.295000 0.547500
vt 0.301700 0.547500
vt 0.295000 0.525300
vt 0.301700 0.525300
vt 0.295000 0.501400
vt 0.301700 0.501400
vt 0.385700 0.142800
vt 0.384900 0.164700
vt 0.379900 0.164700
vt 0.379000 0.142800
vt 0.379000 0.123500
vt 0.385700 0.123500
vt 0.379000 0.105300
vt 0.385700 0.105300
vt 0.379000 0.087100
vt 0.385700 0.087100
vt 0.379000 0.067900
vt 0.385700 0.067900
vt 0.379000 0.047400
vt 0.385700 0.047400
vt 0.379100 0.025200
vt 0.385700 0.025200
vt 0.379100 0.001300
vt 0.385700 0.001300
vt 0.494800 0.309500
vt 0.494000 0.331400
vt 0.489000 0.331400
vt 0.488100 0.309500
vt 0.488100 0.290200
vt 0.494800 0.290200
vt 0.488100 0.272000
vt 0.494800 0.272000
vt 0.488100 0.253800
vt 0.494800 0.253800
vt 0.488100 0.234700
vt 0.494800 0.234700
vt 0.488100 0.214100
vt 0.494800 0.214100
vt 0.488100 0.191900
vt 0.494800 0.191900
vt 0.488100 0.168000
vt 0.494800 0.168000
vt 0.063600 0.809500
vt 0.062800 0.831400
vt 0.057800 0.831400
vt 0.056900 0.809500
vt 0.056900 0.790200
vt 0.063600 0.790200
vt 0.056900 0.772000
vt 0.063600 0.772000
vt 0.056900 0.753800
vt 0.063600 0.753800
vt 0.056900 0.734700
vt 0.063600 0.734700
vt 0.056900 0.714100
vt 0.063600 0.714100
vt 0.056900 0.691900
vt 0.063600 0.691900
vt 0.056900 0.668000
vt 0.063600 0.668000
vt 0.385600 0.309500
vt 0.384800 0.331400
vt 0.379800 0.331400
vt 0.378900 0.309500
vt 0.378900 0.290200
vt 0.385600 0.290200
vt 0.379000 0.272000
vt 0.385600 0.272000
vt 0.379000 0.253800
vt 0.385600 0.253800
vt 0.379000 0.234700
vt 0.385600 0.234700
vt 0.379000 0.214100
vt 0.385600 0.214100
vt 0.379000 0.191900
vt 0.385600 0.191900
vt 0.379000 0.168000
vt 0.385600 0.168000
vt 0.435300 0.309500
vt 0.434400 0.331400
vt 0.429400 0.331400
vt 0.428600 0.309500
vt 0.428600 0.290200
vt 0.435300 0.290200
vt 0.428600 0.272000
vt 0.435300 0.272000
vt 0.428600 0.253800
vt 0.435300 0.253800
vt 0.428600 0.234700
vt 0.435300 0.234700
vt 0.428600 0.214100
vt 0.435300 0.214100
vt 0.428600 0.191900
vt 0.435300 0.191900
vt 0.428600 0.168000
vt 0.435300 0.168000
vt 0.073500 0.809500
vt 0.072700 0.831400
vt 0.067700 0.831400
vt 0.066800 0.809500
vt 0.066800 0.790200
vt 0.073500 0.790200
vt 0.066800 0.772000
vt 0.073500 0.772000
vt 0.066800 0.753800
vt 0.073500 0.753800
vt 0.066800 0.734700
vt 0.073500 0.734700
vt 0.066800 0.714100
vt 0.073500 0.714100
vt 0.066800 0.691900
vt 0.073500 0.691900
vt 0.066800 0.668000
vt 0.073500 0.668000
vt 0.097900 0.309500
vt 0.097100 0.331400
vt 0.092100 0.331400
vt 0.091200 0.309500
vt 0.091200 0.290200
vt 0.097900 0.290200
vt 0.091200 0.272000
vt 0.097900 0.272000
vt 0.091200 0.253800
vt 0.097900 0.253800
vt 0.091200 0.234700
vt 0.097900 0.234700
vt 0.091200 0.214100
vt 0.097900 0.214100
vt 0.091200 0.191900
vt 0.097900 0.191900
vt 0.091200 0.168000
vt 0.097900 0.168000
vt 0.514800 0.143000
vt 0.513100 0.164800
vt 0.508100 0.164600
vt 0.508100 0.142700
vt 0.508800 0.123400
vt 0.515500 0.123600
vt 0.509500 0.105200
vt 0.516200 0.105500
vt 0.510200 0.087000
vt 0.516900 0.087300
vt 0.511000 0.067900
vt 0.517600 0.068100
vt 0.511700 0.047300
vt 0.518400 0.047600
vt 0.512600 0.025200
vt 0.519300 0.025400
vt 0.513500 0.001300
vt 0.520200 0.001500
vt 0.470400 0.476300
vt 0.469600 0.498200
vt 0.464600 0.498200
vt 0.463700 0.476300
vt 0.463700 0.456900
vt 0.470400 0.456900
vt 0.463700 0.438800
vt 0.470400 0.438800
vt 0.463700 0.420500
vt 0.470400 0.420500
vt 0.463700 0.401400
vt 0.470400 0.401400
vt 0.463700 0.380900
vt 0.470400 0.380900
vt 0.463700 0.358700
vt 0.470400 0.358700
vt 0.463800 0.334800
vt 0.470400 0.334800
vt 0.605500 0.689900
vt 0.606300 0.668000
vt 0.611400 0.668000
vt 0.612200 0.689900
vt 0.612200 0.709200
vt 0.605500 0.709200
vt 0.612200 0.727400
vt 0.605500 0.727400
vt 0.612200 0.745700
vt 0.605500 0.745700
vt 0.612200 0.764800
vt 0.605500 0.764800
vt 0.612200 0.785300
vt 0.605500 0.785300
vt 0.612200 0.807500
vt 0.605500 0.807500
vt 0.612200 0.831400
vt 0.605500 0.831400
vt 0.289600 0.189900
vt 0.290500 0.168000
vt 0.295500 0.168000
vt 0.296300 0.189900
vt 0.296300 0.209200
vt 0.289600 0.209200
vt 0.296300 0.227400
vt 0.289600 0.227400
vt 0.296300 0.245700
vt 0.289600 0.245700
vt 0.296300 0.264800
vt 0.289600 0.264800
vt 0.296300 0.285300
vt 0.289600 0.285300
vt 0.296300 0.307500
vt 0.289600 0.307500
vt 0.296300 0.331400
vt 0.289600 0.331400
vt 0.544000 0.689900
vt 0.544900 0.668000
vt 0.549900 0.668000
vt 0.550700 0.689900
vt 0.550700 0.709200
vt 0.544000 0.709200
vt 0.550700 0.727400
vt 0.544000 0.727400
vt 0.550700 0.745700
vt 0.544000 0.745700
vt 0.550700 0.764800
vt 0.544000 0.764800
vt 0.550700 0.785300
vt 0.544000 0.785300
vt 0.550700 0.807500
vt 0.544000 0.807500
vt 0.550700 0.831400
vt 0.544000 0.831400
vt 0.630900 0.523400
vt 0.631700 0.501500
vt 0.636800 0.501500
vt 0.637600 0.523400
vt 0.637600 0.542700
vt 0.630900 0.542700
vt 0.637600 0.560900
vt 0.630900 0.560900
vt 0.637600 0.579100
vt 0.630900 0.579100
vt 0.637600 0.598300
vt 0.630900 0.598300
vt 0.637600 0.618800
vt 0.630900 0.618800
vt 0.637600 0.641000
vt 0.630900 0.641000
vt 0.637600 0.664900
vt 0.630900 0.664900
vt 0.329400 0.023200
vt 0.330300 0.001300
vt 0.335300 0.001300
vt 0.336100 0.023200
vt 0.336100 0.042500
vt 0.329400 0.042500
vt 0.336100 0.060700
vt 0.329400 0.060700
vt 0.336100 0.078900
vt 0.329400 0.078900
vt 0.336100 0.098100
vt 0.329400 0.098100
vt 0.336100 0.118600
vt 0.329400 0.118600
vt 0.336100 0.140800
vt 0.329400 0.140800
vt 0.336100 0.164700
vt 0.329400 0.164700
vt 0.503500 0.689900
vt 0.504300 0.668000
vt 0.509300 0.668000
vt 0.510100 0.689900
vt 0.510100 0.709200
vt 0.503500 0.709200
vt 0.510100 0.727400
vt 0.503500 0.727400
vt 0.510100 0.745700
vt 0.503500 0.745700
vt 0.510100 0.764800
vt 0.503500 0.764800
vt 0.510100 0.785300
vt 0.503500 0.785300
vt 0.510100 0.807500
vt 0.503500 0.807500
vt 0.510100 0.831400
vt 0.503500 0.831400
vt 0.641700 0.523400
vt 0.642500 0.501500
vt 0.647500 0.501500
vt 0.648400 0.523400
vt 0.648400 0.542700
vt 0.641700 0.542700
vt 0.648400 0.560900
vt 0.641700 0.560900
vt 0.648400 0.579100
vt 0.641700 0.579100
vt 0.648400 0.598300
vt 0.641700 0.598300
vt 0.648400 0.618800
vt 0.641700 0.618800
vt 0.648400 0.641000
vt 0.641700 0.641000
vt 0.648400 0.664900
vt 0.641700 0.664900
vt 0.245400 0.689900
vt 0.246300 0.668000
vt 0.251300 0.668000
vt 0.252100 0.689900
vt 0.252100 0.709200
vt 0.245400 0.709200
vt 0.252100 0.727400
vt 0.245400 0.727400
vt 0.252100 0.745700
vt 0.245400 0.745700
vt 0.252100 0.764800
vt 0.245400 0.764800
vt 0.252100 0.785300
vt 0.245400 0.785300
vt 0.252100 0.807500
vt 0.245400 0.807500
vt 0.252100 0.831400
vt 0.245400 0.831400
vt 0.651700 0.023100
vt 0.653300 0.001300
vt 0.658400 0.001500
vt 0.658400 0.023400
vt 0.657600 0.042700
vt 0.650900 0.042400
vt 0.656900 0.060900
vt 0.650200 0.060600
vt 0.656200 0.079100
vt 0.649500 0.078800
vt 0.655500 0.098200
vt 0.648800 0.098000
vt 0.654700 0.118700
vt 0.648000 0.118500
vt 0.653800 0.140900
vt 0.647100 0.140600
vt 0.652900 0.164800
vt 0.646200 0.164500
vt 0.554900 0.689900
vt 0.555700 0.668000
vt 0.560800 0.668000
vt 0.561600 0.689900
vt 0.561600 0.709200
vt 0.554900 0.709200
vt 0.561600 0.727400
vt 0.554900 0.727400
vt 0.561600 0.745700
vt 0.554900 0.745700
vt 0.561600 0.764800
vt 0.554900 0.764800
vt 0.561600 0.785300
vt 0.554900 0.785300
vt 0.561600 0.807500
vt 0.554900 0.807500
vt 0.561600 0.831400
vt 0.554900 0.831400
vt 0.374400 0.689900
vt 0.375200 0.668000
vt 0.380300 0.668000
vt 0.381100 0.689900
vt 0.381100 0.709200
vt 0.374400 0.709200
vt 0.381100 0.727400
vt 0.374400 0.727400
vt 0.381100 0.745700
vt 0.374400 0.745700
vt 0.381100 0.764800
vt 0.374400 0.764800
vt 0.381100 0.785300
vt 0.374400 0.785300
vt 0.381100 0.807500
vt 0.374400 0.807500
vt 0.381100 0.831400
vt 0.374400 0.831400
vt 0.166000 0.689900
vt 0.166900 0.668000
vt 0.171900 0.668000
vt 0.172700 0.689900
vt 0.172700 0.709200
vt 0.166000 0.709200
vt 0.172700 0.727400
vt 0.166000 0.727400
vt 0.172700 0.745700
vt 0.166000 0.745700
vt 0.172700 0.764800
vt 0.166000 0.764800
vt 0.172700 0.785300
vt 0.166000 0.785300
vt 0.172700 0.807500
vt 0.166000 0.807500
vt 0.172700 0.831400
vt 0.166000 0.831400
vt 0.195800 0.356700
vt 0.196600 0.334800
vt 0.201700 0.334800
vt 0.202500 0.356700
vt 0.202500 0.376000
vt 0.195800 0.376000
vt 0.202500 0.394200
vt 0.195800 0.394200
vt 0.202500 0.412400
vt 0.195800 0.412400
vt 0.202500 0.431500
vt 0.195800 0.431500
vt 0.202500 0.452100
vt 0.195800 0.452100
vt 0.202500 0.474200
vt 0.195800 0.474200
vt 0.202500 0.498200
vt 0.195800 0.498200
vt 0.324800 0.356700
vt 0.325600 0.334800
vt 0.330600 0.334800
vt 0.331500 0.356700
vt 0.331500 0.376000
vt 0.324800 0.376000
vt 0.331500 0.394200
vt 0.324800 0.394200
vt 0.331500 0.412400
vt 0.324800 0.412400
vt 0.331500 0.431500
vt 0.324800 0.431500
vt 0.331500 0.452100
vt 0.324800 0.452100
vt 0.331500 0.474300
vt 0.324800 0.474300
vt 0.331500 0.498200
vt 0.324800 0.498200
vt 0.697800 0.356600
vt 0.699400 0.334800
vt 0.704500 0.335000
vt 0.704500 0.356900
vt 0.703700 0.376200
vt 0.697000 0.375900
vt 0.703000 0.394300
vt 0.696300 0.394100
vt 0.702300 0.412600
vt 0.695600 0.412300
vt 0.701600 0.431700
vt 0.694900 0.431400
vt 0.700800 0.452200
vt 0.694100 0.452000
vt 0.700000 0.474400
vt 0.693300 0.474100
vt 0.699100 0.498300
vt 0.692400 0.498000
vt 0.821100 0.356600
vt 0.822800 0.334800
vt 0.827800 0.335000
vt 0.827800 0.356900
vt 0.827100 0.376200
vt 0.820400 0.375900
vt 0.826400 0.394300
vt 0.819700 0.394100
vt 0.825700 0.412600
vt 0.819000 0.412300
vt 0.824900 0.431700
vt 0.818300 0.431400
vt 0.824200 0.452200
vt 0.817500 0.452000
vt 0.823300 0.474400
vt 0.816600 0.474100
vt 0.822400 0.498300
vt 0.815700 0.498000
vt 0.821100 0.189900
vt 0.822800 0.168000
vt 0.827800 0.168200
vt 0.827800 0.190100
vt 0.827100 0.209400
vt 0.820400 0.209200
vt 0.826400 0.227600
vt 0.819700 0.227300
vt 0.825600 0.245800
vt 0.819000 0.245600
vt 0.824900 0.265000
vt 0.818200 0.264700
vt 0.824100 0.285500
vt 0.817400 0.285200
vt 0.823300 0.307600
vt 0.816600 0.307400
vt 0.822300 0.331500
vt 0.815700 0.331300
vt 0.960200 0.023100
vt 0.961900 0.001300
vt 0.966900 0.001500
vt 0.966800 0.023400
vt 0.966100 0.042700
vt 0.959400 0.042400
vt 0.965400 0.060900
vt 0.958700 0.060600
vt 0.964700 0.079100
vt 0.958000 0.078800
vt 0.963900 0.098200
vt 0.957200 0.098000
vt 0.963100 0.118700
vt 0.956400 0.118500
vt 0.962200 0.140900
vt 0.955500 0.140600
vt 0.961300 0.164800
vt 0.954600 0.164500
vt 0.513400 0.523300
vt 0.514200 0.501400
vt 0.519300 0.501400
vt 0.520100 0.523300
vt 0.520100 0.542600
vt 0.513400 0.542600
vt 0.520100 0.560800
vt 0.513400 0.560800
vt 0.520100 0.579000
vt 0.513400 0.579000
vt 0.520100 0.598200
vt 0.513400 0.598200
vt 0.520100 0.618700
vt 0.513400 0.618700
vt 0.520100 0.640900
vt 0.513400 0.640900
vt 0.520100 0.664800
vt 0.513400 0.664800
vt 0.852000 0.023100
vt 0.853700 0.001300
vt 0.858700 0.001500
vt 0.858700 0.023400
vt 0.858000 0.042700
vt 0.851300 0.042400
vt 0.857300 0.060900
vt 0.850600 0.060600
vt 0.856500 0.079100
vt 0.849900 0.078800
vt 0.855800 0.098200
vt 0.849100 0.098000
vt 0.855000 0.118700
vt 0.848300 0.118500
vt 0.854100 0.140900
vt 0.847400 0.140600
vt 0.853200 0.164800
vt 0.846500 0.164500
vt 0.215700 0.356700
vt 0.216500 0.334800
vt 0.221500 0.334800
vt 0.222300 0.356700
vt 0.222300 0.376000
vt 0.215700 0.376000
vt 0.222300 0.394200
vt 0.215700 0.394200
vt 0.222300 0.412400
vt 0.215700 0.412400
vt 0.222300 0.431500
vt 0.215700 0.431500
vt 0.222300 0.452100
vt 0.215700 0.452100
vt 0.222300 0.474200
vt 0.215700 0.474200
vt 0.222300 0.498200
vt 0.215700 0.498200
vt 0.166000 0.523300
vt 0.166900 0.501400
vt 0.171900 0.501400
vt 0.172700 0.523300
vt 0.172700 0.542600
vt 0.166000 0.542600
vt 0.172700 0.560800
vt 0.166000 0.560800
vt 0.172700 0.579000
vt 0.166000 0.579000
vt 0.172700 0.598200
vt 0.166000 0.598200
vt 0.172700 0.618700
vt 0.166000 0.618700
vt 0.172700 0.640900
vt 0.166000 0.640900
vt 0.172700 0.664800
vt 0.166000 0.664800
vt 0.354600 0.689900
vt 0.355400 0.668000
vt 0.360400 0.668000
vt 0.361300 0.689900
vt 0.361300 0.709200
vt 0.354600 0.709200
vt 0.361300 0.727400
vt 0.354600 0.727400
vt 0.361300 0.745700
vt 0.354600 0.745700
vt 0.361300 0.764800
vt 0.354600 0.764800
vt 0.361300 0.785300
vt 0.354600 0.785300
vt 0.361300 0.807500
vt 0.354600 0.807500
vt 0.361300 0.831400
vt 0.354600 0.831400
vt 0.513400 0.689900
vt 0.514200 0.668000
vt 0.519300 0.668000
vt 0.520100 0.689900
vt 0.520100 0.709200
vt 0.513400 0.709200
vt 0.520100 0.727400
vt 0.513400 0.727400
vt 0.520100 0.745700
vt 0.513400 0.745700
vt 0.520100 0.764800
vt 0.513400 0.764800
vt 0.520100 0.785300
vt 0.513400 0.785300
vt 0.520100 0.807500
vt 0.513400 0.807500
vt 0.520100 0.831400
vt 0.513400 0.831400
vt 0.265300 0.689900
vt 0.266100 0.668000
vt 0.271100 0.668000
vt 0.272000 0.689900
vt 0.272000 0.709200
vt 0.265300 0.709200
vt 0.272000 0.727400
vt 0.265300 0.727400
vt 0.272000 0.745700
vt 0.265300 0.745700
vt 0.272000 0.764800
vt 0.265300 0.764800
vt 0.272000 0.785300
vt 0.265300 0.785300
vt 0.272000 0.807500
vt 0.265300 0.807500
vt 0.272000 0.831400
vt 0.265300 0.831400
vt 0.975900 0.523400
vt 0.976800 0.501500
vt 0.981800 0.501500
vt 0.982600 0.523400
vt 0.982600 0.542700
vt 0.975900 0.542700
vt 0.982600 0.560900
vt 0.975900 0.560900
vt 0.982600 0.579100
vt 0.975900 0.579100
vt 0.982600 0.598300
vt 0.975900 0.598300
vt 0.982600 0.618800
vt 0.975900 0.618800
vt 0.982600 0.641000
vt 0.975900 0.641000
vt 0.982600 0.664900
vt 0.975900 0.664900
vt 0.590200 0.189900
vt 0.591800 0.168000
vt 0.596900 0.168200
vt 0.596900 0.190100
vt 0.596100 0.209400
vt 0.589400 0.209200
vt 0.595400 0.227600
vt 0.588700 0.227300
vt 0.594700 0.245800
vt 0.588000 0.245600
vt 0.594000 0.265000
vt 0.587300 0.264700
vt 0.593200 0.285500
vt 0.586500 0.285200
vt 0.592300 0.307600
vt 0.585600 0.307400
vt 0.591400 0.331500
vt 0.584700 0.331300
vt 0.682400 0.189900
vt 0.684100 0.168000
vt 0.689100 0.168200
vt 0.689100 0.190100
vt 0.688400 0.209400
vt 0.681700 0.209200
vt 0.687700 0.227600
vt 0.681000 0.227300
vt 0.687000 0.245800
vt 0.680300 0.245600
vt 0.686200 0.265000
vt 0.679500 0.264700
vt 0.685400 0.285500
vt 0.678700 0.285200
vt 0.684600 0.307600
vt 0.677900 0.307400
vt 0.683700 0.331500
vt 0.677000 0.331300
vt 0.047000 0.525300
vt 0.047000 0.501400
vt 0.053700 0.501400
vt 0.053700 0.525300
vt 0.047000 0.547500
vt 0.053700 0.547500
vt 0.047000 0.568000
vt 0.053700 0.568000
vt 0.047000 0.587200
vt 0.053700 0.587200
vt 0.047000 0.605400
vt 0.053700 0.605400
vt 0.047000 0.623600
vt 0.053700 0.623600
vt 0.047000 0.642900
vt 0.053700 0.642900
vt 0.052900 0.664800
vt 0.047800 0.664800
vt 0.007300 0.691900
vt 0.007300 0.668000
vt 0.014000 0.668000
vt 0.014000 0.691900
vt 0.007300 0.714100
vt 0.014000 0.714100
vt 0.007300 0.734700
vt 0.014000 0.734700
vt 0.007300 0.753800
vt 0.014000 0.753800
vt 0.007300 0.772000
vt 0.014000 0.772000
vt 0.007300 0.790200
vt 0.014000 0.790200
vt 0.007300 0.809500
vt 0.014000 0.809500
vt 0.013200 0.831400
vt 0.008200 0.831400
vt 0.086700 0.358700
vt 0.086700 0.334800
vt 0.093400 0.334800
vt 0.093400 0.358700
vt 0.086700 0.380900
vt 0.093400 0.380900
vt 0.086700 0.401400
vt 0.093400 0.401400
vt 0.086700 0.420500
vt 0.093400 0.420500
vt 0.086700 0.438800
vt 0.093400 0.438800
vt 0.086700 0.456900
vt 0.093400 0.456900
vt 0.086700 0.476300
vt 0.093400 0.476300
vt 0.092500 0.498200
vt 0.087500 0.498200
vt 0.458400 0.191900
vt 0.458400 0.168000
vt 0.465100 0.168000
vt 0.465100 0.191900
vt 0.458400 0.214100
vt 0.465100 0.214100
vt 0.458400 0.234700
vt 0.465100 0.234700
vt 0.458400 0.253800
vt 0.465100 0.253800
vt 0.458400 0.272000
vt 0.465100 0.272000
vt 0.458400 0.290200
vt 0.465100 0.290200
vt 0.458400 0.309500
vt 0.465100 0.309500
vt 0.464200 0.331400
vt 0.459200 0.331400
vt 0.443900 0.358700
vt 0.443900 0.334800
vt 0.450600 0.334800
vt 0.450600 0.358700
vt 0.443900 0.380900
vt 0.450600 0.380900
vt 0.443900 0.401400
vt 0.450600 0.401400
vt 0.443900 0.420500
vt 0.450600 0.420500
vt 0.443900 0.438800
vt 0.450600 0.438800
vt 0.443900 0.456900
vt 0.450600 0.456900
vt 0.443900 0.476300
vt 0.450600 0.476300
vt 0.449700 0.498200
vt 0.444700 0.498200
vt 0.438500 0.191900
vt 0.438500 0.168000
vt 0.445200 0.168000
vt 0.445200 0.191900
vt 0.438500 0.214100
vt 0.445200 0.214100
vt 0.438500 0.234700
vt 0.445200 0.234700
vt 0.438500 0.253800
vt 0.445200 0.253800
vt 0.438500 0.272000
vt 0.445200 0.272000
vt 0.438500 0.290200
vt 0.445200 0.290200
vt 0.438500 0.309500
vt 0.445200 0.309500
vt 0.444400 0.331400
vt 0.439300 0.331400
vt 0.116400 0.691900
vt 0.116400 0.668000
vt 0.123100 0.668000
vt 0.123100 0.691900
vt 0.116400 0.714100
vt 0.123100 0.714100
vt 0.116400 0.734700
vt 0.123100 0.734700
vt 0.116400 0.753800
vt 0.123100 0.753800
vt 0.116400 0.772000
vt 0.123100 0.772000
vt 0.116400 0.790200
vt 0.123100 0.790200
vt 0.116400 0.809500
vt 0.123100 0.809500
vt 0.122300 0.831400
vt 0.117300 0.831400
vt 0.414100 0.358700
vt 0.414100 0.334800
vt 0.420800 0.334800
vt 0.420800 0.358700
vt 0.414100 0.380900
vt 0.420800 0.380900
vt 0.414100 0.401400
vt 0.420800 0.401400
vt 0.414100 0.420500
vt 0.420800 0.420500
vt 0.414100 0.438800
vt 0.420800 0.438800
vt 0.414100 0.456900
vt 0.420800 0.456900
vt 0.414100 0.476300
vt 0.420800 0.476300
vt 0.420000 0.498200
vt 0.414900 0.498200
vt 0.051500 0.191900
vt 0.051500 0.168000
vt 0.058200 0.168000
vt 0.058200 0.191900
vt 0.051500 0.214100
vt 0.058200 0.214100
vt 0.051500 0.234700
vt 0.058200 0.234700
vt 0.051500 0.253800
vt 0.058200 0.253800
vt 0.051500 0.272000
vt 0.058200 0.272000
vt 0.051500 0.290200
vt 0.058200 0.290200
vt 0.051500 0.309500
vt 0.058200 0.309500
vt 0.057400 0.331400
vt 0.052400 0.331400
vt 0.041600 0.191900
vt 0.041600 0.168000
vt 0.048300 0.168000
vt 0.048300 0.191900
vt 0.041600 0.214100
vt 0.048300 0.214100
vt 0.041600 0.234700
vt 0.048300 0.234700
vt 0.041600 0.253800
vt 0.048300 0.253800
vt 0.041600 0.272000
vt 0.048300 0.272000
vt 0.041600 0.290200
vt 0.048300 0.290200
vt 0.041600 0.309500
vt 0.048300 0.309500
vt 0.047500 0.331400
vt 0.042500 0.331400
vt 0.047000 0.691900
vt 0.047000 0.668000
vt 0.053700 0.668000
vt 0.053700 0.691900
vt 0.047000 0.714100
vt 0.053700 0.714100
vt 0.047000 0.734700
vt 0.053700 0.734700
vt 0.047000 0.753800
vt 0.053700 0.753800
vt 0.047000 0.772000
vt 0.053700 0.772000
vt 0.047000 0.790200
vt 0.053700 0.790200
vt 0.047000 0.809500
vt 0.053700 0.809500
vt 0.052900 0.831400
vt 0.047800 0.831400
vt 0.897400 0.191900
vt 0.898300 0.168000
vt 0.905000 0.168300
vt 0.904000 0.192200
vt 0.896500 0.214100
vt 0.903200 0.214300
vt 0.895700 0.234600
vt 0.902400 0.234900
vt 0.895000 0.253700
vt 0.901700 0.254000
vt 0.894300 0.272000
vt 0.901000 0.272200
vt 0.893600 0.290100
vt 0.900300 0.290400
vt 0.892800 0.309400
vt 0.899500 0.309700
vt 0.897800 0.331500
vt 0.892800 0.331300
vt 0.888300 0.692000
vt 0.888300 0.668100
vt 0.895000 0.668100
vt 0.895000 0.692000
vt 0.888300 0.714200
vt 0.895000 0.714200
vt 0.888300 0.734800
vt 0.895000 0.734800
vt 0.888300 0.753900
vt 0.895000 0.753900
vt 0.888300 0.772100
vt 0.895000 0.772100
vt 0.888300 0.790300
vt 0.895000 0.790300
vt 0.888300 0.809600
vt 0.895000 0.809600
vt 0.894200 0.831500
vt 0.889100 0.831500
vt 0.027200 0.691900
vt 0.027200 0.668000
vt 0.033900 0.668000
vt 0.033900 0.691900
vt 0.027200 0.714100
vt 0.033900 0.714100
vt 0.027200 0.734700
vt 0.033900 0.734700
vt 0.027200 0.753800
vt 0.033900 0.753800
vt 0.027200 0.772000
vt 0.033900 0.772000
vt 0.027200 0.790200
vt 0.033900 0.790200
vt 0.027200 0.809500
vt 0.033900 0.809500
vt 0.033000 0.831400
vt 0.028000 0.831400
vt 0.156100 0.525300
vt 0.156100 0.501400
vt 0.162800 0.501400
vt 0.162800 0.525300
vt 0.156100 0.547500
vt 0.162800 0.547500
vt 0.156100 0.568000
vt 0.162800 0.568000
vt 0.156100 0.587200
vt 0.162800 0.587200
vt 0.156100 0.605400
vt 0.162800 0.605400
vt 0.156100 0.623600
vt 0.162800 0.623600
vt 0.156100 0.642900
vt 0.162800 0.642900
vt 0.162000 0.664800
vt 0.157000 0.664800
vt 0.394300 0.358700
vt 0.394300 0.334800
vt 0.401000 0.334800
vt 0.401000 0.358700
vt 0.394300 0.380900
vt 0.401000 0.380900
vt 0.394300 0.401400
vt 0.401000 0.401400
vt 0.394300 0.420500
vt 0.401000 0.420500
vt 0.394300 0.438800
vt 0.401000 0.438800
vt 0.394300 0.456900
vt 0.401000 0.456900
vt 0.394300 0.476300
vt 0.401000 0.476300
vt 0.400100 0.498200
vt 0.395100 0.498200
vt 0.488200 0.025200
vt 0.488200 0.001300
vt 0.494900 0.001300
vt 0.494900 0.025200
vt 0.488200 0.047400
vt 0.494900 0.047400
vt 0.488200 0.067900
vt 0.494900 0.067900
vt 0.488200 0.087100
vt 0.494900 0.087100
vt 0.488200 0.105300
vt 0.494900 0.105300
vt 0.488200 0.123500
vt 0.494900 0.123500
vt 0.488200 0.142800
vt 0.494900 0.142800
vt 0.494100 0.164700
vt 0.489100 0.164700
vt 0.743100 0.025200
vt 0.744100 0.001300
vt 0.750800 0.001500
vt 0.749800 0.025400
vt 0.742300 0.047300
vt 0.749000 0.047600
vt 0.741500 0.067900
vt 0.748200 0.068100
vt 0.740700 0.087000
vt 0.747400 0.087300
vt 0.740000 0.105200
vt 0.746700 0.105500
vt 0.739300 0.123400
vt 0.746000 0.123600
vt 0.738600 0.142700
vt 0.745300 0.143000
vt 0.743600 0.164800
vt 0.738600 0.164600
vt 0.681500 0.358700
vt 0.681500 0.334800
vt 0.688200 0.334800
vt 0.688200 0.358700
vt 0.681500 0.380900
vt 0.688200 0.380900
vt 0.681500 0.401400
vt 0.688200 0.401400
vt 0.681500 0.420500
vt 0.688200 0.420500
vt 0.681500 0.438800
vt 0.688200 0.438800
vt 0.681500 0.456900
vt 0.688200 0.457000
vt 0.681500 0.476300
vt 0.688200 0.476300
vt 0.687300 0.498200
vt 0.682300 0.498200
vt 0.071400 0.191900
vt 0.071400 0.168000
vt 0.078100 0.168000
vt 0.078100 0.191900
vt 0.071400 0.214100
vt 0.078100 0.214100
vt 0.071400 0.234700
vt 0.078100 0.234700
vt 0.071400 0.253800
vt 0.078100 0.253800
vt 0.071400 0.272000
vt 0.078100 0.272000
vt 0.071400 0.290200
vt 0.078100 0.290200
vt 0.071400 0.309500
vt 0.078100 0.309500
vt 0.077200 0.331400
vt 0.072200 0.331400
vt 0.106500 0.358700
vt 0.106500 0.334800
vt 0.113200 0.334800
vt 0.113200 0.358700
vt 0.106500 0.380900
vt 0.113200 0.380900
vt 0.106500 0.401400
vt 0.113200 0.401400
vt 0.106500 0.420500
vt 0.113200 0.420500
vt 0.106500 0.438800
vt 0.113200 0.438800
vt 0.106500 0.456900
vt 0.113200 0.456900
vt 0.106500 0.476300
vt 0.113200 0.476300
vt 0.112400 0.498200
vt 0.107400 0.498200
vt 0.881900 0.358700
vt 0.882800 0.334800
vt 0.889500 0.335000
vt 0.888600 0.358900
vt 0.881100 0.380800
vt 0.887800 0.381100
vt 0.880300 0.401300
vt 0.887000 0.401600
vt 0.879600 0.420500
vt 0.886300 0.420700
vt 0.878900 0.438700
vt 0.885600 0.439000
vt 0.878200 0.456900
vt 0.884900 0.457100
vt 0.877400 0.476200
vt 0.884100 0.476400
vt 0.882500 0.498300
vt 0.877400 0.498100
vt 0.389000 0.025200
vt 0.389000 0.001300
vt 0.395700 0.001300
vt 0.395700 0.025200
vt 0.389000 0.047400
vt 0.395700 0.047400
vt 0.389000 0.067900
vt 0.395700 0.067900
vt 0.389000 0.087100
vt 0.395700 0.087100
vt 0.389000 0.105300
vt 0.395700 0.105300
vt 0.389000 0.123500
vt 0.395700 0.123500
vt 0.389000 0.142800
vt 0.395700 0.142800
vt 0.394800 0.164700
vt 0.389800 0.164700
vt 0.493500 0.358700
vt 0.493500 0.334800
vt 0.500200 0.334800
vt 0.500200 0.358700
vt 0.493500 0.380900
vt 0.500200 0.380900
vt 0.493500 0.401400
vt 0.500200 0.401400
vt 0.493500 0.420500
vt 0.500200 0.420500
vt 0.493500 0.438800
vt 0.500200 0.438800
vt 0.493500 0.456900
vt 0.500200 0.456900
vt 0.493500 0.476300
vt 0.500200 0.476300
vt 0.499400 0.498200
vt 0.494400 0.498200
vt 0.468400 0.025200
vt 0.468400 0.001300
vt 0.475100 0.001300
vt 0.475100 0.025200
vt 0.468400 0.047400
vt 0.475100 0.047400
vt 0.468400 0.067900
vt 0.475100 0.067900
vt 0.468400 0.087100
vt 0.475100 0.087100
vt 0.468400 0.105300
vt 0.475100 0.105300
vt 0.468400 0.123500
vt 0.475100 0.123500
vt 0.468400 0.142800
vt 0.475100 0.142800
vt 0.474200 0.164700
vt 0.469200 0.164700
vt 0.584700 0.358700
vt 0.584800 0.334800
vt 0.591500 0.334800
vt 0.591400 0.358700
vt 0.584700 0.380900
vt 0.591400 0.380900
vt 0.584700 0.401400
vt 0.591400 0.401400
vt 0.584700 0.420500
vt 0.591400 0.420500
vt 0.584700 0.438800
vt 0.591400 0.438800
vt 0.584700 0.456900
vt 0.591400 0.457000
vt 0.584700 0.476300
vt 0.591400 0.476300
vt 0.590600 0.498200
vt 0.585500 0.498200
vt 0.066800 0.525300
vt 0.066800 0.501400
vt 0.073500 0.501400
vt 0.073500 0.525300
vt 0.066800 0.547500
vt 0.073500 0.547500
vt 0.066800 0.568000
vt 0.073500 0.568000
vt 0.066800 0.587200
vt 0.073500 0.587200
vt 0.066800 0.605400
vt 0.073500 0.605400
vt 0.066800 0.623600
vt 0.073500 0.623600
vt 0.066800 0.642900
vt 0.073500 0.642900
vt 0.072700 0.664800
vt 0.067700 0.664800
vt 0.066800 0.358700
vt 0.066800 0.334800
vt 0.073500 0.334800
vt 0.073500 0.358700
vt 0.066800 0.380900
vt 0.073500 0.380900
vt 0.066800 0.401400
vt 0.073500 0.401400
vt 0.066800 0.420500
vt 0.073500 0.420500
vt 0.066800 0.438800
vt 0.073500 0.438800
vt 0.066800 0.456900
vt 0.073500 0.456900
vt 0.066800 0.476300
vt 0.073500 0.476300
vt 0.072700 0.498200
vt 0.067700 0.498200
vt 0.943700 0.358700
vt 0.944600 0.334800
vt 0.951300 0.335000
vt 0.950400 0.358900
vt 0.942800 0.380800
vt 0.949500 0.381100
vt 0.942000 0.401300
vt 0.948700 0.401600
vt 0.941300 0.420500
vt 0.948000 0.420700
vt 0.940600 0.438700
vt 0.947300 0.439000
vt 0.939900 0.456900
vt 0.946600 0.457100
vt 0.939200 0.476200
vt 0.945900 0.476400
vt 0.944200 0.498300
vt 0.939200 0.498100
vt 0.468300 0.191900
vt 0.468300 0.168000
vt 0.475000 0.168000
vt 0.475000 0.191900
vt 0.468300 0.214100
vt 0.475000 0.214100
vt 0.468300 0.234700
vt 0.475000 0.234700
vt 0.468300 0.253800
vt 0.475000 0.253800
vt 0.468300 0.272000
vt 0.475000 0.272000
vt 0.468300 0.290200
vt 0.475000 0.290200
vt 0.468300 0.309500
vt 0.475000 0.309500
vt 0.474100 0.331400
vt 0.469100 0.331400
vt 0.404200 0.358700
vt 0.404200 0.334800
vt 0.410900 0.334800
vt 0.410900 0.358700
vt 0.404200 0.380900
vt 0.410900 0.380900
vt 0.404200 0.401400
vt 0.410900 0.401400
vt 0.404200 0.420500
vt 0.410900 0.420500
vt 0.404200 0.438800
vt 0.410900 0.438800
vt 0.404200 0.456900
vt 0.410900 0.456900
vt 0.404200 0.476300
vt 0.410900 0.476300
vt 0.410000 0.498200
vt 0.405000 0.498200
vt 0.974800 0.025200
vt 0.975800 0.001300
vt 0.982500 0.001600
vt 0.981500 0.025500
vt 0.973900 0.047300
vt 0.980600 0.047600
vt 0.973100 0.067900
vt 0.979800 0.068100
vt 0.972400 0.087000
vt 0.979000 0.087300
vt 0.971600 0.105200
vt 0.978300 0.105500
vt 0.970900 0.123400
vt 0.977600 0.123600
vt 0.970100 0.142700
vt 0.976800 0.143000
vt 0.975100 0.164800
vt 0.970100 0.164600
vt 0.434000 0.358700
vt 0.434000 0.334800
vt 0.440700 0.334800
vt 0.440700 0.358700
vt 0.434000 0.380900
vt 0.440700 0.380900
vt 0.434000 0.401400
vt 0.440700 0.401400
vt 0.434000 0.420500
vt 0.440700 0.420500
vt 0.434000 0.438800
vt 0.440700 0.438800
vt 0.434000 0.456900
vt 0.440700 0.456900
vt 0.434000 0.476300
vt 0.440700 0.476300
vt 0.439800 0.498200
vt 0.434800 0.498200
vt 0.867500 0.692000
vt 0.867500 0.668100
vt 0.874200 0.668100
vt 0.874200 0.692000
vt 0.867500 0.714200
vt 0.874200 0.714200
vt 0.867500 0.734800
vt 0.874200 0.734800
vt 0.867500 0.753900
vt 0.874200 0.753900
vt 0.867500 0.772100
vt 0.874200 0.772100
vt 0.867500 0.790300
vt 0.874200 0.790300
vt 0.867500 0.809600
vt 0.874200 0.809600
vt 0.873400 0.831500
vt 0.868400 0.831500
vt 0.473700 0.358700
vt 0.473700 0.334800
vt 0.480400 0.334800
vt 0.480400 0.358700
vt 0.473700 0.380900
vt 0.480400 0.380900
vt 0.473700 0.401400
vt 0.480400 0.401400
vt 0.473700 0.420500
vt 0.480400 0.420500
vt 0.473700 0.438800
vt 0.480400 0.438800
vt 0.473700 0.456900
vt 0.480400 0.456900
vt 0.473700 0.476300
vt 0.480400 0.476300
vt 0.479500 0.498200
vt 0.474500 0.498200
vt 0.374400 0.358700
vt 0.374400 0.334800
vt 0.381100 0.334800
vt 0.381100 0.358700
vt 0.374400 0.380900
vt 0.381100 0.380900
vt 0.374400 0.401400
vt 0.381100 0.401400
vt 0.374400 0.420500
vt 0.381100 0.420500
vt 0.374400 0.438800
vt 0.381100 0.438800
vt 0.374400 0.456900
vt 0.381100 0.456900
vt 0.374400 0.476300
vt 0.381100 0.476300
vt 0.380300 0.498200
vt 0.375200 0.498200
vt 0.425400 0.142800
vt 0.424600 0.164700
vt 0.419600 0.164700
vt 0.418800 0.142800
vt 0.418800 0.123500
vt 0.425400 0.123500
vt 0.418800 0.105300
vt 0.425400 0.105300
vt 0.418800 0.087100
vt 0.425400 0.087100
vt 0.418800 0.067900
vt 0.425400 0.067900
vt 0.418800 0.047400
vt 0.425400 0.047400
vt 0.418800 0.025200
vt 0.425400 0.025200
vt 0.418800 0.001300
vt 0.425500 0.001300
vt 0.485000 0.142800
vt 0.484200 0.164700
vt 0.479100 0.164700
vt 0.478300 0.142800
vt 0.478300 0.123500
vt 0.485000 0.123500
vt 0.478300 0.105300
vt 0.485000 0.105300
vt 0.478300 0.087100
vt 0.485000 0.087100
vt 0.478300 0.067900
vt 0.485000 0.067900
vt 0.478300 0.047400
vt 0.485000 0.047400
vt 0.478300 0.025200
vt 0.485000 0.025200
vt 0.478300 0.001300
vt 0.485000 0.001300
vt 0.043800 0.809500
vt 0.042900 0.831400
vt 0.037900 0.831400
vt 0.037100 0.809500
vt 0.037100 0.790200
vt 0.043800 0.790200
vt 0.037100 0.772000
vt 0.043800 0.772000
vt 0.037100 0.753800
vt 0.043800 0.753800
vt 0.037100 0.734700
vt 0.043800 0.734700
vt 0.037100 0.714100
vt 0.043800 0.714100
vt 0.037100 0.691900
vt 0.043800 0.691900
vt 0.037100 0.668000
vt 0.043800 0.668000
vt 0.143000 0.476300
vt 0.142100 0.498200
vt 0.137100 0.498200
vt 0.136300 0.476300
vt 0.136300 0.456900
vt 0.143000 0.456900
vt 0.136300 0.438800
vt 0.143000 0.438800
vt 0.136300 0.420500
vt 0.143000 0.420500
vt 0.136300 0.401400
vt 0.143000 0.401400
vt 0.136300 0.380900
vt 0.143000 0.380900
vt 0.136300 0.358700
vt 0.143000 0.358700
vt 0.136300 0.334800
vt 0.143000 0.334800
vt 0.776100 0.143000
vt 0.774400 0.164800
vt 0.769400 0.164600
vt 0.769400 0.142700
vt 0.770100 0.123400
vt 0.776800 0.123600
vt 0.770800 0.105200
vt 0.777500 0.105500
vt 0.771600 0.087000
vt 0.778200 0.087300
vt 0.772300 0.067900
vt 0.779000 0.068100
vt 0.773100 0.047300
vt 0.779800 0.047600
vt 0.774000 0.025200
vt 0.780600 0.025400
vt 0.774900 0.001300
vt 0.781600 0.001500
vt 0.837800 0.309700
vt 0.836100 0.331500
vt 0.831100 0.331300
vt 0.831100 0.309400
vt 0.831800 0.290100
vt 0.838500 0.290400
vt 0.832500 0.272000
vt 0.839200 0.272200
vt 0.833200 0.253700
vt 0.839900 0.254000
vt 0.834000 0.234600
vt 0.840700 0.234900
vt 0.834800 0.214100
vt 0.841500 0.214300
vt 0.835600 0.191900
vt 0.842300 0.192200
vt 0.836500 0.168000
vt 0.843200 0.168300
vt 0.078200 0.142800
vt 0.077300 0.164700
vt 0.072300 0.164700
vt 0.071500 0.142800
vt 0.071500 0.123500
vt 0.078200 0.123500
vt 0.071500 0.105300
vt 0.078200 0.105300
vt 0.071500 0.087100
vt 0.078200 0.087100
vt 0.071500 0.067900
vt 0.078200 0.067900
vt 0.071500 0.047400
vt 0.078200 0.047400
vt 0.071500 0.025200
vt 0.078200 0.025200
vt 0.071500 0.001300
vt 0.078200 0.001300
s 0
usemtl Material.001
f 1/1/1 2/2/1 3/3/1 4/4/1
f 4/4/2 5/5/2 6/6/2 1/1/2
f 5/5/3 7/7/3 8/8/3 6/6/3
f 7/7/4 9/9/4 10/10/4 8/8/4
f 9/9/5 11/11/5 12/12/5 10/10/5
f 11/11/6 13/13/6 14/14/6 12/12/6
f 13/13/7 15/15/7 16/16/7 14/14/7
f 15/15/8 17/17/8 18/18/8 16/16/8
f 19/19/9 20/20/9 21/21/9 22/22/9
f 22/22/10 23/23/10 24/24/10 19/19/10
f 23/23/11 25/25/11 26/26/11 24/24/11
f 25/25/12 27/27/12 28/28/12 26/26/12
f 27/27/13 29/29/13 30/30/13 28/28/13
f 29/29/14 31/31/14 32/32/14 30/30/14
f 31/31/15 33/33/15 34/34/15 32/32/15
f 33/33/16 35/35/16 36/36/16 34/34/16
f 37/37/17 38/38/17 39/39/17 40/40/17
f 40/40/18 41/41/18 42/42/18 37/37/18
f 41/41/19 43/43/19 44/44/19 42/42/19
f 43/43/20 45/45/20 46/46/20 44/44/20
f 45/45/21 47/47/21 48/48/21 46/46/21
f 47/47/22 49/49/22 50/50/22 48/48/22
f 49/49/23 51/51/23 52/52/23 50/50/23
f 51/51/24 53/53/24 54/54/24 52/52/24
f 55/55/25 56/56/25 57/57/25 58/58/25
f 58/58/26 59/59/26 60/60/26 55/55/26
f 59/59/27 61/61/27 62/62/27 60/60/27
f 61/61/28 63/63/28 64/64/28 62/62/28
f 63/63/29 65/65/29 66/66/29 64/64/29
f 65/65/30 67/67/30 68/68/30 66/66/30
f 67/67/31 69/69/31 70/70/31 68/68/31
f 69/69/32 71/71/32 72/72/32 70/70/32
f 73/73/33 74/74/33 75/75/33 76/76/33
f 76/76/34 77/77/34 78/78/34 73/73/34
f 77/77/35 79/79/35 80/80/35 78/78/35
f 79/79/36 81/81/36 82/82/36 80/80/36
f 81/81/37 83/83/37 84/84/37 82/82/37
f 83/83/38 85/85/38 86/86/38 84/84/38
f 85/85/39 87/87/39 88/88/39 86/86/39
f 87/87/40 89/89/40 90/90/40 88/88/40
f 91/91/41 92/92/41 93/93/41 94/94/41
f 94/94/42 95/95/42 96/96/42 91/91/42
f 95/95/43 97/97/43 98/98/43 96/96/43
f 97/97/44 99/99/44 100/100/44 98/98/44
f 99/99/45 101/101/45 102/102/45 100/100/45
f 101/101/46 103/103/46 104/104/46 102/102/46
f 103/103/47 105/105/47 106/106/47 104/104/47
f 105/105/48 107/107/48 108/108/48 106/106/48
f 109/109/49 110/110/49 111/111/49 112/112/49
f 112/112/50 113/113/50 114/114/50 109/109/50
f 113/113/51 115/115/51 116/116/51 114/114/51
f 115/115/52 117/117/52 118/118/52 116/116/52
f 117/117/53 119/119/53 120/120/53 118/118/53
f 119/119/54 121/121/54 122/122/54 120/120/54
f 121/121/55 123/123/55 124/124/55 122/122/55
f 123/123/56 125/125/56 126/126/56 124/124/56
f 127/127/57 128/128/57 129/129/57 130/130/57
f 130/130/58 131/131/58 132/132/58 127/127/58
f 131/131/59 133/133/59 134/134/59 132/132/59
f 133/133/60 135/135/60 136/136/60 134/134/60
f 135/135/61 137/137/61 138/138/61 136/136/61
f 137/137/62 139/139/62 140/140/62 138/138/62
f 139/139/63 141/141/63 142/142/63 140/140/63
f 141/141/64 143/143/64 144/144/64 142/142/64
f 145/145/65 146/146/65 147/147/65 148/148/65
f 148/148/66 149/149/66 150/150/66 145/145/66
f 149/149/67 151/151/67 152/152/67 150/150/67
f 151/151/68 153/153/68 154/154/68 152/152/68
f 153/153/69 155/155/69 156/156/69 154/154/69
f 155/155/70 157/157/70 158/158/70 156/156/70
f 157/157/71 159/159/71 160/160/71 158/158/71
f 159/159/72 161/161/72 162/162/72 160/160/72
f 163/163/73 164/164/73 165/165/73 166/166/73
f 166/166/74 167/167/74 168/168/74 163/163/74
f 167/167/75 169/169/75 170/170/75 168/168/75
f 169/169/76 171/171/76 172/172/76 170/170/76
f 171/171/77 173/173/77 174/174/77 172/172/77
f 173/173/78 175/175/78 176/176/78 174/174/78
f 175/175/79 177/177/79 178/178/79 176/176/79
f 177/177/80 179/179/80 180/180/80 178/178/80
f 181/181/81 182/182/81 183/183/81 184/184/81
f 184/184/82 185/185/82 186/186/82 181/181/82
f 185/185/83 187/187/83 188/188/83 186/186/83
f 187/187/84 189/189/84 190/190/84 188/188/84
f 189/189/85 191/191/85 192/192/85 190/190/85
f 191/191/86 193/193/86 194/194/86 192/192/86
f 193/193/87 195/195/87 196/196/87 194/194/87
f 195/195/88 197/197/88 198/198/88 196/196/88
f 199/199/89 200/200/89 201/201/89 202/202/89
f 202/202/90 203/203/90 204/204/90 199/199/90
f 203/203/91 205/205/91 206/206/91 204/204/91
f 205/205/92 207/207/92 208/208/92 206/206/92
f 207/207/93 209/209/93 210/210/93 208/208/93
f 209/209/94 211/211/94 212/212/94 210/210/94
f 211/211/95 213/213/95 214/214/95 212/212/95
f 213/213/96 215/215/96 216/216/96 214/214/96
f 217/217/97 218/218/97 219/219/97 220/220/97
f 220/220/98 221/221/98 222/222/98 217/217/98
f 221/221/99 223/223/99 224/224/99 222/222/99
f 223/223/100 225/225/100 226/226/100 224/224/100
f 225/225/101 227/227/101 228/228/101 226/226/101
f 227/227/102 229/229/102 230/230/102 228/228/102
f 229/229/103 231/231/103 232/232/103 230/230/103
f 231/231/104 233/233/104 234/234/104 232/232/104
f 235/235/105 236/236/105 237/237/105 238/238/105
f 238/238/106 239/239/106 240/240/106 235/235/106
f 239/239/107 241/241/107 242/242/107 240/240/107
f 241/241/108 243/243/108 244/244/108 242/242/108
f 243/243/109 245/245/109 246/246/109 244/244/109
f 245/245/110 247/247/110 248/248/110 246/246/110
f 247/247/111 249/249/111 250/250/111 248/248/111
f 249/249/112 251/251/112 252/252/112 250/250/112
f 253/253/113 254/254/113 255/255/113 256/256/113
f 256/256/114 257/257/114 258/258/114 253/253/114
f 257/257/115 259/259/115 260/260/115 258/258/115
f 259/259/116 261/261/116 262/262/116 260/260/116
f 261/261/117 263/263/117 264/264/117 262/262/117
f 263/263/118 265/265/118 266/266/118 264/264/118
f 265/265/119 267/267/119 268/268/119 266/266/119
f 267/267/120 269/269/120 270/270/120 268/268/120
f 271/271/121 272/272/121 273/273/121 274/274/121
f 274/274/122 275/275/122 276/276/122 271/271/122
f 275/275/123 277/277/123 278/278/123 276/276/123
f 277/277/124 279/279/124 280/280/124 278/278/124
f 279/279/125 281/281/125 282/282/125 280/280/125
f 281/281/126 283/283/126 284/284/126 282/282/126
f 283/283/127 285/285/127 286/286/127 284/284/127
f 285/285/128 287/287/128 288/288/128 286/286/128
f 289/289/129 290/290/129 291/291/129 292/292/129
f 292/292/130 293/293/130 294/294/130 289/289/130
f 293/293/131 295/295/131 296/296/131 294/294/131
f 295/295/132 297/297/132 298/298/132 296/296/132
f 297/297/133 299/299/133 300/300/133 298/298/133
f 299/299/134 301/301/134 302/302/134 300/300/134
f 301/301/135 303/303/135 304/304/135 302/302/135
f 303/303/136 305/305/136 306/306/136 304/304/136
f 307/307/137 308/308/137 309/309/137 310/310/137
f 310/310/138 311/311/138 312/312/138 307/307/138
f 311/311/139 313/313/139 314/314/139 312/312/139
f 313/313/140 315/315/140 316/316/140 314/314/140
f 315/315/141 317/317/141 318/318/141 316/316/141
f 317/317/142 319/319/142 320/320/142 318/318/142
f 319/319/143 321/321/143 322/322/143 320/320/143
f 321/321/144 323/323/144 324/324/144 322/322/144
f 325/325/145 326/326/145 327/327/145 328/328/145
f 328/328/146 329/329/146 330/330/146 325/325/146
f 329/329/147 331/331/147 332/332/147 330/330/147
f 331/331/148 333/333/148 334/334/148 332/332/148
f 333/333/149 335/335/149 336/336/149 334/334/149
f 335/335/150 337/337/150 338/338/150 336/336/150
f 337/337/151 339/339/151 340/340/151 338/338/151
f 339/339/152 341/341/152 342/342/152 340/340/152
f 343/343/153 344/344/153 345/345/153 346/346/153
f 346/346/154 347/347/154 348/348/154 343/343/154
f 347/347/155 349/349/155 350/350/155 348/348/155
f 349/349/156 351/351/156 352/352/156 350/350/156
f 351/351/157 353/353/157 354/354/157 352/352/157
f 353/353/158 355/355/158 356/356/158 354/354/158
f 355/355/159 357/357/159 358/358/159 356/356/159
f 357/357/160 359/359/160 360/360/160 358/358/160
f 361/361/161 362/362/161 363/363/161 364/364/161
f 364/364/162 365/365/162 366/366/162 361/361/162
f 365/365/163 367/367/163 368/368/163 366/366/163
f 367/367/164 369/369/164 370/370/164 368/368/164
f 369/369/165 371/371/165 372/372/165 370/370/165
f 371/371/166 373/373/166 374/374/166 372/372/166
f 373/373/167 375/375/167 376/376/167 374/374/167
f 375/375/168 377/377/168 378/378/168 376/376/168
f 379/379/169 380/380/169 381/381/169 382/382/169
f 382/382/170 383/383/170 384/384/170 379/379/170
f 383/383/171 385/385/171 386/386/171 384/384/171
f 385/385/172 387/387/172 388/388/172 386/386/172
f 387/387/173 389/389/173 390/390/173 388/388/173
f 389/389/174 391/391/174 392/392/174 390/390/174
f 391/391/175 393/393/175 394/394/175 392/392/175
f 393/393/176 395/395/176 396/396/176 394/394/176
f 397/397/177 398/398/177 399/399/177 400/400/177
f 400/400/178 401/401/178 402/402/178 397/397/178
f 401/401/179 403/403/179 404/404/179 402/402/179
f 403/403/180 405/405/180 406/406/180 404/404/180
f 405/405/181 407/407/181 408/408/181 406/406/181
f 407/407/182 409/409/182 410/410/182 408/408/182
f 409/409/183 411/411/183 412/412/183 410/410/183
f 411/411/184 413/413/184 414/414/184 412/412/184
f 415/415/185 416/416/185 417/417/185 418/418/185
f 418/418/186 419/419/186 420/420/186 415/415/186
f 419/419/187 421/421/187 422/422/187 420/420/187
f 421/421/188 423/423/188 424/424/188 422/422/188
f 423/423/189 425/425/189 426/426/189 424/424/189
f 425/425/190 427/427/190 428/428/190 426/426/190
f 427/427/191 429/429/191 430/430/191 428/428/191
f 429/429/192 431/431/192 432/432/192 430/430/192
f 433/433/193 434/434/193 435/435/193 436/436/193
f 436/436/194 437/437/194 438/438/194 433/433/194
f 437/437/195 439/439/195 440/440/195 438/438/195
f 439/439/196 441/441/196 442/442/196 440/440/196
f 441/441/197 443/443/197 444/444/197 442/442/197
f 443/443/198 445/445/198 446/446/198 444/444/198
f 445/445/199 447/447/199 448/448/199 446/446/199
f 447/447/200 449/449/200 450/450/200 448/448/200
f 451/451/201 452/452/201 453/453/201 454/454/201
f 454/454/202 455/455/202 456/456/202 451/451/202
f 455/455/203 457/457/203 458/458/203 456/456/203
f 457/457/204 459/459/204 460/460/204 458/458/204
f 459/459/205 461/461/205 462/462/205 460/460/205
f 461/461/206 463/463/206 464/464/206 462/462/206
f 463/463/207 465/465/207 466/466/207 464/464/207
f 465/465/208 467/467/208 468/468/208 466/466/208
f 469/469/209 470/470/209 471/471/209 472/472/209
f 472/472/210 473/473/210 474/474/210 469/469/210
f 473/473/211 475/475/211 476/476/211 474/474/211
f 475/475/212 477/477/212 478/478/212 476/476/212
f 477/477/213 479/479/213 480/480/213 478/478/213
f 479/479/214 481/481/214 482/482/214 480/480/214
f 481/481/215 483/483/215 484/484/215 482/482/215
f 483/483/216 485/485/216 486/486/216 484/484/216
f 487/487/217 488/488/217 489/489/217 490/490/217
f 490/490/218 491/491/218 492/492/218 487/487/218
f 491/491/219 493/493/219 494/494/219 492/492/219
f 493/493/220 495/495/220 496/496/220 494/494/220
f 495/495/221 497/497/221 498/498/221 496/496/221
f 497/497/222 499/499/222 500/500/222 498/498/222
f 499/499/223 501/501/223 502/502/223 500/500/223
f 501/501/224 503/503/224 504/504/224 502/502/224
f 505/505/225 506/506/225 507/507/225 508/508/225
f 508/508/226 509/509/226 510/510/226 505/505/226
f 509/509/227 511/511/227 512/512/227 510/510/227
f 511/511/228 513/513/228 514/514/228 512/512/228
f 513/513/229 515/515/229 516/516/229 514/514/229
f 515/515/230 517/517/230 518/518/230 516/516/230
f 517/517/231 519/519/231 520/520/231 518/518/231
f 519/519/232 521/521/232 522/522/232 520/520/232
f 523/523/233 524/524/233 525/525/233 526/526/233
f 526/526/234 527/527/234 528/528/234 523/523/234
f 527/527/235 529/529/235 530/530/235 528/528/235
f 529/529/236 531/531/236 532/532/236 530/530/236
f 531/531/237 533/533/237 534/534/237 532/532/237
f 533/533/238 535/535/238 536/536/238 534/534/238
f 535/535/239 537/537/239 538/538/239 536/536/239
f 537/537/240 539/539/240 540/540/240 538/538/240
f 541/541/241 542/542/241 543/543/241 544/544/241
f 544/544/242 545/545/242 546/546/242 541/541/242
f 545/545/243 547/547/243 548/548/243 546/546/243
f 547/547/244 549/549/244 550/550/244 548/548/244
f 549/549/245 551/551/245 552/552/245 550/550/245
f 551/551/246 553/553/246 554/554/246 552/552/246
f 553/553/247 555/555/247 556/556/247 554/554/247
f 555/555/248 557/557/248 558/558/248 556/556/248
f 559/559/249 560/560/249 561/561/249 562/562/249
f 562/562/250 563/563/250 564/564/250 559/559/250
f 563/563/251 565/565/251 566/566/251 564/564/251
f 565/565/252 567/567/252 568/568/252 566/566/252
f 567/567/253 569/569/253 570/570/253 568/568/253
f 569/569/254 571/571/254 572/572/254 570/570/254
f 571/571/255 573/573/255 574/574/255 572/572/255
f 573/573/256 575/575/256 576/576/256 574/574/256
f 577/577/257 578/578/257 579/579/257 580/580/257
f 580/580/258 581/581/258 582/582/258 577/577/258
f 581/581/259 583/583/259 584/584/259 582/582/259
f 583/583/260 585/585/260 586/586/260 584/584/260
f 585/585/261 587/587/261 588/588/261 586/586/261
f 587/587/262 589/589/262 590/590/262 588/588/262
f 589/589/263 591/591/263 592/592/263 590/590/263
f 591/591/264 593/593/264 594/594/264 592/592/264
f 595/595/265 596/596/265 597/597/265 598/598/265
f 598/598/266 599/599/266 600/600/266 595/595/266
f 599/599/267 601/601/267 602/602/267 600/600/267
f 601/601/268 603/603/268 604/604/268 602/602/268
f 603/603/269 605/605/269 606/606/269 604/604/269
f 605/605/270 607/607/270 608/608/270 606/606/270
f 607/607/271 609/609/271 610/610/271 608/608/271
f 609/609/272 611/611/272 612/612/272 610/610/272
f 613/613/273 614/614/273 615/615/273 616/616/273
f 616/616/274 617/617/274 618/618/274 613/613/274
f 617/617/275 619/619/275 620/620/275 618/618/275
f 619/619/276 621/621/276 622/622/276 620/620/276
f 621/621/277 623/623/277 624/624/277 622/622/277
f 623/623/278 625/625/278 626/626/278 624/624/278
f 625/625/279 627/627/279 628/628/279 626/626/279
f 627/627/280 629/629/280 630/630/280 628/628/280
f 631/631/281 632/632/281 633/633/281 634/634/281
f 634/634/282 635/635/282 636/636/282 631/631/282
f 635/635/283 637/637/283 638/638/283 636/636/283
f 637/637/284 639/639/284 640/640/284 638/638/284
f 639/639/285 641/641/285 642/642/285 640/640/285
f 641/641/286 643/643/286 644/644/286 642/642/286
f 643/643/287 645/645/287 646/646/287 644/644/287
f 645/645/288 647/647/288 648/648/288 646/646/288
f 649/649/289 650/650/289 651/651/289 652/652/289
f 652/652/290 653/653/290 654/654/290 649/649/290
f 653/653/291 655/655/291 656/656/291 654/654/291
f 655/655/292 657/657/292 658/658/292 656/656/292
f 657/657/293 659/659/293 660/660/293 658/658/293
f 659/659/294 661/661/294 662/662/294 660/660/294
f 661/661/295 663/663/295 664/664/295 662/662/295
f 663/663/296 665/665/296 666/666/296 664/664/296
f 667/667/297 668/668/297 669/669/297 670/670/297
f 670/670/298 671/671/298 672/672/298 667/667/298
f 671/671/299 673/673/299 674/674/299 672/672/299
f 673/673/300 675/675/300 676/676/300 674/674/300
f 675/675/301 677/677/301 678/678/301 676/676/301
f 677/677/302 679/679/302 680/680/302 678/678/302
f 679/679/303 681/681/303 682/682/303 680/680/303
f 681/681/304 683/683/304 684/684/304 682/682/304
f 685/685/305 686/686/305 687/687/305 688/688/305
f 688/688/306 689/689/306 690/690/306 685/685/306
f 689/689/307 691/691/307 692/692/307 690/690/307
f 691/691/308 693/693/308 694/694/308 692/692/308
f 693/693/309 695/695/309 696/696/309 694/694/309
f 695/695/310 697/697/310 698/698/310 696/696/310
f 697/697/311 699/699/311 700/700/311 698/698/311
f 699/699/312 701/701/312 702/702/312 700/700/312
f 703/703/313 704/704/313 705/705/313 706/706/313
f 706/706/314 707/707/314 708/708/314 703/703/314
f 707/707/315 709/709/315 710/710/315 708/708/315
f 709/709/316 711/711/316 712/712/316 710/710/316
f 711/711/317 713/713/317 714/714/317 712/712/317
f 713/713/318 715/715/318 716/716/318 714/714/318
f 715/715/319 717/717/319 718/718/319 716/716/319
f 717/717/320 719/719/320 720/720/320 718/718/320
f 721/721/321 722/722/321 723/723/321 724/724/321
f 724/724/322 725/725/322 726/726/322 721/721/322
f 725/725/323 727/727/323 728/728/323 726/726/323
f 727/727/324 729/729/324 730/730/324 728/728/324
f 729/729/325 731/731/325 732/732/325 730/730/325
f 731/731/326 733/733/326 734/734/326 732/732/326
f 733/733/327 735/735/327 736/736/327 734/734/327
f 735/735/328 737/737/328 738/738/328 736/736/328
f 739/739/329 740/740/329 741/741/329 742/742/329
f 742/742/330 743/743/330 744/744/330 739/739/330
f 743/743/331 745/745/331 746/746/331 744/744/331
f 745/745/332 747/747/332 748/748/332 746/746/332
f 747/747/333 749/749/333 750/750/333 748/748/333
f 749/749/334 751/751/334 752/752/334 750/750/334
f 751/751/335 753/753/335 754/754/335 752/752/335
f 753/753/336 755/755/336 756/756/336 754/754/336
f 757/757/337 758/758/337 759/759/337 760/760/337
f 760/760/338 761/761/338 762/762/338 757/757/338
f 761/761/339 763/763/339 764/764/339 762/762/339
f 763/763/340 765/765/340 766/766/340 764/764/340
f 765/765/341 767/767/341 768/768/341 766/766/341
f 767/767/342 769/769/342 770/770/342 768/768/342
f 769/769/343 771/771/343 772/772/343 770/770/343
f 771/771/344 773/773/344 774/774/344 772/772/344
f 775/775/345 776/776/345 777/777/345 778/778/345
f 778/778/346 779/779/346 780/780/346 775/775/346
f 779/779/347 781/781/347 782/782/347 780/780/347
f 781/781/348 783/783/348 784/784/348 782/782/348
f 783/783/349 785/785/349 786/786/349 784/784/349
f 785/785/350 787/787/350 788/788/350 786/786/350
f 787/787/351 789/789/351 790/790/351 788/788/351
f 789/789/352 791/791/352 792/792/352 790/790/352
f 793/793/353 794/794/353 795/795/353 796/796/353
f 796/796/354 797/797/354 798/798/354 793/793/354
f 797/797/355 799/799/355 800/800/355 798/798/355
f 799/799/356 801/801/356 802/802/356 800/800/356
f 801/801/357 803/803/357 804/804/357 802/802/357
f 803/803/358 805/805/358 806/806/358 804/804/358
f 805/805/359 807/807/359 808/808/359 806/806/359
f 807/807/360 809/809/360 810/810/360 808/808/360
f 811/811/361 812/812/361 813/813/361 814/814/361
f 814/814/362 815/815/362 816/816/362 811/811/362
f 815/815/363 817/817/363 818/818/363 816/816/363
f 817/817/364 819/819/364 820/820/364 818/818/364
f 819/819/365 821/821/365 822/822/365 820/820/365
f 821/821/366 823/823/366 824/824/366 822/822/366
f 823/823/367 825/825/367 826/826/367 824/824/367
f 825/825/368 827/827/368 828/828/368 826/826/368
f 829/829/369 830/830/369 831/831/369 832/832/369
f 832/832/370 833/833/370 834/834/370 829/829/370
f 833/833/371 835/835/371 836/836/371 834/834/371
f 835/835/372 837/837/372 838/838/372 836/836/372
f 837/837/373 839/839/373 840/840/373 838/838/373
f 839/839/374 841/841/374 842/842/374 840/840/374
f 841/841/375 843/843/375 844/844/375 842/842/375
f 843/843/376 845/845/376 846/846/376 844/844/376
f 847/847/377 848/848/377 849/849/377 850/850/377
f 850/850/378 851/851/378 852/852/378 847/847/378
f 851/851/379 853/853/379 854/854/379 852/852/379
f 853/853/380 855/855/380 856/856/380 854/854/380
f 855/855/381 857/857/381 858/858/381 856/856/381
f 857/857/382 859/859/382 860/860/382 858/858/382
f 859/859/383 861/861/383 862/862/383 860/860/383
f 861/861/384 863/863/384 864/864/384 862/862/384
f 865/865/385 866/866/385 867/867/385 868/868/385
f 868/868/386 869/869/386 870/870/386 865/865/386
f 869/869/387 871/871/387 872/872/387 870/870/387
f 871/871/388 873/873/388 874/874/388 872/872/388
f 873/873/389 875/875/389 876/876/389 874/874/389
f 875/875/390 877/877/390 878/878/390 876/876/390
f 877/877/391 879/879/391 880/880/391 878/878/391
f 879/879/392 881/881/392 882/882/392 880/880/392
f 883/883/393 884/884/393 885/885/393 886/886/393
f 886/886/394 887/887/394 888/888/394 883/883/394
f 887/887/395 889/889/395 890/890/395 888/888/395
f 889/889/396 891/891/396 892/892/396 890/890/396
f 891/891/397 893/893/397 894/894/397 892/892/397
f 893/893/398 895/895/398 896/896/398 894/894/398
f 895/895/399 897/897/399 898/898/399 896/896/399
f 897/897/400 899/899/400 900/900/400 898/898/400
f 901/901/401 902/902/401 903/903/401 904/904/401
f 904/904/402 905/905/402 906/906/402 901/901/402
f 905/905/403 907/907/403 908/908/403 906/906/403
f 907/907/404 909/909/404 910/910/404 908/908/404
f 909/909/405 911/911/405 912/912/405 910/910/405
f 911/911/406 913/913/406 914/914/406 912/912/406
f 913/913/407 915/915/407 916/916/407 914/914/407
f 915/915/408 917/917/408 918/918/408 916/916/408
f 919/919/409 920/920/409 921/921/409 922/922/409
f 922/922/410 923/923/410 924/924/410 919/919/410
f 923/923/411 925/925/411 926/926/411 924/924/411
f 925/925/412 927/927/412 928/928/412 926/926/412
f 927/927/413 929/929/413 930/930/413 928/928/413
f 929/929/414 931/931/414 932/932/414 930/930/414
f 931/931/415 933/933/415 934/934/415 932/932/415
f 933/933/416 935/935/416 936/936/416 934/934/416
f 937/937/417 938/938/417 939/939/417 940/940/417
f 940/940/418 941/941/418 942/942/418 937/937/418
f 941/941/419 943/943/419 944/944/419 942/942/419
f 943/943/420 945/945/420 946/946/420 944/944/420
f 945/945/421 947/947/421 948/948/421 946/946/421
f 947/947/422 949/949/422 950/950/422 948/948/422
f 949/949/423 951/951/423 952/952/423 950/950/423
f 951/951/424 953/953/424 954/954/424 952/952/424
f 955/955/425 956/956/425 957/957/425 958/958/425
f 958/958/426 959/959/426 960/960/426 955/955/426
f 959/959/427 961/961/427 962/962/427 960/960/427
f 961/961/428 963/963/428 964/964/428 962/962/428
f 963/963/429 965/965/429 966/966/429 964/964/429
f 965/965/430 967/967/430 968/968/430 966/966/430
f 967/967/431 969/969/431 970/970/431 968/968/431
f 969/969/432 971/971/432 972/972/432 970/970/432
f 973/973/433 974/974/433 975/975/433 976/976/433
f 976/976/434 977/977/434 978/978/434 973/973/434
f 977/977/435 979/979/435 980/980/435 978/978/435
f 979/979/436 981/981/436 982/982/436 980/980/436
f 981/981/437 983/983/437 984/984/437 982/982/437
f 983/983/438 985/985/438 986/986/438 984/984/438
f 985/985/439 987/987/439 988/988/439 986/986/439
f 987/987/440 989/989/440 990/990/440 988/988/440
f 991/991/441 992/992/441 993/993/441 994/994/441
f 994/994/442 995/995/442 996/996/442 991/991/442
f 995/995/443 997/997/443 998/998/443 996/996/443
f 997/997/444 999/999/444 1000/1000/444 998/998/444
f 999/999/445 1001/1001/445 1002/1002/445 1000/1000/445
f 1001/1001/446 1003/1003/446 1004/1004/446 1002/1002/446
f 1003/1003/447 1005/1005/447 1006/1006/447 1004/1004/447
f 1005/1005/448 1007/1007/448 1008/1008/448 1006/1006/448
f 1009/1009/449 1010/1010/449 1011/1011/449 1012/1012/449
f 1012/1012/450 1013/1013/450 1014/1014/450 1009/1009/450
f 1013/1013/451 1015/1015/451 1016/1016/451 1014/1014/451
f 1015/1015/452 1017/1017/452 1018/1018/452 1016/1016/452
f 1017/1017/453 1019/1019/453 1020/1020/453 1018/1018/453
f 1019/1019/454 1021/1021/454 1022/1022/454 1020/1020/454
f 1021/1021/455 1023/1023/455 1024/1024/455 1022/1022/455
f 1023/1023/456 1025/1025/456 1026/1026/456 1024/1024/456
f 1027/1027/457 1028/1028/457 1029/1029/457 1030/1030/457
f 1030/1030/458 1031/1031/458 1032/1032/458 1027/1027/458
f 1031/1031/459 1033/1033/459 1034/1034/459 1032/1032/459
f 1033/1033/460 1035/1035/460 1036/1036/460 1034/1034/460
f 1035/1035/461 1037/1037/461 1038/1038/461 1036/1036/461
f 1037/1037/462 1039/1039/462 1040/1040/462 1038/1038/462
f 1039/1039/463 1041/1041/463 1042/1042/463 1040/1040/463
f 1041/1041/464 1043/1043/464 1044/1044/464 1042/1042/464
f 1045/1045/465 1046/1046/465 1047/1047/465 1048/1048/465
f 1048/1048/466 1049/1049/466 1050/1050/466 1045/1045/466
f 1049/1049/467 1051/1051/467 1052/1052/467 1050/1050/467
f 1051/1051/468 1053/1053/468 1054/1054/468 1052/1052/468
f 1053/1053/469 1055/1055/469 1056/1056/469 1054/1054/469
f 1055/1055/470 1057/1057/470 1058/1058/470 1056/1056/470
f 1057/1057/471 1059/1059/471 1060/1060/471 1058/1058/471
f 1059/1059/472 1061/1061/472 1062/1062/472 1060/1060/472
f 1063/1063/473 1064/1064/473 1065/1065/473 1066/1066/473
f 1066/1066/474 1067/1067/474 1068/1068/474 1063/1063/474
f 1067/1067/475 1069/1069/475 1070/1070/475 1068/1068/475
f 1069/1069/476 1071/1071/476 1072/1072/476 1070/1070/476
f 1071/1071/397 1073/1073/397 1074/1074/397 1072/1072/397
f 1073/1073/477 1075/1075/477 1076/1076/477 1074/1074/477
f 1075/1075/478 1077/1077/478 1078/1078/478 1076/1076/478
f 1077/1077/479 1079/1079/479 1080/1080/479 1078/1078/479
f 1081/1081/480 1082/1082/480 1083/1083/480 1084/1084/480
f 1084/1084/481 1085/1085/481 1086/1086/481 1081/1081/481
f 1085/1085/482 1087/1087/482 1088/1088/482 1086/1086/482
f 1087/1087/483 1089/1089/483 1090/1090/483 1088/1088/483
f 1089/1089/484 1091/1091/484 1092/1092/484 1090/1090/484
f 1091/1091/485 1093/1093/485 1094/1094/485 1092/1092/485
f 1093/1093/486 1095/1095/486 1096/1096/486 1094/1094/486
f 1095/1095/487 1097/1097/487 1098/1098/487 1096/1096/487
f 1099/1099/488 1100/1100/488 1101/1101/488 1102/1102/488
f 1102/1102/489 1103/1103/489 1104/1104/489 1099/1099/489
f 1103/1103/490 1105/1105/490 1106/1106/490 1104/1104/490
f 1105/1105/491 1107/1107/491 1108/1108/491 1106/1106/491
f 1107/1107/492 1109/1109/492 1110/1110/492 1108/1108/492
f 1109/1109/493 1111/1111/493 1112/1112/493 1110/1110/493
f 1111/1111/494 1113/1113/494 1114/1114/494 1112/1112/494
f 1113/1113/495 1115/1115/495 1116/1116/495 1114/1114/495
f 1117/1117/496 1118/1118/496 1119/1119/496 1120/1120/496
f 1120/1120/497 1121/1121/497 1122/1122/497 1117/1117/497
f 1121/1121/498 1123/1123/498 1124/1124/498 1122/1122/498
f 1123/1123/499 1125/1125/499 1126/1126/499 1124/1124/499
f 1125/1125/500 1127/1127/500 1128/1128/500 1126/1126/500
f 1127/1127/501 1129/1129/501 1130/1130/501 1128/1128/501
f 1129/1129/502 1131/1131/502 1132/1132/502 1130/1130/502
f 1131/1131/503 1133/1133/503 1134/1134/503 1132/1132/503
f 1135/1135/504 1136/1136/504 1137/1137/504 1138/1138/504
f 1138/1138/505 1139/1139/505 1140/1140/505 1135/1135/505
f 1139/1139/506 1141/1141/506 1142/1142/506 1140/1140/506
f 1141/1141/507 1143/1143/507 1144/1144/507 1142/1142/507
f 1143/1143/508 1145/1145/508 1146/1146/508 1144/1144/508
f 1145/1145/509 1147/1147/509 1148/1148/509 1146/1146/509
f 1147/1147/510 1149/1149/510 1150/1150/510 1148/1148/510
f 1149/1149/511 1151/1151/511 1152/1152/511 1150/1150/511
f 1153/1153/512 1154/1154/512 1155/1155/512 1156/1156/512
f 1156/1156/513 1157/1157/513 1158/1158/513 1153/1153/513
f 1157/1157/514 1159/1159/514 1160/1160/514 1158/1158/514
f 1159/1159/515 1161/1161/515 1162/1162/515 1160/1160/515
f 1161/1161/516 1163/1163/516 1164/1164/516 1162/1162/516
f 1163/1163/517 1165/1165/517 1166/1166/517 1164/1164/517
f 1165/1165/518 1167/1167/518 1168/1168/518 1166/1166/518
f 1167/1167/519 1169/1169/519 1170/1170/519 1168/1168/519
f 1171/1171/520 1172/1172/520 1173/1173/520 1174/1174/520
f 1174/1174/521 1175/1175/521 1176/1176/521 1171/1171/521
f 1175/1175/522 1177/1177/522 1178/1178/522 1176/1176/522
f 1177/1177/523 1179/1179/523 1180/1180/523 1178/1178/523
f 1179/1179/524 1181/1181/524 1182/1182/524 1180/1180/524
f 1181/1181/525 1183/1183/525 1184/1184/525 1182/1182/525
f 1183/1183/526 1185/1185/526 1186/1186/526 1184/1184/526
f 1185/1185/527 1187/1187/527 1188/1188/527 1186/1186/527
f 1189/1189/528 1190/1190/528 1191/1191/528 1192/1192/528
f 1192/1192/529 1193/1193/529 1194/1194/529 1189/1189/529
f 1193/1193/530 1195/1195/530 1196/1196/530 1194/1194/530
f 1195/1195/531 1197/1197/531 1198/1198/531 1196/1196/531
f 1197/1197/532 1199/1199/532 1200/1200/532 1198/1198/532
f 1199/1199/533 1201/1201/533 1202/1202/533 1200/1200/533
f 1201/1201/534 1203/1203/534 1204/1204/534 1202/1202/534
f 1203/1203/535 1205/1205/535 1206/1206/535 1204/1204/535
f 1207/1207/536 1208/1208/536 1209/1209/536 1210/1210/536
f 1210/1210/537 1211/1211/537 1212/1212/537 1207/1207/537
f 1211/1211/538 1213/1213/538 1214/1214/538 1212/1212/538
f 1213/1213/539 1215/1215/539 1216/1216/539 1214/1214/539
f 1215/1215/540 1217/1217/540 1218/1218/540 1216/1216/540
f 1217/1217/541 1219/1219/541 1220/1220/541 1218/1218/541
f 1219/1219/542 1221/1221/542 1222/1222/542 1220/1220/542
f 1221/1221/543 1223/1223/543 1224/1224/543 1222/1222/543
f 1225/1225/544 1226/1226/544 1227/1227/544 1228/1228/544
f 1228/1228/545 1229/1229/545 1230/1230/545 1225/1225/545
f 1229/1229/546 1231/1231/546 1232/1232/546 1230/1230/546
f 1231/1231/547 1233/1233/547 1234/1234/547 1232/1232/547
f 1233/1233/548 1235/1235/548 1236/1236/548 1234/1234/548
f 1235/1235/549 1237/1237/549 1238/1238/549 1236/1236/549
f 1237/1237/550 1239/1239/550 1240/1240/550 1238/1238/550
f 1239/1239/551 1241/1241/551 1242/1242/551 1240/1240/551
f 1243/1243/552 1244/1244/552 1245/1245/552 1246/1246/552
f 1246/1246/553 1247/1247/553 1248/1248/553 1243/1243/553
f 1247/1247/554 1249/1249/554 1250/1250/554 1248/1248/554
f 1249/1249/555 1251/1251/555 1252/1252/555 1250/1250/555
f 1251/1251/556 1253/1253/556 1254/1254/556 1252/1252/556
f 1253/1253/557 1255/1255/557 1256/1256/557 1254/1254/557
f 1255/1255/558 1257/1257/558 1258/1258/558 1256/1256/558
f 1257/1257/559 1259/1259/559 1260/1260/559 1258/1258/559
f 1261/1261/560 1262/1262/560 1263/1263/560 1264/1264/560
f 1264/1264/561 1265/1265/561 1266/1266/561 1261/1261/561
f 1265/1265/562 1267/1267/562 1268/1268/562 1266/1266/562
f 1267/1267/563 1269/1269/563 1270/1270/563 1268/1268/563
f 1269/1269/564 1271/1271/564 1272/1272/564 1270/1270/564
f 1271/1271/565 1273/1273/565 1274/1274/565 1272/1272/565
f 1273/1273/566 1275/1275/566 1276/1276/566 1274/1274/566
f 1275/1275/567 1277/1277/567 1278/1278/567 1276/1276/567
f 1279/1279/568 1280/1280/568 1281/1281/568 1282/1282/568
f 1282/1282/569 1283/1283/569 1284/1284/569 1279/1279/569
f 1283/1283/570 1285/1285/570 1286/1286/570 1284/1284/570
f 1285/1285/571 1287/1287/571 1288/1288/571 1286/1286/571
f 1287/1287/572 1289/1289/572 1290/1290/572 1288/1288/572
f 1289/1289/573 1291/1291/573 1292/1292/573 1290/1290/573
f 1291/1291/574 1293/1293/574 1294/1294/574 1292/1292/574
f 1293/1293/575 1295/1295/575 1296/1296/575 1294/1294/575
f 1297/1297/576 1298/1298/576 1299/1299/576 1300/1300/576
f 1300/1300/577 1301/1301/577 1302/1302/577 1297/1297/577
f 1301/1301/578 1303/1303/578 1304/1304/578 1302/1302/578
f 1303/1303/579 1305/1305/579 1306/1306/579 1304/1304/579
f 1305/1305/580 1307/1307/580 1308/1308/580 1306/1306/580
f 1307/1307/581 1309/1309/581 1310/1310/581 1308/1308/581
f 1309/1309/582 1311/1311/582 1312/1312/582 1310/1310/582
f 1311/1311/583 1313/1313/583 1314/1314/583 1312/1312/583
f 1315/1315/584 1316/1316/584 1317/1317/584 1318/1318/584
f 1318/1318/585 1319/1319/585 1320/1320/585 1315/1315/585
f 1319/1319/586 1321/1321/586 1322/1322/586 1320/1320/586
f 1321/1321/587 1323/1323/587 1324/1324/587 1322/1322/587
f 1323/1323/588 1325/1325/588 1326/1326/588 1324/1324/588
f 1325/1325/589 1327/1327/589 1328/1328/589 1326/1326/589
f 1327/1327/590 1329/1329/590 1330/1330/590 1328/1328/590
f 1329/1329/591 1331/1331/591 1332/1332/591 1330/1330/591
f 1333/1333/592 1334/1334/592 1335/1335/592 1336/1336/592
f 1336/1336/593 1337/1337/593 1338/1338/593 1333/1333/593
f 1337/1337/594 1339/1339/594 1340/1340/594 1338/1338/594
f 1339/1339/595 1341/1341/595 1342/1342/595 1340/1340/595
f 1341/1341/596 1343/1343/596 1344/1344/596 1342/1342/596
f 1343/1343/597 1345/1345/597 1346/1346/597 1344/1344/597
f 1345/1345/598 1347/1347/598 1348/1348/598 1346/1346/598
f 1347/1347/599 1349/1349/599 1350/1350/599 1348/1348/599
f 1351/1351/600 1352/1352/600 1353/1353/600 1354/1354/600
f 1354/1354/601 1355/1355/601 1356/1356/601 1351/1351/601
f 1355/1355/602 1357/1357/602 1358/1358/602 1356/1356/602
f 1357/1357/603 1359/1359/603 1360/1360/603 1358/1358/603
f 1359/1359/604 1361/1361/604 1362/1362/604 1360/1360/604
f 1361/1361/605 1363/1363/605 1364/1364/605 1362/1362/605
f 1363/1363/606 1365/1365/606 1366/1366/606 1364/1364/606
f 1365/1365/607 1367/1367/607 1368/1368/607 1366/1366/607
f 1369/1369/608 1370/1370/608 1371/1371/608 1372/1372/608
f 1372/1372/609 1373/1373/609 1374/1374/609 1369/1369/609
f 1373/1373/610 1375/1375/610 1376/1376/610 1374/1374/610
f 1375/1375/611 1377/1377/611 1378/1378/611 1376/1376/611
f 1377/1377/612 1379/1379/612 1380/1380/612 1378/1378/612
f 1379/1379/613 1381/1381/613 1382/1382/613 1380/1380/613
f 1381/1381/614 1383/1383/614 1384/1384/614 1382/1382/614
f 1383/1383/615 1385/1385/615 1386/1386/615 1384/1384/615
f 1387/1387/616 1388/1388/616 1389/1389/616 1390/1390/616
f 1390/1390/617 1391/1391/617 1392/1392/617 1387/1387/617
f 1391/1391/618 1393/1393/618 1394/1394/618 1392/1392/618
f 1393/1393/619 1395/1395/619 1396/1396/619 1394/1394/619
f 1395/1395/620 1397/1397/620 1398/1398/620 1396/1396/620
f 1397/1397/621 1399/1399/621 1400/1400/621 1398/1398/621
f 1399/1399/622 1401/1401/622 1402/1402/622 1400/1400/622
f 1401/1401/623 1403/1403/623 1404/1404/623 1402/1402/623
f 1405/1405/624 1406/1406/624 1407/1407/624 1408/1408/624
f 1408/1408/625 1409/1409/625 1410/1410/625 1405/1405/625
f 1409/1409/626 1411/1411/626 1412/1412/626 1410/1410/626
f 1411/1411/627 1413/1413/627 1414/1414/627 1412/1412/627
f 1413/1413/628 1415/1415/628 1416/1416/628 1414/1414/628
f 1415/1415/629 1417/1417/629 1418/1418/629 1416/1416/629
f 1417/1417/630 1419/1419/630 1420/1420/630 1418/1418/630
f 1419/1419/631 1421/1421/631 1422/1422/631 1420/1420/631
f 1423/1423/632 1424/1424/632 1425/1425/632 1426/1426/632
f 1426/1426/633 1427/1427/633 1428/1428/633 1423/1423/633
f 1427/1427/634 1429/1429/634 1430/1430/634 1428/1428/634
f 1429/1429/635 1431/1431/635 1432/1432/635 1430/1430/635
f 1431/1431/636 1433/1433/636 1434/1434/636 1432/1432/636
f 1433/1433/637 1435/1435/637 1436/1436/637 1434/1434/637
f 1435/1435/638 1437/1437/638 1438/1438/638 1436/1436/638
f 1437/1437/639 1439/1439/639 1440/1440/639 1438/1438/639
f 1441/1441/640 1442/1442/640 1443/1443/640 1444/1444/640
f 1444/1444/641 1445/1445/641 1446/1446/641 1441/1441/641
f 1445/1445/642 1447/1447/642 1448/1448/642 1446/1446/642
f 1447/1447/643 1449/1449/643 1450/1450/643 1448/1448/643
f 1449/1449/644 1451/1451/644 1452/1452/644 1450/1450/644
f 1451/1451/645 1453/1453/645 1454/1454/645 1452/1452/645
f 1453/1453/646 1455/1455/646 1456/1456/646 1454/1454/646
f 1455/1455/647 1457/1457/647 1458/1458/647 1456/1456/647
f 1459/1459/648 1460/1460/648 1461/1461/648 1462/1462/648
f 1462/1462/649 1463/1463/649 1464/1464/649 1459/1459/649
f 1463/1463/650 1465/1465/650 1466/1466/650 1464/1464/650
f 1465/1465/651 1467/1467/651 1468/1468/651 1466/1466/651
f 1467/1467/652 1469/1469/652 1470/1470/652 1468/1468/652
f 1469/1469/653 1471/1471/653 1472/1472/653 1470/1470/653
f 1471/1471/654 1473/1473/654 1474/1474/654 1472/1472/654
f 1473/1473/655 1475/1475/655 1476/1476/655 1474/1474/655
f 1477/1477/656 1478/1478/656 1479/1479/656 1480/1480/656
f 1480/1480/657 1481/1481/657 1482/1482/657 1477/1477/657
f 1481/1481/658 1483/1483/658 1484/1484/658 1482/1482/658
f 1483/1483/659 1485/1485/659 1486/1486/659 1484/1484/659
f 1485/1485/660 1487/1487/660 1488/1488/660 1486/1486/660
f 1487/1487/661 1489/1489/661 1490/1490/661 1488/1488/661
f 1489/1489/662 1491/1491/662 1492/1492/662 1490/1490/662
f 1491/1491/663 1493/1493/663 1494/1494/663 1492/1492/663
f 1495/1495/664 1496/1496/664 1497/1497/664 1498/1498/664
f 1498/1498/665 1499/1499/665 1500/1500/665 1495/1495/665
f 1499/1499/666 1501/1501/666 1502/1502/666 1500/1500/666
f 1501/1501/667 1503/1503/667 1504/1504/667 1502/1502/667
f 1503/1503/668 1505/1505/668 1506/1506/668 1504/1504/668
f 1505/1505/669 1507/1507/669 1508/1508/669 1506/1506/669
f 1507/1507/670 1509/1509/670 1510/1510/670 1508/1508/670
f 1509/1509/671 1511/1511/671 1512/1512/671 1510/1510/671
f 1513/1513/672 1514/1514/672 1515/1515/672 1516/1516/672
f 1516/1516/673 1517/1517/673 1518/1518/673 1513/1513/673
f 1517/1517/674 1519/1519/674 1520/1520/674 1518/1518/674
f 1519/1519/675 1521/1521/675 1522/1522/675 1520/1520/675
f 1521/1521/676 1523/1523/676 1524/1524/676 1522/1522/676
f 1523/1523/677 1525/1525/677 1526/1526/677 1524/1524/677
f 1525/1525/678 1527/1527/678 1528/1528/678 1526/1526/678
f 1527/1527/679 1529/1529/679 1530/1530/679 1528/1528/679
f 1531/1531/680 1532/1532/680 1533/1533/680 1534/1534/680
f 1534/1534/681 1535/1535/681 1536/1536/681 1531/1531/681
f 1535/1535/682 1537/1537/682 1538/1538/682 1536/1536/682
f 1537/1537/683 1539/1539/683 1540/1540/683 1538/1538/683
f 1539/1539/684 1541/1541/684 1542/1542/684 1540/1540/684
f 1541/1541/685 1543/1543/685 1544/1544/685 1542/1542/685
f 1543/1543/686 1545/1545/686 1546/1546/686 1544/1544/686
f 1545/1545/687 1547/1547/687 1548/1548/687 1546/1546/687
f 1549/1549/688 1550/1550/688 1551/1551/688 1552/1552/688
f 1552/1552/689 1553/1553/689 1554/1554/689 1549/1549/689
f 1553/1553/690 1555/1555/690 1556/1556/690 1554/1554/690
f 1555/1555/691 1557/1557/691 1558/1558/691 1556/1556/691
f 1557/1557/692 1559/1559/692 1560/1560/692 1558/1558/692
f 1559/1559/693 1561/1561/693 1562/1562/693 1560/1560/693
f 1561/1561/694 1563/1563/694 1564/1564/694 1562/1562/694
f 1563/1563/695 1565/1565/695 1566/1566/695 1564/1564/695
f 1567/1567/696 1568/1568/696 1569/1569/696 1570/1570/696
f 1570/1570/697 1571/1571/697 1572/1572/697 1567/1567/697
f 1571/1571/698 1573/1573/698 1574/1574/698 1572/1572/698
f 1573/1573/699 1575/1575/699 1576/1576/699 1574/1574/699
f 1575/1575/700 1577/1577/700 1578/1578/700 1576/1576/700
f 1577/1577/701 1579/1579/701 1580/1580/701 1578/1578/701
f 1579/1579/702 1581/1581/702 1582/1582/702 1580/1580/702
f 1581/1581/703 1583/1583/703 1584/1584/703 1582/1582/703
f 1585/1585/704 1586/1586/704 1587/1587/704 1588/1588/704
f 1588/1588/705 1589/1589/705 1590/1590/705 1585/1585/705
f 1589/1589/706 1591/1591/706 1592/1592/706 1590/1590/706
f 1591/1591/707 1593/1593/707 1594/1594/707 1592/1592/707
f 1593/1593/708 1595/1595/708 1596/1596/708 1594/1594/708
f 1595/1595/709 1597/1597/709 1598/1598/709 1596/1596/709
f 1597/1597/710 1599/1599/710 1600/1600/710 1598/1598/710
f 1599/1599/711 1601/1601/711 1602/1602/711 1600/1600/711
f 1603/1603/712 1604/1604/712 1605/1605/712 1606/1606/712
f 1606/1606/713 1607/1607/713 1608/1608/713 1603/1603/713
f 1607/1607/714 1609/1609/714 1610/1610/714 1608/1608/714
f 1609/1609/715 1611/1611/715 1612/1612/715 1610/1610/715
f 1611/1611/716 1613/1613/716 1614/1614/716 1612/1612/716
f 1613/1613/717 1615/1615/717 1616/1616/717 1614/1614/717
f 1615/1615/718 1617/1617/718 1618/1618/718 1616/1616/718
f 1617/1617/719 1619/1619/719 1620/1620/719 1618/1618/719
f 1621/1621/720 1622/1622/720 1623/1623/720 1624/1624/720
f 1624/1624/721 1625/1625/721 1626/1626/721 1621/1621/721
f 1625/1625/722 1627/1627/722 1628/1628/722 1626/1626/722
f 1627/1627/723 1629/1629/723 1630/1630/723 1628/1628/723
f 1629/1629/724 1631/1631/724 1632/1632/724 1630/1630/724
f 1631/1631/725 1633/1633/725 1634/1634/725 1632/1632/725
f 1633/1633/726 1635/1635/726 1636/1636/726 1634/1634/726
f 1635/1635/727 1637/1637/727 1638/1638/727 1636/1636/727
f 1639/1639/728 1640/1640/728 1641/1641/728 1642/1642/728
f 1642/1642/729 1643/1643/729 1644/1644/729 1639/1639/729
f 1643/1643/730 1645/1645/730 1646/1646/730 1644/1644/730
f 1645/1645/731 1647/1647/731 1648/1648/731 1646/1646/731
f 1647/1647/732 1649/1649/732 1650/1650/732 1648/1648/732
f 1649/1649/733 1651/1651/733 1652/1652/733 1650/1650/733
f 1651/1651/734 1653/1653/734 1654/1654/734 1652/1652/734
f 1653/1653/735 1655/1655/735 1656/1656/735 1654/1654/735
f 1657/1657/736 1658/1658/736 1659/1659/736 1660/1660/736
f 1660/1660/737 1661/1661/737 1662/1662/737 1657/1657/737
f 1661/1661/738 1663/1663/738 1664/1664/738 1662/1662/738
f 1663/1663/739 1665/1665/739 1666/1666/739 1664/1664/739
f 1665/1665/740 1667/1667/740 1668/1668/740 1666/1666/740
f 1667/1667/741 1669/1669/741 1670/1670/741 1668/1668/741
f 1669/1669/742 1671/1671/742 1672/1672/742 1670/1670/742
f 1671/1671/743 1673/1673/743 1674/1674/743 1672/1672/743
f 1675/1675/744 1676/1676/744 1677/1677/744 1678/1678/744
f 1678/1678/745 1679/1679/745 1680/1680/745 1675/1675/745
f 1679/1679/746 1681/1681/746 1682/1682/746 1680/1680/746
f 1681/1681/747 1683/1683/747 1684/1684/747 1682/1682/747
f 1683/1683/748 1685/1685/748 1686/1686/748 1684/1684/748
f 1685/1685/749 1687/1687/749 1688/1688/749 1686/1686/749
f 1687/1687/750 1689/1689/750 1690/1690/750 1688/1688/750
f 1689/1689/751 1691/1691/751 1692/1692/751 1690/1690/751
f 1693/1693/752 1694/1694/752 1695/1695/752 1696/1696/752
f 1696/1696/753 1697/1697/753 1698/1698/753 1693/1693/753
f 1697/1697/754 1699/1699/754 1700/1700/754 1698/1698/754
f 1699/1699/755 1701/1701/755 1702/1702/755 1700/1700/755
f 1701/1701/756 1703/1703/756 1704/1704/756 1702/1702/756
f 1703/1703/757 1705/1705/757 1706/1706/757 1704/1704/757
f 1705/1705/758 1707/1707/758 1708/1708/758 1706/1706/758
f 1707/1707/759 1709/1709/759 1710/1710/759 1708/1708/759
f 1711/1711/760 1712/1712/760 1713/1713/760 1714/1714/760
f 1714/1714/761 1715/1715/761 1716/1716/761 1711/1711/761
f 1715/1715/762 1717/1717/762 1718/1718/762 1716/1716/762
f 1717/1717/763 1719/1719/763 1720/1720/763 1718/1718/763
f 1719/1719/764 1721/1721/764 1722/1722/764 1720/1720/764
f 1721/1721/765 1723/1723/765 1724/1724/765 1722/1722/765
f 1723/1723/766 1725/1725/766 1726/1726/766 1724/1724/766
f 1725/1725/767 1727/1727/767 1728/1728/767 1726/1726/767
f 1729/1729/768 1730/1730/768 1731/1731/768 1732/1732/768
f 1732/1732/769 1733/1733/769 1734/1734/769 1729/1729/769
f 1733/1733/770 1735/1735/770 1736/1736/770 1734/1734/770
f 1735/1735/771 1737/1737/771 1738/1738/771 1736/1736/771
f 1737/1737/772 1739/1739/772 1740/1740/772 1738/1738/772
f 1739/1739/773 1741/1741/773 1742/1742/773 1740/1740/773
f 1741/1741/774 1743/1743/774 1744/1744/774 1742/1742/774
f 1743/1743/775 1745/1745/775 1746/1746/775 1744/1744/775
f 1747/1747/776 1748/1748/776 1749/1749/776 1750/1750/776
f 1750/1750/777 1751/1751/777 1752/1752/777 1747/1747/777
f 1751/1751/778 1753/1753/778 1754/1754/778 1752/1752/778
f 1753/1753/779 1755/1755/779 1756/1756/779 1754/1754/779
f 1755/1755/780 1757/1757/780 1758/1758/780 1756/1756/780
f 1757/1757/781 1759/1759/781 1760/1760/781 1758/1758/781
f 1759/1759/782 1761/1761/782 1762/1762/782 1760/1760/782
f 1761/1761/783 1763/1763/783 1764/1764/783 1762/1762/783
f 1765/1765/784 1766/1766/784 1767/1767/784 1768/1768/784
f 1768/1768/785 1769/1769/785 1770/1770/785 1765/1765/785
f 1769/1769/786 1771/1771/786 1772/1772/786 1770/1770/786
f 1771/1771/787 1773/1773/787 1774/1774/787 1772/1772/787
f 1773/1773/788 1775/1775/788 1776/1776/788 1774/1774/788
f 1775/1775/789 1777/1777/789 1778/1778/789 1776/1776/789
f 1777/1777/790 1779/1779/790 1780/1780/790 1778/1778/790
f 1779/1779/791 1781/1781/791 1782/1782/791 1780/1780/791
f 1783/1783/792 1784/1784/792 1785/1785/792 1786/1786/792
f 1786/1786/793 1787/1787/793 1788/1788/793 1783/1783/793
f 1787/1787/794 1789/1789/794 1790/1790/794 1788/1788/794
f 1789/1789/795 1791/1791/795 1792/1792/795 1790/1790/795
f 1791/1791/796 1793/1793/796 1794/1794/796 1792/1792/796
f 1793/1793/797 1795/1795/797 1796/1796/797 1794/1794/797
f 1795/1795/798 1797/1797/798 1798/1798/798 1796/1796/798
f 1797/1797/799 1799/1799/799 1800/1800/799 1798/1798/799
f 1801/1801/800 1802/1802/800 1803/1803/800 1804/1804/800
f 1804/1804/801 1805/1805/801 1806/1806/801 1801/1801/801
f 1805/1805/802 1807/1807/802 1808/1808/802 1806/1806/802
f 1807/1807/803 1809/1809/803 1810/1810/803 1808/1808/803
f 1809/1809/804 1811/1811/804 1812/1812/804 1810/1810/804
f 1811/1811/805 1813/1813/805 1814/1814/805 1812/1812/805
f 1813/1813/806 1815/1815/806 1816/1816/806 1814/1814/806
f 1815/1815/807 1817/1817/807 1818/1818/807 1816/1816/807
f 1819/1819/808 1820/1820/808 1821/1821/808 1822/1822/808
f 1822/1822/809 1823/1823/809 1824/1824/809 1819/1819/809
f 1823/1823/810 1825/1825/810 1826/1826/810 1824/1824/810
f 1825/1825/811 1827/1827/811 1828/1828/811 1826/1826/811
f 1827/1827/812 1829/1829/812 1830/1830/812 1828/1828/812
f 1829/1829/813 1831/1831/813 1832/1832/813 1830/1830/813
f 1831/1831/814 1833/1833/814 1834/1834/814 1832/1832/814
f 1833/1833/815 1835/1835/815 1836/1836/815 1834/1834/815
f 1837/1837/816 1838/1838/816 1839/1839/816 1840/1840/816
f 1840/1840/817 1841/1841/817 1842/1842/817 1837/1837/817
f 1841/1841/818 1843/1843/818 1844/1844/818 1842/1842/818
f 1843/1843/819 1845/1845/819 1846/1846/819 1844/1844/819
f 1845/1845/820 1847/1847/820 1848/1848/820 1846/1846/820
f 1847/1847/821 1849/1849/821 1850/1850/821 1848/1848/821
f 1849/1849/822 1851/1851/822 1852/1852/822 1850/1850/822
f 1851/1851/823 1853/1853/823 1854/1854/823 1852/1852/823
f 1855/1855/824 1856/1856/824 1857/1857/824 1858/1858/824
f 1858/1858/825 1859/1859/825 1860/1860/825 1855/1855/825
f 1859/1859/826 1861/1861/826 1862/1862/826 1860/1860/826
f 1861/1861/827 1863/1863/827 1864/1864/827 1862/1862/827
f 1863/1863/828 1865/1865/828 1866/1866/828 1864/1864/828
f 1865/1865/829 1867/1867/829 1868/1868/829 1866/1866/829
f 1867/1867/830 1869/1869/830 1870/1870/830 1868/1868/830
f 1869/1869/831 1871/1871/831 1872/1872/831 1870/1870/831
f 1873/1873/832 1874/1874/832 1875/1875/832 1876/1876/832
f 1876/1876/833 1877/1877/833 1878/1878/833 1873/1873/833
f 1877/1877/834 1879/1879/834 1880/1880/834 1878/1878/834
f 1879/1879/835 1881/1881/835 1882/1882/835 1880/1880/835
f 1881/1881/836 1883/1883/836 1884/1884/836 1882/1882/836
f 1883/1883/837 1885/1885/837 1886/1886/837 1884/1884/837
f 1885/1885/838 1887/1887/838 1888/1888/838 1886/1886/838
f 1887/1887/839 1889/1889/839 1890/1890/839 1888/1888/839
f 1891/1891/840 1892/1892/840 1893/1893/840 1894/1894/840
f 1894/1894/841 1895/1895/841 1896/1896/841 1891/1891/841
f 1895/1895/842 1897/1897/842 1898/1898/842 1896/1896/842
f 1897/1897/843 1899/1899/843 1900/1900/843 1898/1898/843
f 1899/1899/844 1901/1901/844 1902/1902/844 1900/1900/844
f 1901/1901/845 1903/1903/845 1904/1904/845 1902/1902/845
f 1903/1903/846 1905/1905/846 1906/1906/846 1904/1904/846
f 1905/1905/847 1907/1907/847 1908/1908/847 1906/1906/847
f 1909/1909/848 1910/1910/848 1911/1911/848 1912/1912/848
f 1912/1912/849 1913/1913/849 1914/1914/849 1909/1909/849
f 1913/1913/850 1915/1915/850 1916/1916/850 1914/1914/850
f 1915/1915/851 1917/1917/851 1918/1918/851 1916/1916/851
f 1917/1917/852 1919/1919/852 1920/1920/852 1918/1918/852
f 1919/1919/853 1921/1921/853 1922/1922/853 1920/1920/853
f 1921/1921/854 1923/1923/854 1924/1924/854 1922/1922/854
f 1923/1923/855 1925/1925/855 1926/1926/855 1924/1924/855
f 1927/1927/856 1928/1928/856 1929/1929/856 1930/1930/856
f 1930/1930/857 1931/1931/857 1932/1932/857 1927/1927/857
f 1931/1931/858 1933/1933/858 1934/1934/858 1932/1932/858
f 1933/1933/859 1935/1935/859 1936/1936/859 1934/1934/859
f 1935/1935/860 1937/1937/860 1938/1938/860 1936/1936/860
f 1937/1937/861 1939/1939/861 1940/1940/861 1938/1938/861
f 1939/1939/862 1941/1941/862 1942/1942/862 1940/1940/862
f 1941/1941/863 1943/1943/863 1944/1944/863 1942/1942/863
f 1945/1945/864 1946/1946/864 1947/1947/864 1948/1948/864
f 1948/1948/865 1949/1949/865 1950/1950/865 1945/1945/865
f 1949/1949/866 1951/1951/866 1952/1952/866 1950/1950/866
f 1951/1951/867 1953/1953/867 1954/1954/867 1952/1952/867
f 1953/1953/868 1955/1955/868 1956/1956/868 1954/1954/868
f 1955/1955/869 1957/1957/869 1958/1958/869 1956/1956/869
f 1957/1957/870 1959/1959/870 1960/1960/870 1958/1958/870
f 1959/1959/871 1961/1961/871 1962/1962/871 1960/1960/871
f 1963/1963/872 1964/1964/872 1965/1965/872 1966/1966/872
f 1966/1966/873 1967/1967/873 1968/1968/873 1963/1963/873
f 1967/1967/874 1969/1969/874 1970/1970/874 1968/1968/874
f 1969/1969/875 1971/1971/875 1972/1972/875 1970/1970/875
f 1971/1971/876 1973/1973/876 1974/1974/876 1972/1972/876
f 1973/1973/877 1975/1975/877 1976/1976/877 1974/1974/877
f 1975/1975/878 1977/1977/878 1978/1978/878 1976/1976/878
f 1977/1977/879 1979/1979/879 1980/1980/879 1978/1978/879
f 1981/1981/880 1982/1982/880 1983/1983/880 1984/1984/880
f 1984/1984/881 1985/1985/881 1986/1986/881 1981/1981/881
f 1985/1985/882 1987/1987/882 1988/1988/882 1986/1986/882
f 1987/1987/883 1989/1989/883 1990/1990/883 1988/1988/883
f 1989/1989/884 1991/1991/884 1992/1992/884 1990/1990/884
f 1991/1991/885 1993/1993/885 1994/1994/885 1992/1992/885
f 1993/1993/886 1995/1995/886 1996/1996/886 1994/1994/886
f 1995/1995/887 1997/1997/887 1998/1998/887 1996/1996/887
f 1999/1999/888 2000/2000/888 2001/2001/888 2002/2002/888
f 2002/2002/889 2003/2003/889 2004/2004/889 1999/1999/889
f 2003/2003/890 2005/2005/890 2006/2006/890 2004/2004/890
f 2005/2005/891 2007/2007/891 2008/2008/891 2006/2006/891
f 2007/2007/892 2009/2009/892 2010/2010/892 2008/2008/892
f 2009/2009/893 2011/2011/893 2012/2012/893 2010/2010/893
f 2011/2011/894 2013/2013/894 2014/2014/894 2012/2012/894
f 2013/2013/895 2015/2015/895 2016/2016/895 2014/2014/895
f 2017/2017/896 2018/2018/896 2019/2019/896 2020/2020/896
f 2020/2020/897 2021/2021/897 2022/2022/897 2017/2017/897
f 2021/2021/898 2023/2023/898 2024/2024/898 2022/2022/898
f 2023/2023/899 2025/2025/899 2026/2026/899 2024/2024/899
f 2025/2025/900 2027/2027/900 2028/2028/900 2026/2026/900
f 2027/2027/901 2029/2029/901 2030/2030/901 2028/2028/901
f 2029/2029/902 2031/2031/902 2032/2032/902 2030/2030/902
f 2031/2031/903 2033/2033/903 2034/2034/903 2032/2032/903
f 2035/2035/904 2036/2036/904 2037/2037/904 2038/2038/904
f 2038/2038/905 2039/2039/905 2040/2040/905 2035/2035/905
f 2039/2039/906 2041/2041/906 2042/2042/906 2040/2040/906
f 2041/2041/907 2043/2043/907 2044/2044/907 2042/2042/907
f 2043/2043/908 2045/2045/908 2046/2046/908 2044/2044/908
f 2045/2045/909 2047/2047/909 2048/2048/909 2046/2046/909
f 2047/2047/910 2049/2049/910 2050/2050/910 2048/2048/910
f 2049/2049/911 2051/2051/911 2052/2052/911 2050/2050/911
f 2053/2053/912 2054/2054/912 2055/2055/912 2056/2056/912
f 2056/2056/913 2057/2057/913 2058/2058/913 2053/2053/913
f 2057/2057/914 2059/2059/914 2060/2060/914 2058/2058/914
f 2059/2059/915 2061/2061/915 2062/2062/915 2060/2060/915
f 2061/2061/916 2063/2063/916 2064/2064/916 2062/2062/916
f 2063/2063/917 2065/2065/917 2066/2066/917 2064/2064/917
f 2065/2065/918 2067/2067/918 2068/2068/918 2066/2066/918
f 2067/2067/919 2069/2069/919 2070/2070/919 2068/2068/919
f 2071/2071/920 2072/2072/920 2073/2073/920 2074/2074/920
f 2074/2074/921 2075/2075/921 2076/2076/921 2071/2071/921
f 2075/2075/922 2077/2077/922 2078/2078/922 2076/2076/922
f 2077/2077/923 2079/2079/923 2080/2080/923 2078/2078/923
f 2079/2079/924 2081/2081/924 2082/2082/924 2080/2080/924
f 2081/2081/925 2083/2083/925 2084/2084/925 2082/2082/925
f 2083/2083/926 2085/2085/926 2086/2086/926 2084/2084/926
f 2085/2085/927 2087/2087/927 2088/2088/927 2086/2086/927
f 2089/2089/928 2090/2090/928 2091/2091/928 2092/2092/928
f 2092/2092/929 2093/2093/929 2094/2094/929 2089/2089/929
f 2093/2093/930 2095/2095/930 2096/2096/930 2094/2094/930
f 2095/2095/931 2097/2097/931 2098/2098/931 2096/2096/931
f 2097/2097/932 2099/2099/932 2100/2100/932 2098/2098/932
f 2099/2099/933 2101/2101/933 2102/2102/933 2100/2100/933
f 2101/2101/934 2103/2103/934 2104/2104/934 2102/2102/934
f 2103/2103/935 2105/2105/935 2106/2106/935 2104/2104/935
f 2107/2107/936 2108/2108/936 2109/2109/936 2110/2110/936
f 2110/2110/937 2111/2111/937 2112/2112/937 2107/2107/937
f 2111/2111/938 2113/2113/938 2114/2114/938 2112/2112/938
f 2113/2113/939 2115/2115/939 2116/2116/939 2114/2114/939
f 2115/2115/940 2117/2117/940 2118/2118/940 2116/2116/940
f 2117/2117/941 2119/2119/941 2120/2120/941 2118/2118/941
f 2119/2119/942 2121/2121/942 2122/2122/942 2120/2120/942
f 2121/2121/943 2123/2123/943 2124/2124/943 2122/2122/943
f 2125/2125/944 2126/2126/944 2127/2127/944 2128/2128/944
f 2128/2128/945 2129/2129/945 2130/2130/945 2125/2125/945
f 2129/2129/946 2131/2131/946 2132/2132/946 2130/2130/946
f 2131/2131/947 2133/2133/947 2134/2134/947 2132/2132/947
f 2133/2133/948 2135/2135/948 2136/2136/948 2134/2134/948
f 2135/2135/949 2137/2137/949 2138/2138/949 2136/2136/949
f 2137/2137/950 2139/2139/950 2140/2140/950 2138/2138/950
f 2139/2139/951 2141/2141/951 2142/2142/951 2140/2140/951
f 2143/2143/952 2144/2144/952 2145/2145/952 2146/2146/952
f 2146/2146/953 2147/2147/953 2148/2148/953 2143/2143/953
f 2147/2147/954 2149/2149/954 2150/2150/954 2148/2148/954
f 2149/2149/955 2151/2151/955 2152/2152/955 2150/2150/955
f 2151/2151/956 2153/2153/956 2154/2154/956 2152/2152/956
f 2153/2153/957 2155/2155/957 2156/2156/957 2154/2154/957
f 2155/2155/958 2157/2157/958 2158/2158/958 2156/2156/958
f 2157/2157/959 2159/2159/959 2160/2160/959 2158/2158/959
f 2161/2161/960 2162/2162/960 2163/2163/960 2164/2164/960
f 2164/2164/961 2165/2165/961 2166/2166/961 2161/2161/961
f 2165/2165/962 2167/2167/962 2168/2168/962 2166/2166/962
f 2167/2167/963 2169/2169/963 2170/2170/963 2168/2168/963
f 2169/2169/964 2171/2171/964 2172/2172/964 2170/2170/964
f 2171/2171/965 2173/2173/965 2174/2174/965 2172/2172/965
f 2173/2173/966 2175/2175/966 2176/2176/966 2174/2174/966
f 2175/2175/967 2177/2177/967 2178/2178/967 2176/2176/967
f 2179/2179/968 2180/2180/968 2181/2181/968 2182/2182/968
f 2182/2182/969 2183/2183/969 2184/2184/969 2179/2179/969
f 2183/2183/970 2185/2185/970 2186/2186/970 2184/2184/970
f 2185/2185/971 2187/2187/971 2188/2188/971 2186/2186/971
f 2187/2187/972 2189/2189/972 2190/2190/972 2188/2188/972
f 2189/2189/973 2191/2191/973 2192/2192/973 2190/2190/973
f 2191/2191/974 2193/2193/974 2194/2194/974 2192/2192/974
f 2193/2193/975 2195/2195/975 2196/2196/975 2194/2194/975
f 2197/2197/976 2198/2198/976 2199/2199/976 2200/2200/976
f 2200/2200/977 2201/2201/977 2202/2202/977 2197/2197/977
f 2201/2201/978 2203/2203/978 2204/2204/978 2202/2202/978
f 2203/2203/979 2205/2205/979 2206/2206/979 2204/2204/979
f 2205/2205/980 2207/2207/980 2208/2208/980 2206/2206/980
f 2207/2207/981 2209/2209/981 2210/2210/981 2208/2208/981
f 2209/2209/982 2211/2211/982 2212/2212/982 2210/2210/982
f 2211/2211/983 2213/2213/983 2214/2214/983 2212/2212/983
f 2215/2215/984 2216/2216/984 2217/2217/984 2218/2218/984
f 2218/2218/985 2219/2219/985 2220/2220/985 2215/2215/985
f 2219/2219/986 2221/2221/986 2222/2222/986 2220/2220/986
f 2221/2221/987 2223/2223/987 2224/2224/987 2222/2222/987
f 2223/2223/988 2225/2225/988 2226/2226/988 2224/2224/988
f 2225/2225/989 2227/2227/989 2228/2228/989 2226/2226/989
f 2227/2227/990 2229/2229/990 2230/2230/990 2228/2228/990
f 2229/2229/991 2231/2231/991 2232/2232/991 2230/2230/991
f 2233/2233/992 2234/2234/992 2235/2235/992 2236/2236/992
f 2236/2236/993 2237/2237/993 2238/2238/993 2233/2233/993
f 2237/2237/994 2239/2239/994 2240/2240/994 2238/2238/994
f 2239/2239/995 2241/2241/995 2242/2242/995 2240/2240/995
f 2241/2241/996 2243/2243/996 2244/2244/996 2242/2242/996
f 2243/2243/997 2245/2245/997 2246/2246/997 2244/2244/997
f 2245/2245/998 2247/2247/998 2248/2248/998 2246/2246/998
f 2247/2247/999 2249/2249/999 2250/2250/999 2248/2248/999
f 2251/2251/1000 2252/2252/1000 2253/2253/1000 2254/2254/1000
f 2254/2254/1001 2255/2255/1001 2256/2256/1001 2251/2251/1001
f 2255/2255/1002 2257/2257/1002 2258/2258/1002 2256/2256/1002
f 2257/2257/1003 2259/2259/1003 2260/2260/1003 2258/2258/1003
f 2259/2259/1004 2261/2261/1004 2262/2262/1004 2260/2260/1004
f 2261/2261/1005 2263/2263/1005 2264/2264/1005 2262/2262/1005
f 2263/2263/1006 2265/2265/1006 2266/2266/1006 2264/2264/1006
f 2265/2265/1007 2267/2267/1007 2268/2268/1007 2266/2266/1007
f 2269/2269/1008 2270/2270/1008 2271/2271/1008 2272/2272/1008
f 2272/2272/1009 2273/2273/1009 2274/2274/1009 2269/2269/1009
f 2273/2273/1010 2275/2275/1010 2276/2276/1010 2274/2274/1010
f 2275/2275/1011 2277/2277/1011 2278/2278/1011 2276/2276/1011
f 2277/2277/1012 2279/2279/1012 2280/2280/1012 2278/2278/1012
f 2279/2279/1013 2281/2281/1013 2282/2282/1013 2280/2280/1013
f 2281/2281/1014 2283/2283/1014 2284/2284/1014 2282/2282/1014
f 2283/2283/1015 2285/2285/1015 2286/2286/1015 2284/2284/1015
f 2287/2287/1016 2288/2288/1016 2289/2289/1016 2290/2290/1016
f 2290/2290/1017 2291/2291/1017 2292/2292/1017 2287/2287/1017
f 2291/2291/1018 2293/2293/1018 2294/2294/1018 2292/2292/1018
f 2293/2293/1019 2295/2295/1019 2296/2296/1019 2294/2294/1019
f 2295/2295/1020 2297/2297/1020 2298/2298/1020 2296/2296/1020
f 2297/2297/1021 2299/2299/1021 2300/2300/1021 2298/2298/1021
f 2299/2299/1022 2301/2301/1022 2302/2302/1022 2300/2300/1022
f 2301/2301/1023 2303/2303/1023 2304/2304/1023 2302/2302/1023
f 2305/2305/1024 2306/2306/1024 2307/2307/1024 2308/2308/1024
f 2308/2308/1025 2309/2309/1025 2310/2310/1025 2305/2305/1025
f 2309/2309/1026 2311/2311/1026 2312/2312/1026 2310/2310/1026
f 2311/2311/1027 2313/2313/1027 2314/2314/1027 2312/2312/1027
f 2313/2313/1028 2315/2315/1028 2316/2316/1028 2314/2314/1028
f 2315/2315/1029 2317/2317/1029 2318/2318/1029 2316/2316/1029
f 2317/2317/1030 2319/2319/1030 2320/2320/1030 2318/2318/1030
f 2319/2319/1031 2321/2321/1031 2322/2322/1031 2320/2320/1031
f 2323/2323/1032 2324/2324/1032 2325/2325/1032 2326/2326/1032
f 2326/2326/1033 2327/2327/1033 2328/2328/1033 2323/2323/1033
f 2327/2327/1034 2329/2329/1034 2330/2330/1034 2328/2328/1034
f 2329/2329/1035 2331/2331/1035 2332/2332/1035 2330/2330/1035
f 2331/2331/1036 2333/2333/1036 2334/2334/1036 2332/2332/1036
f 2333/2333/1037 2335/2335/1037 2336/2336/1037 2334/2334/1037
f 2335/2335/1038 2337/2337/1038 2338/2338/1038 2336/2336/1038
f 2337/2337/1039 2339/2339/1039 2340/2340/1039 2338/2338/1039
f 2341/2341/1040 2342/2342/1040 2343/2343/1040 2344/2344/1040
f 2344/2344/1041 2345/2345/1041 2346/2346/1041 2341/2341/1041
f 2345/2345/1042 2347/2347/1042 2348/2348/1042 2346/2346/1042
f 2347/2347/1043 2349/2349/1043 2350/2350/1043 2348/2348/1043
f 2349/2349/1044 2351/2351/1044 2352/2352/1044 2350/2350/1044
f 2351/2351/1045 2353/2353/1045 2354/2354/1045 2352/2352/1045
f 2353/2353/1046 2355/2355/1046 2356/2356/1046 2354/2354/1046
f 2355/2355/1047 2357/2357/1047 2358/2358/1047 2356/2356/1047
f 2359/2359/1048 2360/2360/1048 2361/2361/1048 2362/2362/1048
f 2362/2362/1049 2363/2363/1049 2364/2364/1049 2359/2359/1049
f 2363/2363/1050 2365/2365/1050 2366/2366/1050 2364/2364/1050
f 2365/2365/1051 2367/2367/1051 2368/2368/1051 2366/2366/1051
f 2367/2367/1052 2369/2369/1052 2370/2370/1052 2368/2368/1052
f 2369/2369/1053 2371/2371/1053 2372/2372/1053 2370/2370/1053
f 2371/2371/1054 2373/2373/1054 2374/2374/1054 2372/2372/1054
f 2373/2373/1055 2375/2375/1055 2376/2376/1055 2374/2374/1055
f 2377/2377/1056 2378/2378/1056 2379/2379/1056 2380/2380/1056
f 2380/2380/1057 2381/2381/1057 2382/2382/1057 2377/2377/1057
f 2381/2381/1058 2383/2383/1058 2384/2384/1058 2382/2382/1058
f 2383/2383/1059 2385/2385/1059 2386/2386/1059 2384/2384/1059
f 2385/2385/1060 2387/2387/1060 2388/2388/1060 2386/2386/1060
f 2387/2387/1061 2389/2389/1061 2390/2390/1061 2388/2388/1061
f 2389/2389/1062 2391/2391/1062 2392/2392/1062 2390/2390/1062
f 2391/2391/1063 2393/2393/1063 2394/2394/1063 2392/2392/1063
f 2395/2395/1064 2396/2396/1064 2397/2397/1064 2398/2398/1064
f 2398/2398/1065 2399/2399/1065 2400/2400/1065 2395/2395/1065
f 2399/2399/1066 2401/2401/1066 2402/2402/1066 2400/2400/1066
f 2401/2401/1067 2403/2403/1067 2404/2404/1067 2402/2402/1067
f 2403/2403/1068 2405/2405/1068 2406/2406/1068 2404/2404/1068
f 2405/2405/1069 2407/2407/1069 2408/2408/1069 2406/2406/1069
f 2407/2407/1070 2409/2409/1070 2410/2410/1070 2408/2408/1070
f 2409/2409/1071 2411/2411/1071 2412/2412/1071 2410/2410/1071
f 2413/2413/1072 2414/2414/1072 2415/2415/1072 2416/2416/1072
f 2416/2416/1073 2417/2417/1073 2418/2418/1073 2413/2413/1073
f 2417/2417/1074 2419/2419/1074 2420/2420/1074 2418/2418/1074
f 2419/2419/1075 2421/2421/1075 2422/2422/1075 2420/2420/1075
f 2421/2421/1076 2423/2423/1076 2424/2424/1076 2422/2422/1076
f 2423/2423/1077 2425/2425/1077 2426/2426/1077 2424/2424/1077
f 2425/2425/1078 2427/2427/1078 2428/2428/1078 2426/2426/1078
f 2427/2427/1079 2429/2429/1079 2430/2430/1079 2428/2428/1079
f 2431/2431/1080 2432/2432/1080 2433/2433/1080 2434/2434/1080
f 2434/2434/1081 2435/2435/1081 2436/2436/1081 2431/2431/1081
f 2435/2435/1082 2437/2437/1082 2438/2438/1082 2436/2436/1082
f 2437/2437/1083 2439/2439/1083 2440/2440/1083 2438/2438/1083
f 2439/2439/1084 2441/2441/1084 2442/2442/1084 2440/2440/1084
f 2441/2441/1085 2443/2443/1085 2444/2444/1085 2442/2442/1085
f 2443/2443/1086 2445/2445/1086 2446/2446/1086 2444/2444/1086
f 2445/2445/1087 2447/2447/1087 2448/2448/1087 2446/2446/1087
f 2449/2449/1088 2450/2450/1088 2451/2451/1088 2452/2452/1088
f 2452/2452/1089 2453/2453/1089 2454/2454/1089 2449/2449/1089
f 2453/2453/1090 2455/2455/1090 2456/2456/1090 2454/2454/1090
f 2455/2455/1091 2457/2457/1091 2458/2458/1091 2456/2456/1091
f 2457/2457/1092 2459/2459/1092 2460/2460/1092 2458/2458/1092
f 2459/2459/1093 2461/2461/1093 2462/2462/1093 2460/2460/1093
f 2461/2461/1094 2463/2463/1094 2464/2464/1094 2462/2462/1094
f 2463/2463/1095 2465/2465/1095 2466/2466/1095 2464/2464/1095
f 2467/2467/1096 2468/2468/1096 2469/2469/1096 2470/2470/1096
f 2470/2470/1097 2471/2471/1097 2472/2472/1097 2467/2467/1097
f 2471/2471/1098 2473/2473/1098 2474/2474/1098 2472/2472/1098
f 2473/2473/1099 2475/2475/1099 2476/2476/1099 2474/2474/1099
f 2475/2475/1100 2477/2477/1100 2478/2478/1100 2476/2476/1100
f 2477/2477/1101 2479/2479/1101 2480/2480/1101 2478/2478/1101
f 2479/2479/1102 2481/2481/1102 2482/2482/1102 2480/2480/1102
f 2481/2481/1103 2483/2483/1103 2484/2484/1103 2482/2482/1103
f 2485/2485/1104 2486/2486/1104 2487/2487/1104 2488/2488/1104
f 2488/2488/1105 2489/2489/1105 2490/2490/1105 2485/2485/1105
f 2489/2489/1106 2491/2491/1106 2492/2492/1106 2490/2490/1106
f 2491/2491/1107 2493/2493/1107 2494/2494/1107 2492/2492/1107
f 2493/2493/1108 2495/2495/1108 2496/2496/1108 2494/2494/1108
f 2495/2495/1109 2497/2497/1109 2498/2498/1109 2496/2496/1109
f 2497/2497/1110 2499/2499/1110 2500/2500/1110 2498/2498/1110
f 2499/2499/1111 2501/2501/1111 2502/2502/1111 2500/2500/1111
f 2503/2503/1112 2504/2504/1112 2505/2505/1112 2506/2506/1112
f 2506/2506/1113 2507/2507/1113 2508/2508/1113 2503/2503/1113
f 2507/2507/1114 2509/2509/1114 2510/2510/1114 2508/2508/1114
f 2509/2509/1115 2511/2511/1115 2512/2512/1115 2510/2510/1115
f 2511/2511/1116 2513/2513/1116 2514/2514/1116 2512/2512/1116
f 2513/2513/1117 2515/2515/1117 2516/2516/1117 2514/2514/1117
f 2515/2515/1118 2517/2517/1118 2518/2518/1118 2516/2516/1118
f 2517/2517/1119 2519/2519/1119 2520/2520/1119 2518/2518/1119
f 2521/2521/1120 2522/2522/1120 2523/2523/1120 2524/2524/1120
f 2524/2524/1121 2525/2525/1121 2526/2526/1121 2521/2521/1121
f 2525/2525/1122 2527/2527/1122 2528/2528/1122 2526/2526/1122
f 2527/2527/1123 2529/2529/1123 2530/2530/1123 2528/2528/1123
f 2529/2529/1124 2531/2531/1124 2532/2532/1124 2530/2530/1124
f 2531/2531/1125 2533/2533/1125 2534/2534/1125 2532/2532/1125
f 2533/2533/1126 2535/2535/1126 2536/2536/1126 2534/2534/1126
f 2535/2535/1127 2537/2537/1127 2538/2538/1127 2536/2536/1127
f 2539/2539/1128 2540/2540/1128 2541/2541/1128 2542/2542/1128
f 2542/2542/1129 2543/2543/1129 2544/2544/1129 2539/2539/1129
f 2543/2543/1130 2545/2545/1130 2546/2546/1130 2544/2544/1130
f 2545/2545/1131 2547/2547/1131 2548/2548/1131 2546/2546/1131
f 2547/2547/1132 2549/2549/1132 2550/2550/1132 2548/2548/1132
f 2549/2549/1133 2551/2551/1133 2552/2552/1133 2550/2550/1133
f 2551/2551/1134 2553/2553/1134 2554/2554/1134 2552/2552/1134
f 2553/2553/1135 2555/2555/1135 2556/2556/1135 2554/2554/1135
f 2557/2557/1136 2558/2558/1136 2559/2559/1136 2560/2560/1136
f 2560/2560/1137 2561/2561/1137 2562/2562/1137 2557/2557/1137
f 2561/2561/1138 2563/2563/1138 2564/2564/1138 2562/2562/1138
f 2563/2563/1139 2565/2565/1139 2566/2566/1139 2564/2564/1139
f 2565/2565/1140 2567/2567/1140 2568/2568/1140 2566/2566/1140
f 2567/2567/1141 2569/2569/1141 2570/2570/1141 2568/2568/1141
f 2569/2569/1142 2571/2571/1142 2572/2572/1142 2570/2570/1142
f 2571/2571/1143 2573/2573/1143 2574/2574/1143 2572/2572/1143
f 2575/2575/1144 2576/2576/1144 2577/2577/1144 2578/2578/1144
f 2578/2578/1145 2579/2579/1145 2580/2580/1145 2575/2575/1145
f 2579/2579/1146 2581/2581/1146 2582/2582/1146 2580/2580/1146
f 2581/2581/1147 2583/2583/1147 2584/2584/1147 2582/2582/1147
f 2583/2583/1148 2585/2585/1148 2586/2586/1148 2584/2584/1148
f 2585/2585/1149 2587/2587/1149 2588/2588/1149 2586/2586/1149
f 2587/2587/1150 2589/2589/1150 2590/2590/1150 2588/2588/1150
f 2589/2589/1151 2591/2591/1151 2592/2592/1151 2590/2590/1151
f 2593/2593/1152 2594/2594/1152 2595/2595/1152 2596/2596/1152
f 2596/2596/1153 2597/2597/1153 2598/2598/1153 2593/2593/1153
f 2597/2597/1154 2599/2599/1154 2600/2600/1154 2598/2598/1154
f 2599/2599/1155 2601/2601/1155 2602/2602/1155 2600/2600/1155
f 2601/2601/1156 2603/2603/1156 2604/2604/1156 2602/2602/1156
f 2603/2603/1157 2605/2605/1157 2606/2606/1157 2604/2604/1157
f 2605/2605/1158 2607/2607/1158 2608/2608/1158 2606/2606/1158
f 2607/2607/1159 2609/2609/1159 2610/2610/1159 2608/2608/1159
f 2611/2611/1160 2612/2612/1160 2613/2613/1160 2614/2614/1160
f 2614/2614/1161 2615/2615/1161 2616/2616/1161 2611/2611/1161
f 2615/2615/1162 2617/2617/1162 2618/2618/1162 2616/2616/1162
f 2617/2617/1163 2619/2619/1163 2620/2620/1163 2618/2618/1163
f 2619/2619/1164 2621/2621/1164 2622/2622/1164 2620/2620/1164
f 2621/2621/1165 2623/2623/1165 2624/2624/1165 2622/2622/1165
f 2623/2623/1166 2625/2625/1166 2626/2626/1166 2624/2624/1166
f 2625/2625/1167 2627/2627/1167 2628/2628/1167 2626/2626/1167
f 2629/2629/1168 2630/2630/1168 2631/2631/1168 2632/2632/1168
f 2632/2632/1169 2633/2633/1169 2634/2634/1169 2629/2629/1169
f 2633/2633/1170 2635/2635/1170 2636/2636/1170 2634/2634/1170
f 2635/2635/1171 2637/2637/1171 2638/2638/1171 2636/2636/1171
f 2637/2637/1172 2639/2639/1172 2640/2640/1172 2638/2638/1172
f 2639/2639/1173 2641/2641/1173 2642/2642/1173 2640/2640/1173
f 2641/2641/1174 2643/2643/1174 2644/2644/1174 2642/2642/1174
f 2643/2643/1175 2645/2645/1175 2646/2646/1175 2644/2644/1175
f 2647/2647/1176 2648/2648/1176 2649/2649/1176 2650/2650/1176
f 2650/2650/1177 2651/2651/1177 2652/2652/1177 2647/2647/1177
f 2651/2651/1178 2653/2653/1178 2654/2654/1178 2652/2652/1178
f 2653/2653/1179 2655/2655/1179 2656/2656/1179 2654/2654/1179
f 2655/2655/1180 2657/2657/1180 2658/2658/1180 2656/2656/1180
f 2657/2657/1181 2659/2659/1181 2660/2660/1181 2658/2658/1181
f 2659/2659/1182 2661/2661/1182 2662/2662/1182 2660/2660/1182
f 2661/2661/1183 2663/2663/1183 2664/2664/1183 2662/2662/1183
f 2665/2665/1184 2666/2666/1184 2667/2667/1184 2668/2668/1184
f 2668/2668/1185 2669/2669/1185 2670/2670/1185 2665/2665/1185
f 2669/2669/1186 2671/2671/1186 2672/2672/1186 2670/2670/1186
f 2671/2671/1187 2673/2673/1187 2674/2674/1187 2672/2672/1187
f 2673/2673/1188 2675/2675/1188 2676/2676/1188 2674/2674/1188
f 2675/2675/1189 2677/2677/1189 2678/2678/1189 2676/2676/1189
f 2677/2677/1190 2679/2679/1190 2680/2680/1190 2678/2678/1190
f 2679/2679/1191 2681/2681/1191 2682/2682/1191 2680/2680/1191
f 2683/2683/1192 2684/2684/1192 2685/2685/1192 2686/2686/1192
f 2686/2686/1193 2687/2687/1193 2688/2688/1193 2683/2683/1193
f 2687/2687/1194 2689/2689/1194 2690/2690/1194 2688/2688/1194
f 2689/2689/1195 2691/2691/1195 2692/2692/1195 2690/2690/1195
f 2691/2691/1196 2693/2693/1196 2694/2694/1196 2692/2692/1196
f 2693/2693/1197 2695/2695/1197 2696/2696/1197 2694/2694/1197
f 2695/2695/1198 2697/2697/1198 2698/2698/1198 2696/2696/1198
f 2697/2697/1199 2699/2699/1199 2700/2700/1199 2698/2698/1199
f 2701/2701/1200 2702/2702/1200 2703/2703/1200 2704/2704/1200
f 2704/2704/1201 2705/2705/1201 2706/2706/1201 2701/2701/1201
f 2705/2705/1202 2707/2707/1202 2708/2708/1202 2706/2706/1202
f 2707/2707/1203 2709/2709/1203 2710/2710/1203 2708/2708/1203
f 2709/2709/1204 2711/2711/1204 2712/2712/1204 2710/2710/1204
f 2711/2711/1205 2713/2713/1205 2714/2714/1205 2712/2712/1205
f 2713/2713/1206 2715/2715/1206 2716/2716/1206 2714/2714/1206
f 2715/2715/1207 2717/2717/1207 2718/2718/1207 2716/2716/1207
f 2719/2719/1208 2720/2720/1208 2721/2721/1208 2722/2722/1208
f 2722/2722/1209 2723/2723/1209 2724/2724/1209 2719/2719/1209
f 2723/2723/1210 2725/2725/1210 2726/2726/1210 2724/2724/1210
f 2725/2725/1211 2727/2727/1211 2728/2728/1211 2726/2726/1211
f 2727/2727/1212 2729/2729/1212 2730/2730/1212 2728/2728/1212
f 2729/2729/1213 2731/2731/1213 2732/2732/1213 2730/2730/1213
f 2731/2731/1214 2733/2733/1214 2734/2734/1214 2732/2732/1214
f 2733/2733/1215 2735/2735/1215 2736/2736/1215 2734/2734/1215
f 2737/2737/1216 2738/2738/1216 2739/2739/1216 2740/2740/1216
f 2740/2740/1217 2741/2741/1217 2742/2742/1217 2737/2737/1217
f 2741/2741/1218 2743/2743/1218 2744/2744/1218 2742/2742/1218
f 2743/2743/1219 2745/2745/1219 2746/2746/1219 2744/2744/1219
f 2745/2745/1220 2747/2747/1220 2748/2748/1220 2746/2746/1220
f 2747/2747/1221 2749/2749/1221 2750/2750/1221 2748/2748/1221
f 2749/2749/1222 2751/2751/1222 2752/2752/1222 2750/2750/1222
f 2751/2751/1223 2753/2753/1223 2754/2754/1223 2752/2752/1223
f 2755/2755/1224 2756/2756/1224 2757/2757/1224 2758/2758/1224
f 2758/2758/1225 2759/2759/1225 2760/2760/1225 2755/2755/1225
f 2759/2759/1226 2761/2761/1226 2762/2762/1226 2760/2760/1226
f 2761/2761/1227 2763/2763/1227 2764/2764/1227 2762/2762/1227
f 2763/2763/1228 2765/2765/1228 2766/2766/1228 2764/2764/1228
f 2765/2765/1229 2767/2767/1229 2768/2768/1229 2766/2766/1229
f 2767/2767/1230 2769/2769/1230 2770/2770/1230 2768/2768/1230
f 2769/2769/1231 2771/2771/1231 2772/2772/1231 2770/2770/1231
f 2773/2773/1232 2774/2774/1232 2775/2775/1232 2776/2776/1232
f 2776/2776/1233 2777/2777/1233 2778/2778/1233 2773/2773/1233
f 2777/2777/1234 2779/2779/1234 2780/2780/1234 2778/2778/1234
f 2779/2779/1235 2781/2781/1235 2782/2782/1235 2780/2780/1235
f 2781/2781/1236 2783/2783/1236 2784/2784/1236 2782/2782/1236
f 2783/2783/1237 2785/2785/1237 2786/2786/1237 2784/2784/1237
f 2785/2785/1238 2787/2787/1238 2788/2788/1238 2786/2786/1238
f 2787/2787/1239 2789/2789/1239 2790/2790/1239 2788/2788/1239
f 2791/2791/1240 2792/2792/1240 2793/2793/1240 2794/2794/1240
f 2794/2794/1241 2795/2795/1241 2796/2796/1241 2791/2791/1241
f 2795/2795/1242 2797/2797/1242 2798/2798/1242 2796/2796/1242
f 2797/2797/1243 2799/2799/1243 2800/2800/1243 2798/2798/1243
f 2799/2799/1244 2801/2801/1244 2802/2802/1244 2800/2800/1244
f 2801/2801/1245 2803/2803/1245 2804/2804/1245 2802/2802/1245
f 2803/2803/1246 2805/2805/1246 2806/2806/1246 2804/2804/1246
f 2805/2805/1247 2807/2807/1247 2808/2808/1247 2806/2806/1247
f 2809/2809/1248 2810/2810/1248 2811/2811/1248 2812/2812/1248
f 2812/2812/1249 2813/2813/1249 2814/2814/1249 2809/2809/1249
f 2813/2813/1250 2815/2815/1250 2816/2816/1250 2814/2814/1250
f 2815/2815/1251 2817/2817/1251 2818/2818/1251 2816/2816/1251
f 2817/2817/1252 2819/2819/1252 2820/2820/1252 2818/2818/1252
f 2819/2819/1253 2821/2821/1253 2822/2822/1253 2820/2820/1253
f 2821/2821/1254 2823/2823/1254 2824/2824/1254 2822/2822/1254
f 2823/2823/1255 2825/2825/1255 2826/2826/1255 2824/2824/1255
f 2827/2827/1256 2828/2828/1256 2829/2829/1256 2830/2830/1256
f 2830/2830/1257 2831/2831/1257 2832/2832/1257 2827/2827/1257
f 2831/2831/1258 2833/2833/1258 2834/2834/1258 2832/2832/1258
f 2833/2833/1259 2835/2835/1259 2836/2836/1259 2834/2834/1259
f 2835/2835/1260 2837/2837/1260 2838/2838/1260 2836/2836/1260
f 2837/2837/1261 2839/2839/1261 2840/2840/1261 2838/2838/1261
f 2839/2839/1262 2841/2841/1262 2842/2842/1262 2840/2840/1262
f 2841/2841/1263 2843/2843/1263 2844/2844/1263 2842/2842/1263
f 2845/2845/1264 2846/2846/1264 2847/2847/1264 2848/2848/1264
f 2848/2848/1265 2849/2849/1265 2850/2850/1265 2845/2845/1265
f 2849/2849/1266 2851/2851/1266 2852/2852/1266 2850/2850/1266
f 2851/2851/1267 2853/2853/1267 2854/2854/1267 2852/2852/1267
f 2853/2853/1268 2855/2855/1268 2856/2856/1268 2854/2854/1268
f 2855/2855/1269 2857/2857/1269 2858/2858/1269 2856/2856/1269
f 2857/2857/1270 2859/2859/1270 2860/2860/1270 2858/2858/1270
f 2859/2859/1271 2861/2861/1271 2862/2862/1271 2860/2860/1271
f 2863/2863/1272 2864/2864/1272 2865/2865/1272 2866/2866/1272
f 2866/2866/1273 2867/2867/1273 2868/2868/1273 2863/2863/1273
f 2867/2867/1274 2869/2869/1274 2870/2870/1274 2868/2868/1274
f 2869/2869/1275 2871/2871/1275 2872/2872/1275 2870/2870/1275
f 2871/2871/1276 2873/2873/1276 2874/2874/1276 2872/2872/1276
f 2873/2873/1277 2875/2875/1277 2876/2876/1277 2874/2874/1277
f 2875/2875/1278 2877/2877/1278 2878/2878/1278 2876/2876/1278
f 2877/2877/1279 2879/2879/1279 2880/2880/1279 2878/2878/1279
f 2881/2881/1280 2882/2882/1280 2883/2883/1280 2884/2884/1280
f 2884/2884/1281 2885/2885/1281 2886/2886/1281 2881/2881/1281
f 2885/2885/1282 2887/2887/1282 2888/2888/1282 2886/2886/1282
f 2887/2887/1283 2889/2889/1283 2890/2890/1283 2888/2888/1283
f 2889/2889/1284 2891/2891/1284 2892/2892/1284 2890/2890/1284
f 2891/2891/1285 2893/2893/1285 2894/2894/1285 2892/2892/1285
f 2893/2893/1286 2895/2895/1286 2896/2896/1286 2894/2894/1286
f 2895/2895/1287 2897/2897/1287 2898/2898/1287 2896/2896/1287
f 2899/2899/1288 2900/2900/1288 2901/2901/1288 2902/2902/1288
f 2902/2902/1289 2903/2903/1289 2904/2904/1289 2899/2899/1289
f 2903/2903/1290 2905/2905/1290 2906/2906/1290 2904/2904/1290
f 2905/2905/1291 2907/2907/1291 2908/2908/1291 2906/2906/1291
f 2907/2907/1292 2909/2909/1292 2910/2910/1292 2908/2908/1292
f 2909/2909/1293 2911/2911/1293 2912/2912/1293 2910/2910/1293
f 2911/2911/1294 2913/2913/1294 2914/2914/1294 2912/2912/1294
f 2913/2913/1295 2915/2915/1295 2916/2916/1295 2914/2914/1295
f 2917/2917/1296 2918/2918/1296 2919/2919/1296 2920/2920/1296
f 2920/2920/1297 2921/2921/1297 2922/2922/1297 2917/2917/1297
f 2921/2921/1298 2923/2923/1298 2924/2924/1298 2922/2922/1298
f 2923/2923/1299 2925/2925/1299 2926/2926/1299 2924/2924/1299
f 2925/2925/1300 2927/2927/1300 2928/2928/1300 2926/2926/1300
f 2927/2927/1301 2929/2929/1301 2930/2930/1301 2928/2928/1301
f 2929/2929/1302 2931/2931/1302 2932/2932/1302 2930/2930/1302
f 2931/2931/1303 2933/2933/1303 2934/2934/1303 2932/2932/1303
f 2935/2935/1304 2936/2936/1304 2937/2937/1304 2938/2938/1304
f 2938/2938/1305 2939/2939/1305 2940/2940/1305 2935/2935/1305
f 2939/2939/1306 2941/2941/1306 2942/2942/1306 2940/2940/1306
f 2941/2941/1307 2943/2943/1307 2944/2944/1307 2942/2942/1307
f 2943/2943/1308 2945/2945/1308 2946/2946/1308 2944/2944/1308
f 2945/2945/1309 2947/2947/1309 2948/2948/1309 2946/2946/1309
f 2947/2947/1310 2949/2949/1310 2950/2950/1310 2948/2948/1310
f 2949/2949/1311 2951/2951/1311 2952/2952/1311 2950/2950/1311
f 2953/2953/1312 2954/2954/1312 2955/2955/1312 2956/2956/1312
f 2956/2956/1313 2957/2957/1313 2958/2958/1313 2953/2953/1313
f 2957/2957/1314 2959/2959/1314 2960/2960/1314 2958/2958/1314
f 2959/2959/1315 2961/2961/1315 2962/2962/1315 2960/2960/1315
f 2961/2961/1316 2963/2963/1316 2964/2964/1316 2962/2962/1316
f 2963/2963/1317 2965/2965/1317 2966/2966/1317 2964/2964/1317
f 2965/2965/1318 2967/2967/1318 2968/2968/1318 2966/2966/1318
f 2967/2967/1319 2969/2969/1319 2970/2970/1319 2968/2968/1319
f 2971/2971/1320 2972/2972/1320 2973/2973/1320 2974/2974/1320
f 2974/2974/1321 2975/2975/1321 2976/2976/1321 2971/2971/1321
f 2975/2975/1322 2977/2977/1322 2978/2978/1322 2976/2976/1322
f 2977/2977/1323 2979/2979/1323 2980/2980/1323 2978/2978/1323
f 2979/2979/1324 2981/2981/1324 2982/2982/1324 2980/2980/1324
f 2981/2981/1325 2983/2983/1325 2984/2984/1325 2982/2982/1325
f 2983/2983/1326 2985/2985/1326 2986/2986/1326 2984/2984/1326
f 2985/2985/1327 2987/2987/1327 2988/2988/1327 2986/2986/1327
f 2989/2989/1328 2990/2990/1328 2991/2991/1328 2992/2992/1328
f 2992/2992/1329 2993/2993/1329 2994/2994/1329 2989/2989/1329
f 2993/2993/1330 2995/2995/1330 2996/2996/1330 2994/2994/1330
f 2995/2995/1331 2997/2997/1331 2998/2998/1331 2996/2996/1331
f 2997/2997/1332 2999/2999/1332 3000/3000/1332 2998/2998/1332
f 2999/2999/1333 3001/3001/1333 3002/3002/1333 3000/3000/1333
f 3001/3001/1334 3003/3003/1334 3004/3004/1334 3002/3002/1334
f 3003/3003/1335 3005/3005/1335 3006/3006/1335 3004/3004/1335
f 3007/3007/1336 3008/3008/1336 3009/3009/1336 3010/3010/1336
f 3010/3010/1337 3011/3011/1337 3012/3012/1337 3007/3007/1337
f 3011/3011/1338 3013/3013/1338 3014/3014/1338 3012/3012/1338
f 3013/3013/1339 3015/3015/1339 3016/3016/1339 3014/3014/1339
f 3015/3015/1340 3017/3017/1340 3018/3018/1340 3016/3016/1340
f 3017/3017/1341 3019/3019/1341 3020/3020/1341 3018/3018/1341
f 3019/3019/1342 3021/3021/1342 3022/3022/1342 3020/3020/1342
f 3021/3021/1343 3023/3023/1343 3024/3024/1343 3022/3022/1343
f 3025/3025/1344 3026/3026/1344 3027/3027/1344 3028/3028/1344
f 3028/3028/1345 3029/3029/1345 3030/3030/1345 3025/3025/1345
f 3029/3029/1346 3031/3031/1346 3032/3032/1346 3030/3030/1346
f 3031/3031/1347 3033/3033/1347 3034/3034/1347 3032/3032/1347
f 3033/3033/1348 3035/3035/1348 3036/3036/1348 3034/3034/1348
f 3035/3035/1349 3037/3037/1349 3038/3038/1349 3036/3036/1349
f 3037/3037/1350 3039/3039/1350 3040/3040/1350 3038/3038/1350
f 3039/3039/1351 3041/3041/1351 3042/3042/1351 3040/3040/1351
f 3043/3043/1352 3044/3044/1352 3045/3045/1352 3046/3046/1352
f 3046/3046/1353 3047/3047/1353 3048/3048/1353 3043/3043/1353
f 3047/3047/1354 3049/3049/1354 3050/3050/1354 3048/3048/1354
f 3049/3049/1355 3051/3051/1355 3052/3052/1355 3050/3050/1355
f 3051/3051/1356 3053/3053/1356 3054/3054/1356 3052/3052/1356
f 3053/3053/1357 3055/3055/1357 3056/3056/1357 3054/3054/1357
f 3055/3055/1358 3057/3057/1358 3058/3058/1358 3056/3056/1358
f 3057/3057/1359 3059/3059/1359 3060/3060/1359 3058/3058/1359
f 3061/3061/1360 3062/3062/1360 3063/3063/1360 3064/3064/1360
f 3064/3064/1361 3065/3065/1361 3066/3066/1361 3061/3061/1361
f 3065/3065/1362 3067/3067/1362 3068/3068/1362 3066/3066/1362
f 3067/3067/1363 3069/3069/1363 3070/3070/1363 3068/3068/1363
f 3069/3069/1364 3071/3071/1364 3072/3072/1364 3070/3070/1364
f 3071/3071/1365 3073/3073/1365 3074/3074/1365 3072/3072/1365
f 3073/3073/1366 3075/3075/1366 3076/3076/1366 3074/3074/1366
f 3075/3075/1367 3077/3077/1367 3078/3078/1367 3076/3076/1367
f 3079/3079/1368 3080/3080/1368 3081/3081/1368 3082/3082/1368
f 3082/3082/1369 3083/3083/1369 3084/3084/1369 3079/3079/1369
f 3083/3083/1370 3085/3085/1370 3086/3086/1370 3084/3084/1370
f 3085/3085/1371 3087/3087/1371 3088/3088/1371 3086/3086/1371
f 3087/3087/1372 3089/3089/1372 3090/3090/1372 3088/3088/1372
f 3089/3089/1373 3091/3091/1373 3092/3092/1373 3090/3090/1373
f 3091/3091/1374 3093/3093/1374 3094/3094/1374 3092/3092/1374
f 3093/3093/1375 3095/3095/1375 3096/3096/1375 3094/3094/1375
f 3097/3097/1376 3098/3098/1376 3099/3099/1376 3100/3100/1376
f 3100/3100/1377 3101/3101/1377 3102/3102/1377 3097/3097/1377
f 3101/3101/1378 3103/3103/1378 3104/3104/1378 3102/3102/1378
f 3103/3103/1379 3105/3105/1379 3106/3106/1379 3104/3104/1379
f 3105/3105/1380 3107/3107/1380 3108/3108/1380 3106/3106/1380
f 3107/3107/1381 3109/3109/1381 3110/3110/1381 3108/3108/1381
f 3109/3109/1382 3111/3111/1382 3112/3112/1382 3110/3110/1382
f 3111/3111/1383 3113/3113/1383 3114/3114/1383 3112/3112/1383
f 3115/3115/1384 3116/3116/1384 3117/3117/1384 3118/3118/1384
f 3118/3118/1385 3119/3119/1385 3120/3120/1385 3115/3115/1385
f 3119/3119/1386 3121/3121/1386 3122/3122/1386 3120/3120/1386
f 3121/3121/1387 3123/3123/1387 3124/3124/1387 3122/3122/1387
f 3123/3123/1388 3125/3125/1388 3126/3126/1388 3124/3124/1388
f 3125/3125/1389 3127/3127/1389 3128/3128/1389 3126/3126/1389
f 3127/3127/1390 3129/3129/1390 3130/3130/1390 3128/3128/1390
f 3129/3129/1391 3131/3131/1391 3132/3132/1391 3130/3130/1391
f 3133/3133/1392 3134/3134/1392 3135/3135/1392 3136/3136/1392
f 3136/3136/1393 3137/3137/1393 3138/3138/1393 3133/3133/1393
f 3137/3137/1394 3139/3139/1394 3140/3140/1394 3138/3138/1394
f 3139/3139/1395 3141/3141/1395 3142/3142/1395 3140/3140/1395
f 3141/3141/1396 3143/3143/1396 3144/3144/1396 3142/3142/1396
f 3143/3143/1397 3145/3145/1397 3146/3146/1397 3144/3144/1397
f 3145/3145/1398 3147/3147/1398 3148/3148/1398 3146/3146/1398
f 3147/3147/1399 3149/3149/1399 3150/3150/1399 3148/3148/1399
f 3151/3151/1400 3152/3152/1400 3153/3153/1400 3154/3154/1400
f 3154/3154/1401 3155/3155/1401 3156/3156/1401 3151/3151/1401
f 3155/3155/1402 3157/3157/1402 3158/3158/1402 3156/3156/1402
f 3157/3157/1403 3159/3159/1403 3160/3160/1403 3158/3158/1403
f 3159/3159/1404 3161/3161/1404 3162/3162/1404 3160/3160/1404
f 3161/3161/1405 3163/3163/1405 3164/3164/1405 3162/3162/1405
f 3163/3163/1406 3165/3165/1406 3166/3166/1406 3164/3164/1406
f 3165/3165/1407 3167/3167/1407 3168/3168/1407 3166/3166/1407
f 3169/3169/1408 3170/3170/1408 3171/3171/1408 3172/3172/1408
f 3172/3172/1409 3173/3173/1409 3174/3174/1409 3169/3169/1409
f 3173/3173/1410 3175/3175/1410 3176/3176/1410 3174/3174/1410
f 3175/3175/1411 3177/3177/1411 3178/3178/1411 3176/3176/1411
f 3177/3177/1412 3179/3179/1412 3180/3180/1412 3178/3178/1412
f 3179/3179/1413 3181/3181/1413 3182/3182/1413 3180/3180/1413
f 3181/3181/1414 3183/3183/1414 3184/3184/1414 3182/3182/1414
f 3183/3183/1415 3185/3185/1415 3186/3186/1415 3184/3184/1415
f 3187/3187/1416 3188/3188/1416 3189/3189/1416 3190/3190/1416
f 3190/3190/1417 3191/3191/1417 3192/3192/1417 3187/3187/1417
f 3191/3191/1418 3193/3193/1418 3194/3194/1418 3192/3192/1418
f 3193/3193/1419 3195/3195/1419 3196/3196/1419 3194/3194/1419
f 3195/3195/1420 3197/3197/1420 3198/3198/1420 3196/3196/1420
f 3197/3197/1421 3199/3199/1421 3200/3200/1421 3198/3198/1421
f 3199/3199/1422 3201/3201/1422 3202/3202/1422 3200/3200/1422
f 3201/3201/1423 3203/3203/1423 3204/3204/1423 3202/3202/1423
f 3205/3205/1424 3206/3206/1424 3207/3207/1424 3208/3208/1424
f 3208/3208/1425 3209/3209/1425 3210/3210/1425 3205/3205/1425
f 3209/3209/1426 3211/3211/1426 3212/3212/1426 3210/3210/1426
f 3211/3211/1427 3213/3213/1427 3214/3214/1427 3212/3212/1427
f 3213/3213/1428 3215/3215/1428 3216/3216/1428 3214/3214/1428
f 3215/3215/1429 3217/3217/1429 3218/3218/1429 3216/3216/1429
f 3217/3217/1430 3219/3219/1430 3220/3220/1430 3218/3218/1430
f 3219/3219/1431 3221/3221/1431 3222/3222/1431 3220/3220/1431
f 3223/3223/1432 3224/3224/1432 3225/3225/1432 3226/3226/1432
f 3226/3226/1433 3227/3227/1433 3228/3228/1433 3223/3223/1433
f 3227/3227/1434 3229/3229/1434 3230/3230/1434 3228/3228/1434
f 3229/3229/1435 3231/3231/1435 3232/3232/1435 3230/3230/1435
f 3231/3231/1436 3233/3233/1436 3234/3234/1436 3232/3232/1436
f 3233/3233/1437 3235/3235/1437 3236/3236/1437 3234/3234/1437
f 3235/3235/1438 3237/3237/1438 3238/3238/1438 3236/3236/1438
f 3237/3237/1439 3239/3239/1439 3240/3240/1439 3238/3238/1439
f 3241/3241/1440 3242/3242/1440 3243/3243/1440 3244/3244/1440
f 3244/3244/1441 3245/3245/1441 3246/3246/1441 3241/3241/1441
f 3245/3245/1442 3247/3247/1442 3248/3248/1442 3246/3246/1442
f 3247/3247/1443 3249/3249/1443 3250/3250/1443 3248/3248/1443
f 3249/3249/1444 3251/3251/1444 3252/3252/1444 3250/3250/1444
f 3251/3251/1445 3253/3253/1445 3254/3254/1445 3252/3252/1445
f 3253/3253/1446 3255/3255/1446 3256/3256/1446 3254/3254/1446
f 3255/3255/1447 3257/3257/1447 3258/3258/1447 3256/3256/1447
f 3259/3259/1448 3260/3260/1448 3261/3261/1448 3262/3262/1448
f 3262/3262/1449 3263/3263/1449 3264/3264/1449 3259/3259/1449
f 3263/3263/1450 3265/3265/1450 3266/3266/1450 3264/3264/1450
f 3265/3265/1451 3267/3267/1451 3268/3268/1451 3266/3266/1451
f 3267/3267/1452 3269/3269/1452 3270/3270/1452 3268/3268/1452
f 3269/3269/1453 3271/3271/1453 3272/3272/1453 3270/3270/1453
f 3271/3271/1454 3273/3273/1454 3274/3274/1454 3272/3272/1454
f 3273/3273/1455 3275/3275/1455 3276/3276/1455 3274/3274/1455
f 3277/3277/1456 3278/3278/1456 3279/3279/1456 3280/3280/1456
f 3280/3280/1457 3281/3281/1457 3282/3282/1457 3277/3277/1457
f 3281/3281/1458 3283/3283/1458 3284/3284/1458 3282/3282/1458
f 3283/3283/1459 3285/3285/1459 3286/3286/1459 3284/3284/1459
f 3285/3285/1460 3287/3287/1460 3288/3288/1460 3286/3286/1460
f 3287/3287/1461 3289/3289/1461 3290/3290/1461 3288/3288/1461
f 3289/3289/1462 3291/3291/1462 3292/3292/1462 3290/3290/1462
f 3291/3291/1463 3293/3293/1463 3294/3294/1463 3292/3292/1463
f 3295/3295/1464 3296/3296/1464 3297/3297/1464 3298/3298/1464
f 3298/3298/1465 3299/3299/1465 3300/3300/1465 3295/3295/1465
f 3299/3299/1466 3301/3301/1466 3302/3302/1466 3300/3300/1466
f 3301/3301/1467 3303/3303/1467 3304/3304/1467 3302/3302/1467
f 3303/3303/1468 3305/3305/1468 3306/3306/1468 3304/3304/1468
f 3305/3305/1469 3307/3307/1469 3308/3308/1469 3306/3306/1469
f 3307/3307/1470 3309/3309/1470 3310/3310/1470 3308/3308/1470
f 3309/3309/1471 3311/3311/1471 3312/3312/1471 3310/3310/1471
f 3313/3313/1472 3314/3314/1472 3315/3315/1472 3316/3316/1472
f 3316/3316/1473 3317/3317/1473 3318/3318/1473 3313/3313/1473
f 3317/3317/1474 3319/3319/1474 3320/3320/1474 3318/3318/1474
f 3319/3319/1475 3321/3321/1475 3322/3322/1475 3320/3320/1475
f 3321/3321/1476 3323/3323/1476 3324/3324/1476 3322/3322/1476
f 3323/3323/1477 3325/3325/1477 3326/3326/1477 3324/3324/1477
f 3325/3325/1478 3327/3327/1478 3328/3328/1478 3326/3326/1478
f 3327/3327/1479 3329/3329/1479 3330/3330/1479 3328/3328/1479
f 3331/3331/1480 3332/3332/1480 3333/3333/1480 3334/3334/1480
f 3334/3334/1481 3335/3335/1481 3336/3336/1481 3331/3331/1481
f 3335/3335/1482 3337/3337/1482 3338/3338/1482 3336/3336/1482
f 3337/3337/1483 3339/3339/1483 3340/3340/1483 3338/3338/1483
f 3339/3339/1484 3341/3341/1484 3342/3342/1484 3340/3340/1484
f 3341/3341/1485 3343/3343/1485 3344/3344/1485 3342/3342/1485
f 3343/3343/1486 3345/3345/1486 3346/3346/1486 3344/3344/1486
f 3345/3345/1487 3347/3347/1487 3348/3348/1487 3346/3346/1487
f 3349/3349/1488 3350/3350/1488 3351/3351/1488 3352/3352/1488
f 3352/3352/1489 3353/3353/1489 3354/3354/1489 3349/3349/1489
f 3353/3353/1490 3355/3355/1490 3356/3356/1490 3354/3354/1490
f 3355/3355/1491 3357/3357/1491 3358/3358/1491 3356/3356/1491
f 3357/3357/1492 3359/3359/1492 3360/3360/1492 3358/3358/1492
f 3359/3359/1493 3361/3361/1493 3362/3362/1493 3360/3360/1493
f 3361/3361/1494 3363/3363/1494 3364/3364/1494 3362/3362/1494
f 3363/3363/1495 3365/3365/1495 3366/3366/1495 3364/3364/1495
f 3367/3367/1496 3368/3368/1496 3369/3369/1496 3370/3370/1496
f 3370/3370/1497 3371/3371/1497 3372/3372/1497 3367/3367/1497
f 3371/3371/1498 3373/3373/1498 3374/3374/1498 3372/3372/1498
f 3373/3373/1499 3375/3375/1499 3376/3376/1499 3374/3374/1499
f 3375/3375/1500 3377/3377/1500 3378/3378/1500 3376/3376/1500
f 3377/3377/1501 3379/3379/1501 3380/3380/1501 3378/3378/1501
f 3379/3379/1502 3381/3381/1502 3382/3382/1502 3380/3380/1502
f 3381/3381/1503 3383/3383/1503 3384/3384/1503 3382/3382/1503
f 3385/3385/1504 3386/3386/1504 3387/3387/1504 3388/3388/1504
f 3388/3388/1505 3389/3389/1505 3390/3390/1505 3385/3385/1505
f 3389/3389/1506 3391/3391/1506 3392/3392/1506 3390/3390/1506
f 3391/3391/1507 3393/3393/1507 3394/3394/1507 3392/3392/1507
f 3393/3393/1508 3395/3395/1508 3396/3396/1508 3394/3394/1508
f 3395/3395/1509 3397/3397/1509 3398/3398/1509 3396/3396/1509
f 3397/3397/1510 3399/3399/1510 3400/3400/1510 3398/3398/1510
f 3399/3399/1511 3401/3401/1511 3402/3402/1511 3400/3400/1511
f 3403/3403/1512 3404/3404/1512 3405/3405/1512 3406/3406/1512
f 3406/3406/1513 3407/3407/1513 3408/3408/1513 3403/3403/1513
f 3407/3407/1514 3409/3409/1514 3410/3410/1514 3408/3408/1514
f 3409/3409/1515 3411/3411/1515 3412/3412/1515 3410/3410/1515
f 3411/3411/1516 3413/3413/1516 3414/3414/1516 3412/3412/1516
f 3413/3413/1517 3415/3415/1517 3416/3416/1517 3414/3414/1517
f 3415/3415/1518 3417/3417/1518 3418/3418/1518 3416/3416/1518
f 3417/3417/1519 3419/3419/1519 3420/3420/1519 3418/3418/1519
f 3421/3421/1520 3422/3422/1520 3423/3423/1520 3424/3424/1520
f 3424/3424/1521 3425/3425/1521 3426/3426/1521 3421/3421/1521
f 3425/3425/1522 3427/3427/1522 3428/3428/1522 3426/3426/1522
f 3427/3427/1523 3429/3429/1523 3430/3430/1523 3428/3428/1523
f 3429/3429/1524 3431/3431/1524 3432/3432/1524 3430/3430/1524
f 3431/3431/1525 3433/3433/1525 3434/3434/1525 3432/3432/1525
f 3433/3433/1526 3435/3435/1526 3436/3436/1526 3434/3434/1526
f 3435/3435/1527 3437/3437/1527 3438/3438/1527 3436/3436/1527
f 3439/3439/1528 3440/3440/1528 3441/3441/1528 3442/3442/1528
f 3442/3442/1529 3443/3443/1529 3444/3444/1529 3439/3439/1529
f 3443/3443/1530 3445/3445/1530 3446/3446/1530 3444/3444/1530
f 3445/3445/1531 3447/3447/1531 3448/3448/1531 3446/3446/1531
f 3447/3447/1532 3449/3449/1532 3450/3450/1532 3448/3448/1532
f 3449/3449/1533 3451/3451/1533 3452/3452/1533 3450/3450/1533
f 3451/3451/1534 3453/3453/1534 3454/3454/1534 3452/3452/1534
f 3453/3453/1535 3455/3455/1535 3456/3456/1535 3454/3454/1535
f 3457/3457/1536 3458/3458/1536 3459/3459/1536 3460/3460/1536
f 3460/3460/1537 3461/3461/1537 3462/3462/1537 3457/3457/1537
f 3461/3461/1538 3463/3463/1538 3464/3464/1538 3462/3462/1538
f 3463/3463/1539 3465/3465/1539 3466/3466/1539 3464/3464/1539
f 3465/3465/1540 3467/3467/1540 3468/3468/1540 3466/3466/1540
f 3467/3467/1541 3469/3469/1541 3470/3470/1541 3468/3468/1541
f 3469/3469/1542 3471/3471/1542 3472/3472/1542 3470/3470/1542
f 3471/3471/1543 3473/3473/1543 3474/3474/1543 3472/3472/1543
f 3475/3475/1544 3476/3476/1544 3477/3477/1544 3478/3478/1544
f 3478/3478/1545 3479/3479/1545 3480/3480/1545 3475/3475/1545
f 3479/3479/1546 3481/3481/1546 3482/3482/1546 3480/3480/1546
f 3481/3481/1547 3483/3483/1547 3484/3484/1547 3482/3482/1547
f 3483/3483/1548 3485/3485/1548 3486/3486/1548 3484/3484/1548
f 3485/3485/1549 3487/3487/1549 3488/3488/1549 3486/3486/1549
f 3487/3487/1550 3489/3489/1550 3490/3490/1550 3488/3488/1550
f 3489/3489/1551 3491/3491/1551 3492/3492/1551 3490/3490/1551
f 3493/3493/1552 3494/3494/1552 3495/3495/1552 3496/3496/1552
f 3496/3496/1553 3497/3497/1553 3498/3498/1553 3493/3493/1553
f 3497/3497/1554 3499/3499/1554 3500/3500/1554 3498/3498/1554
f 3499/3499/1555 3501/3501/1555 3502/3502/1555 3500/3500/1555
f 3501/3501/1556 3503/3503/1556 3504/3504/1556 3502/3502/1556
f 3503/3503/1557 3505/3505/1557 3506/3506/1557 3504/3504/1557
f 3505/3505/1558 3507/3507/1558 3508/3508/1558 3506/3506/1558
f 3507/3507/1559 3509/3509/1559 3510/3510/1559 3508/3508/1559
f 3511/3511/1560 3512/3512/1560 3513/3513/1560 3514/3514/1560
f 3514/3514/1561 3515/3515/1561 3516/3516/1561 3511/3511/1561
f 3515/3515/1562 3517/3517/1562 3518/3518/1562 3516/3516/1562
f 3517/3517/1563 3519/3519/1563 3520/3520/1563 3518/3518/1563
f 3519/3519/1564 3521/3521/1564 3522/3522/1564 3520/3520/1564
f 3521/3521/1565 3523/3523/1565 3524/3524/1565 3522/3522/1565
f 3523/3523/1566 3525/3525/1566 3526/3526/1566 3524/3524/1566
f 3525/3525/1567 3527/3527/1567 3528/3528/1567 3526/3526/1567
f 3529/3529/1568 3530/3530/1568 3531/3531/1568 3532/3532/1568
f 3532/3532/1569 3533/3533/1569 3534/3534/1569 3529/3529/1569
f 3533/3533/1570 3535/3535/1570 3536/3536/1570 3534/3534/1570
f 3535/3535/1571 3537/3537/1571 3538/3538/1571 3536/3536/1571
f 3537/3537/1572 3539/3539/1572 3540/3540/1572 3538/3538/1572
f 3539/3539/1573 3541/3541/1573 3542/3542/1573 3540/3540/1573
f 3541/3541/1574 3543/3543/1574 3544/3544/1574 3542/3542/1574
f 3543/3543/1575 3545/3545/1575 3546/3546/1575 3544/3544/1575
f 3547/3547/1576 3548/3548/1576 3549/3549/1576 3550/3550/1576
f 3550/3550/1577 3551/3551/1577 3552/3552/1577 3547/3547/1577
f 3551/3551/1578 3553/3553/1578 3554/3554/1578 3552/3552/1578
f 3553/3553/1579 3555/3555/1579 3556/3556/1579 3554/3554/1579
f 3555/3555/1580 3557/3557/1580 3558/3558/1580 3556/3556/1580
f 3557/3557/1581 3559/3559/1581 3560/3560/1581 3558/3558/1581
f 3559/3559/1582 3561/3561/1582 3562/3562/1582 3560/3560/1582
f 3561/3561/1583 3563/3563/1583 3564/3564/1583 3562/3562/1583
f 3565/3565/1584 3566/3566/1584 3567/3567/1584 3568/3568/1584
f 3568/3568/1585 3569/3569/1585 3570/3570/1585 3565/3565/1585
f 3569/3569/1586 3571/3571/1586 3572/3572/1586 3570/3570/1586
f 3571/3571/1587 3573/3573/1587 3574/3574/1587 3572/3572/1587
f 3573/3573/1588 3575/3575/1588 3576/3576/1588 3574/3574/1588
f 3575/3575/1589 3577/3577/1589 3578/3578/1589 3576/3576/1589
f 3577/3577/1590 3579/3579/1590 3580/3580/1590 3578/3578/1590
f 3579/3579/1591 3581/3581/1591 3582/3582/1591 3580/3580/1591
f 3583/3583/1592 3584/3584/1592 3585/3585/1592 3586/3586/1592
f 3586/3586/1593 3587/3587/1593 3588/3588/1593 3583/3583/1593
f 3587/3587/1594 3589/3589/1594 3590/3590/1594 3588/3588/1594
f 3589/3589/1595 3591/3591/1595 3592/3592/1595 3590/3590/1595
f 3591/3591/1596 3593/3593/1596 3594/3594/1596 3592/3592/1596
f 3593/3593/1597 3595/3595/1597 3596/3596/1597 3594/3594/1597
f 3595/3595/1598 3597/3597/1598 3598/3598/1598 3596/3596/1598
f 3597/3597/1599 3599/3599/1599 3600/3600/1599 3598/3598/1599
f 3601/3601/1600 3602/3602/1600 3603/3603/1600 3604/3604/1600
f 3604/3604/1601 3605/3605/1601 3606/3606/1601 3601/3601/1601
f 3605/3605/1602 3607/3607/1602 3608/3608/1602 3606/3606/1602
f 3607/3607/1603 3609/3609/1603 3610/3610/1603 3608/3608/1603
f 3609/3609/1604 3611/3611/1604 3612/3612/1604 3610/3610/1604
f 3611/3611/1605 3613/3613/1605 3614/3614/1605 3612/3612/1605
f 3613/3613/1606 3615/3615/1606 3616/3616/1606 3614/3614/1606
f 3615/3615/1607 3617/3617/1607 3618/3618/1607 3616/3616/1607
f 3619/3619/1608 3620/3620/1608 3621/3621/1608 3622/3622/1608
f 3622/3622/1609 3623/3623/1609 3624/3624/1609 3619/3619/1609
f 3623/3623/1610 3625/3625/1610 3626/3626/1610 3624/3624/1610
f 3625/3625/1611 3627/3627/1611 3628/3628/1611 3626/3626/1611
f 3627/3627/1612 3629/3629/1612 3630/3630/1612 3628/3628/1612
f 3629/3629/1613 3631/3631/1613 3632/3632/1613 3630/3630/1613
f 3631/3631/1614 3633/3633/1614 3634/3634/1614 3632/3632/1614
f 3633/3633/1615 3635/3635/1615 3636/3636/1615 3634/3634/1615
f 3637/3637/1616 3638/3638/1616 3639/3639/1616 3640/3640/1616
f 3640/3640/1617 3641/3641/1617 3642/3642/1617 3637/3637/1617
f 3641/3641/1618 3643/3643/1618 3644/3644/1618 3642/3642/1618
f 3643/3643/1619 3645/3645/1619 3646/3646/1619 3644/3644/1619
f 3645/3645/1620 3647/3647/1620 3648/3648/1620 3646/3646/1620
f 3647/3647/1621 3649/3649/1621 3650/3650/1621 3648/3648/1621
f 3649/3649/1622 3651/3651/1622 3652/3652/1622 3650/3650/1622
f 3651/3651/1623 3653/3653/1623 3654/3654/1623 3652/3652/1623
f 3655/3655/1624 3656/3656/1624 3657/3657/1624 3658/3658/1624
f 3658/3658/1625 3659/3659/1625 3660/3660/1625 3655/3655/1625
f 3659/3659/1626 3661/3661/1626 3662/3662/1626 3660/3660/1626
f 3661/3661/1627 3663/3663/1627 3664/3664/1627 3662/3662/1627
f 3663/3663/1628 3665/3665/1628 3666/3666/1628 3664/3664/1628
f 3665/3665/1629 3667/3667/1629 3668/3668/1629 3666/3666/1629
f 3667/3667/1630 3669/3669/1630 3670/3670/1630 3668/3668/1630
f 3669/3669/1631 3671/3671/1631 3672/3672/1631 3670/3670/1631
f 3673/3673/1632 3674/3674/1632 3675/3675/1632 3676/3676/1632
f 3676/3676/1633 3677/3677/1633 3678/3678/1633 3673/3673/1633
f 3677/3677/1634 3679/3679/1634 3680/3680/1634 3678/3678/1634
f 3679/3679/1635 3681/3681/1635 3682/3682/1635 3680/3680/1635
f 3681/3681/1636 3683/3683/1636 3684/3684/1636 3682/3682/1636
f 3683/3683/1637 3685/3685/1637 3686/3686/1637 3684/3684/1637
f 3685/3685/1638 3687/3687/1638 3688/3688/1638 3686/3686/1638
f 3687/3687/1639 3689/3689/1639 3690/3690/1639 3688/3688/1639
f 3691/3691/1640 3692/3692/1640 3693/3693/1640 3694/3694/1640
f 3694/3694/1641 3695/3695/1641 3696/3696/1641 3691/3691/1641
f 3695/3695/1642 3697/3697/1642 3698/3698/1642 3696/3696/1642
f 3697/3697/1643 3699/3699/1643 3700/3700/1643 3698/3698/1643
f 3699/3699/1644 3701/3701/1644 3702/3702/1644 3700/3700/1644
f 3701/3701/1645 3703/3703/1645 3704/3704/1645 3702/3702/1645
f 3703/3703/1646 3705/3705/1646 3706/3706/1646 3704/3704/1646
f 3705/3705/1647 3707/3707/1647 3708/3708/1647 3706/3706/1647
f 3709/3709/1648 3710/3710/1648 3711/3711/1648 3712/3712/1648
f 3712/3712/1649 3713/3713/1649 3714/3714/1649 3709/3709/1649
f 3713/3713/1650 3715/3715/1650 3716/3716/1650 3714/3714/1650
f 3715/3715/1651 3717/3717/1651 3718/3718/1651 3716/3716/1651
f 3717/3717/1652 3719/3719/1652 3720/3720/1652 3718/3718/1652
f 3719/3719/1653 3721/3721/1653 3722/3722/1653 3720/3720/1653
f 3721/3721/1654 3723/3723/1654 3724/3724/1654 3722/3722/1654
f 3723/3723/1655 3725/3725/1655 3726/3726/1655 3724/3724/1655
f 3727/3727/1656 3728/3728/1656 3729/3729/1656 3730/3730/1656
f 3730/3730/1657 3731/3731/1657 3732/3732/1657 3727/3727/1657
f 3731/3731/1658 3733/3733/1658 3734/3734/1658 3732/3732/1658
f 3733/3733/1659 3735/3735/1659 3736/3736/1659 3734/3734/1659
f 3735/3735/1660 3737/3737/1660 3738/3738/1660 3736/3736/1660
f 3737/3737/1661 3739/3739/1661 3740/3740/1661 3738/3738/1661
f 3739/3739/1662 3741/3741/1662 3742/3742/1662 3740/3740/1662
f 3741/3741/1663 3743/3743/1663 3744/3744/1663 3742/3742/1663
f 3745/3745/1664 3746/3746/1664 3747/3747/1664 3748/3748/1664
f 3748/3748/1665 3749/3749/1665 3750/3750/1665 3745/3745/1665
f 3749/3749/1666 3751/3751/1666 3752/3752/1666 3750/3750/1666
f 3751/3751/1667 3753/3753/1667 3754/3754/1667 3752/3752/1667
f 3753/3753/1668 3755/3755/1668 3756/3756/1668 3754/3754/1668
f 3755/3755/1669 3757/3757/1669 3758/3758/1669 3756/3756/1669
f 3757/3757/1670 3759/3759/1670 3760/3760/1670 3758/3758/1670
f 3759/3759/1671 3761/3761/1671 3762/3762/1671 3760/3760/1671
f 3763/3763/1672 3764/3764/1672 3765/3765/1672 3766/3766/1672
f 3766/3766/1673 3767/3767/1673 3768/3768/1673 3763/3763/1673
f 3767/3767/1674 3769/3769/1674 3770/3770/1674 3768/3768/1674
f 3769/3769/1675 3771/3771/1675 3772/3772/1675 3770/3770/1675
f 3771/3771/1676 3773/3773/1676 3774/3774/1676 3772/3772/1676
f 3773/3773/1677 3775/3775/1677 3776/3776/1677 3774/3774/1677
f 3775/3775/1678 3777/3777/1678 3778/3778/1678 3776/3776/1678
f 3777/3777/1679 3779/3779/1679 3780/3780/1679 3778/3778/1679
f 3781/3781/1680 3782/3782/1680 3783/3783/1680 3784/3784/1680
f 3784/3784/1681 3785/3785/1681 3786/3786/1681 3781/3781/1681
f 3785/3785/1682 3787/3787/1682 3788/3788/1682 3786/3786/1682
f 3787/3787/1683 3789/3789/1683 3790/3790/1683 3788/3788/1683
f 3789/3789/1684 3791/3791/1684 3792/3792/1684 3790/3790/1684
f 3791/3791/1685 3793/3793/1685 3794/3794/1685 3792/3792/1685
f 3793/3793/1686 3795/3795/1686 3796/3796/1686 3794/3794/1686
f 3795/3795/1687 3797/3797/1687 3798/3798/1687 3796/3796/1687
f 3799/3799/1688 3800/3800/1688 3801/3801/1688 3802/3802/1688
f 3802/3802/1689 3803/3803/1689 3804/3804/1689 3799/3799/1689
f 3803/3803/1690 3805/3805/1690 3806/3806/1690 3804/3804/1690
f 3805/3805/1691 3807/3807/1691 3808/3808/1691 3806/3806/1691
f 3807/3807/1692 3809/3809/1692 3810/3810/1692 3808/3808/1692
f 3809/3809/1693 3811/3811/1693 3812/3812/1693 3810/3810/1693
f 3811/3811/1694 3813/3813/1694 3814/3814/1694 3812/3812/1694
f 3813/3813/1695 3815/3815/1695 3816/3816/1695 3814/3814/1695
f 3817/3817/1696 3818/3818/1696 3819/3819/1696 3820/3820/1696
f 3820/3820/1697 3821/3821/1697 3822/3822/1697 3817/3817/1697
f 3821/3821/1698 3823/3823/1698 3824/3824/1698 3822/3822/1698
f 3823/3823/1699 3825/3825/1699 3826/3826/1699 3824/3824/1699
f 3825/3825/1700 3827/3827/1700 3828/3828/1700 3826/3826/1700
f 3827/3827/1701 3829/3829/1701 3830/3830/1701 3828/3828/1701
f 3829/3829/1702 3831/3831/1702 3832/3832/1702 3830/3830/1702
f 3831/3831/1703 3833/3833/1703 3834/3834/1703 3832/3832/1703
f 3835/3835/1704 3836/3836/1704 3837/3837/1704 3838/3838/1704
f 3838/3838/1705 3839/3839/1705 3840/3840/1705 3835/3835/1705
f 3839/3839/1706 3841/3841/1706 3842/3842/1706 3840/3840/1706
f 3841/3841/1707 3843/3843/1707 3844/3844/1707 3842/3842/1707
f 3843/3843/1708 3845/3845/1708 3846/3846/1708 3844/3844/1708
f 3845/3845/1709 3847/3847/1709 3848/3848/1709 3846/3846/1709
f 3847/3847/1710 3849/3849/1710 3850/3850/1710 3848/3848/1710
f 3849/3849/1711 3851/3851/1711 3852/3852/1711 3850/3850/1711
f 3853/3853/1712 3854/3854/1712 3855/3855/1712 3856/3856/1712
f 3856/3856/1713 3857/3857/1713 3858/3858/1713 3853/3853/1713
f 3857/3857/1714 3859/3859/1714 3860/3860/1714 3858/3858/1714
f 3859/3859/1715 3861/3861/1715 3862/3862/1715 3860/3860/1715
f 3861/3861/1716 3863/3863/1716 3864/3864/1716 3862/3862/1716
f 3863/3863/1717 3865/3865/1717 3866/3866/1717 3864/3864/1717
f 3865/3865/1718 3867/3867/1718 3868/3868/1718 3866/3866/1718
f 3867/3867/1719 3869/3869/1719 3870/3870/1719 3868/3868/1719
f 3871/3871/1720 3872/3872/1720 3873/3873/1720 3874/3874/1720
f 3874/3874/1721 3875/3875/1721 3876/3876/1721 3871/3871/1721
f 3875/3875/1722 3877/3877/1722 3878/3878/1722 3876/3876/1722
f 3877/3877/1723 3879/3879/1723 3880/3880/1723 3878/3878/1723
f 3879/3879/1724 3881/3881/1724 3882/3882/1724 3880/3880/1724
f 3881/3881/1725 3883/3883/1725 3884/3884/1725 3882/3882/1725
f 3883/3883/1726 3885/3885/1726 3886/3886/1726 3884/3884/1726
f 3885/3885/1727 3887/3887/1727 3888/3888/1727 3886/3886/1727
f 3889/3889/1728 3890/3890/1728 3891/3891/1728 3892/3892/1728
f 3892/3892/1729 3893/3893/1729 3894/3894/1729 3889/3889/1729
f 3893/3893/1730 3895/3895/1730 3896/3896/1730 3894/3894/1730
f 3895/3895/1731 3897/3897/1731 3898/3898/1731 3896/3896/1731
f 3897/3897/1732 3899/3899/1732 3900/3900/1732 3898/3898/1732
f 3899/3899/1733 3901/3901/1733 3902/3902/1733 3900/3900/1733
f 3901/3901/1734 3903/3903/1734 3904/3904/1734 3902/3902/1734
f 3903/3903/1735 3905/3905/1735 3906/3906/1735 3904/3904/1735
f 3907/3907/1736 3908/3908/1736 3909/3909/1736 3910/3910/1736
f 3910/3910/1737 3911/3911/1737 3912/3912/1737 3907/3907/1737
f 3911/3911/1738 3913/3913/1738 3914/3914/1738 3912/3912/1738
f 3913/3913/1739 3915/3915/1739 3916/3916/1739 3914/3914/1739
f 3915/3915/1740 3917/3917/1740 3918/3918/1740 3916/3916/1740
f 3917/3917/1741 3919/3919/1741 3920/3920/1741 3918/3918/1741
f 3919/3919/1742 3921/3921/1742 3922/3922/1742 3920/3920/1742
f 3921/3921/1743 3923/3923/1743 3924/3924/1743 3922/3922/1743
f 3925/3925/1744 3926/3926/1744 3927/3927/1744 3928/3928/1744
f 3928/3928/1745 3929/3929/1745 3930/3930/1745 3925/3925/1745
f 3929/3929/1746 3931/3931/1746 3932/3932/1746 3930/3930/1746
f 3931/3931/1747 3933/3933/1747 3934/3934/1747 3932/3932/1747
f 3933/3933/1748 3935/3935/1748 3936/3936/1748 3934/3934/1748
f 3935/3935/1749 3937/3937/1749 3938/3938/1749 3936/3936/1749
f 3937/3937/1750 3939/3939/1750 3940/3940/1750 3938/3938/1750
f 3939/3939/1751 3941/3941/1751 3942/3942/1751 3940/3940/1751
f 3943/3943/1752 3944/3944/1752 3945/3945/1752 3946/3946/1752
f 3946/3946/1753 3947/3947/1753 3948/3948/1753 3943/3943/1753
f 3947/3947/1754 3949/3949/1754 3950/3950/1754 3948/3948/1754
f 3949/3949/1755 3951/3951/1755 3952/3952/1755 3950/3950/1755
f 3951/3951/1756 3953/3953/1756 3954/3954/1756 3952/3952/1756
f 3953/3953/1757 3955/3955/1757 3956/3956/1757 3954/3954/1757
f 3955/3955/1758 3957/3957/1758 3958/3958/1758 3956/3956/1758
f 3957/3957/1759 3959/3959/1759 3960/3960/1759 3958/3958/1759
f 3961/3961/1760 3962/3962/1760 3963/3963/1760 3964/3964/1760
f 3964/3964/1761 3965/3965/1761 3966/3966/1761 3961/3961/1761
f 3965/3965/1762 3967/3967/1762 3968/3968/1762 3966/3966/1762
f 3967/3967/1763 3969/3969/1763 3970/3970/1763 3968/3968/1763
f 3969/3969/1764 3971/3971/1764 3972/3972/1764 3970/3970/1764
f 3971/3971/1765 3973/3973/1765 3974/3974/1765 3972/3972/1765
f 3973/3973/1766 3975/3975/1766 3976/3976/1766 3974/3974/1766
f 3975/3975/1767 3977/3977/1767 3978/3978/1767 3976/3976/1767
f 3979/3979/1768 3980/3980/1768 3981/3981/1768 3982/3982/1768
f 3982/3982/1769 3983/3983/1769 3984/3984/1769 3979/3979/1769
f 3983/3983/1770 3985/3985/1770 3986/3986/1770 3984/3984/1770
f 3985/3985/1771 3987/3987/1771 3988/3988/1771 3986/3986/1771
f 3987/3987/1772 3989/3989/1772 3990/3990/1772 3988/3988/1772
f 3989/3989/1773 3991/3991/1773 3992/3992/1773 3990/3990/1773
f 3991/3991/1774 3993/3993/1774 3994/3994/1774 3992/3992/1774
f 3993/3993/1775 3995/3995/1775 3996/3996/1775 3994/3994/1775
f 3997/3997/1776 3998/3998/1776 3999/3999/1776 4000/4000/1776
f 4000/4000/1777 4001/4001/1777 4002/4002/1777 3997/3997/1777
f 4001/4001/1778 4003/4003/1778 4004/4004/1778 4002/4002/1778
f 4003/4003/1779 4005/4005/1779 4006/4006/1779 4004/4004/1779
f 4005/4005/1780 4007/4007/1780 4008/4008/1780 4006/4006/1780
f 4007/4007/1781 4009/4009/1781 4010/4010/1781 4008/4008/1781
f 4009/4009/1782 4011/4011/1782 4012/4012/1782 4010/4010/1782
f 4011/4011/1783 4013/4013/1783 4014/4014/1783 4012/4012/1783
f 4015/4015/1784 4016/4016/1784 4017/4017/1784 4018/4018/1784
f 4018/4018/1785 4019/4019/1785 4020/4020/1785 4015/4015/1785
f 4019/4019/1786 4021/4021/1786 4022/4022/1786 4020/4020/1786
f 4021/4021/1787 4023/4023/1787 4024/4024/1787 4022/4022/1787
f 4023/4023/1788 4025/4025/1788 4026/4026/1788 4024/4024/1788
f 4025/4025/1789 4027/4027/1789 4028/4028/1789 4026/4026/1789
f 4027/4027/1790 4029/4029/1790 4030/4030/1790 4028/4028/1790
f 4029/4029/1791 4031/4031/1791 4032/4032/1791 4030/4030/1791
f 4033/4033/1792 4034/4034/1792 4035/4035/1792 4036/4036/1792
f 4036/4036/1793 4037/4037/1793 4038/4038/1793 4033/4033/1793
f 4037/4037/1794 4039/4039/1794 4040/4040/1794 4038/4038/1794
f 4039/4039/1795 4041/4041/1795 4042/4042/1795 4040/4040/1795
f 4041/4041/1796 4043/4043/1796 4044/4044/1796 4042/4042/1796
f 4043/4043/1797 4045/4045/1797 4046/4046/1797 4044/4044/1797
f 4045/4045/1798 4047/4047/1798 4048/4048/1798 4046/4046/1798
f 4047/4047/1799 4049/4049/1799 4050/4050/1799 4048/4048/1799
f 4051/4051/1800 4052/4052/1800 4053/4053/1800 4054/4054/1800
f 4054/4054/1801 4055/4055/1801 4056/4056/1801 4051/4051/1801
f 4055/4055/1802 4057/4057/1802 4058/4058/1802 4056/4056/1802
f 4057/4057/1803 4059/4059/1803 4060/4060/1803 4058/4058/1803
f 4059/4059/1804 4061/4061/1804 4062/4062/1804 4060/4060/1804
f 4061/4061/1805 4063/4063/1805 4064/4064/1805 4062/4062/1805
f 4063/4063/1806 4065/4065/1806 4066/4066/1806 4064/4064/1806
f 4065/4065/1807 4067/4067/1807 4068/4068/1807 4066/4066/1807
f 4069/4069/1808 4070/4070/1808 4071/4071/1808 4072/4072/1808
f 4072/4072/1809 4073/4073/1809 4074/4074/1809 4069/4069/1809
f 4073/4073/1810 4075/4075/1810 4076/4076/1810 4074/4074/1810
f 4075/4075/1811 4077/4077/1811 4078/4078/1811 4076/4076/1811
f 4077/4077/1812 4079/4079/1812 4080/4080/1812 4078/4078/1812
f 4079/4079/1813 4081/4081/1813 4082/4082/1813 4080/4080/1813
f 4081/4081/1814 4083/4083/1814 4084/4084/1814 4082/4082/1814
f 4083/4083/1815 4085/4085/1815 4086/4086/1815 4084/4084/1815
f 4087/4087/1816 4088/4088/1816 4089/4089/1816 4090/4090/1816
f 4090/4090/362 4091/4091/362 4092/4092/362 4087/4087/362
f 4091/4091/1817 4093/4093/1817 4094/4094/1817 4092/4092/1817
f 4093/4093/1818 4095/4095/1818 4096/4096/1818 4094/4094/1818
f 4095/4095/1819 4097/4097/1819 4098/4098/1819 4096/4096/1819
f 4097/4097/1820 4099/4099/1820 4100/4100/1820 4098/4098/1820
f 4099/4099/1821 4101/4101/1821 4102/4102/1821 4100/4100/1821
f 4101/4101/1822 4103/4103/1822 4104/4104/1822 4102/4102/1822
f 4105/4105/1823 4106/4106/1823 4107/4107/1823 4108/4108/1823
f 4108/4108/1824 4109/4109/1824 4110/4110/1824 4105/4105/1824
f 4109/4109/1825 4111/4111/1825 4112/4112/1825 4110/4110/1825
f 4111/4111/1826 4113/4113/1826 4114/4114/1826 4112/4112/1826
f 4113/4113/1827 4115/4115/1827 4116/4116/1827 4114/4114/1827
f 4115/4115/1828 4117/4117/1828 4118/4118/1828 4116/4116/1828
f 4117/4117/1829 4119/4119/1829 4120/4120/1829 4118/4118/1829
f 4119/4119/1830 4121/4121/1830 4122/4122/1830 4120/4120/1830
f 4123/4123/1831 4124/4124/1831 4125/4125/1831 4126/4126/1831
f 4126/4126/1832 4127/4127/1832 4128/4128/1832 4123/4123/1832
f 4127/4127/1833 4129/4129/1833 4130/4130/1833 4128/4128/1833
f 4129/4129/1834 4131/4131/1834 4132/4132/1834 4130/4130/1834
f 4131/4131/1835 4133/4133/1835 4134/4134/1835 4132/4132/1835
f 4133/4133/1836 4135/4135/1836 4136/4136/1836 4134/4134/1836
f 4135/4135/1837 4137/4137/1837 4138/4138/1837 4136/4136/1837
f 4137/4137/1838 4139/4139/1838 4140/4140/1838 4138/4138/1838
f 4141/4141/1839 4142/4142/1839 4143/4143/1839 4144/4144/1839
f 4144/4144/1840 4145/4145/1840 4146/4146/1840 4141/4141/1840
f 4145/4145/1841 4147/4147/1841 4148/4148/1841 4146/4146/1841
f 4147/4147/1842 4149/4149/1842 4150/4150/1842 4148/4148/1842
f 4149/4149/1843 4151/4151/1843 4152/4152/1843 4150/4150/1843
f 4151/4151/1844 4153/4153/1844 4154/4154/1844 4152/4152/1844
f 4153/4153/1845 4155/4155/1845 4156/4156/1845 4154/4154/1845
f 4155/4155/1846 4157/4157/1846 4158/4158/1846 4156/4156/1846
f 4159/4159/1847 4160/4160/1847 4161/4161/1847 4162/4162/1847
f 4162/4162/1848 4163/4163/1848 4164/4164/1848 4159/4159/1848
f 4163/4163/1849 4165/4165/1849 4166/4166/1849 4164/4164/1849
f 4165/4165/1850 4167/4167/1850 4168/4168/1850 4166/4166/1850
f 4167/4167/1851 4169/4169/1851 4170/4170/1851 4168/4168/1851
f 4169/4169/1852 4171/4171/1852 4172/4172/1852 4170/4170/1852
f 4171/4171/1853 4173/4173/1853 4174/4174/1853 4172/4172/1853
f 4173/4173/1854 4175/4175/1854 4176/4176/1854 4174/4174/1854
f 4177/4177/1855 4178/4178/1855 4179/4179/1855 4180/4180/1855
f 4180/4180/1856 4181/4181/1856 4182/4182/1856 4177/4177/1856
f 4181/4181/1857 4183/4183/1857 4184/4184/1857 4182/4182/1857
f 4183/4183/1858 4185/4185/1858 4186/4186/1858 4184/4184/1858
f 4185/4185/1859 4187/4187/1859 4188/4188/1859 4186/4186/1859
f 4187/4187/1860 4189/4189/1860 4190/4190/1860 4188/4188/1860
f 4189/4189/1861 4191/4191/1861 4192/4192/1861 4190/4190/1861
f 4191/4191/1862 4193/4193/1862 4194/4194/1862 4192/4192/1862
f 4195/4195/1863 4196/4196/1863 4197/4197/1863 4198/4198/1863
f 4198/4198/1864 4199/4199/1864 4200/4200/1864 4195/4195/1864
f 4199/4199/1865 4201/4201/1865 4202/4202/1865 4200/4200/1865
f 4201/4201/1866 4203/4203/1866 4204/4204/1866 4202/4202/1866
f 4203/4203/1867 4205/4205/1867 4206/4206/1867 4204/4204/1867
f 4205/4205/1868 4207/4207/1868 4208/4208/1868 4206/4206/1868
f 4207/4207/1869 4209/4209/1869 4210/4210/1869 4208/4208/1869
f 4209/4209/1870 4211/4211/1870 4212/4212/1870 4210/4210/1870
f 4213/4213/1871 4214/4214/1871 4215/4215/1871 4216/4216/1871
f 4216/4216/1872 4217/4217/1872 4218/4218/1872 4213/4213/1872
f 4217/4217/1873 4219/4219/1873 4220/4220/1873 4218/4218/1873
f 4219/4219/1874 4221/4221/1874 4222/4222/1874 4220/4220/1874
f 4221/4221/1875 4223/4223/1875 4224/4224/1875 4222/4222/1875
f 4223/4223/1876 4225/4225/1876 4226/4226/1876 4224/4224/1876
f 4225/4225/1877 4227/4227/1877 4228/4228/1877 4226/4226/1877
f 4227/4227/1878 4229/4229/1878 4230/4230/1878 4228/4228/1878
f 4231/4231/1879 4232/4232/1879 4233/4233/1879 4234/4234/1879
f 4234/4234/1880 4235/4235/1880 4236/4236/1880 4231/4231/1880
f 4235/4235/1881 4237/4237/1881 4238/4238/1881 4236/4236/1881
f 4237/4237/1882 4239/4239/1882 4240/4240/1882 4238/4238/1882
f 4239/4239/1883 4241/4241/1883 4242/4242/1883 4240/4240/1883
f 4241/4241/1884 4243/4243/1884 4244/4244/1884 4242/4242/1884
f 4243/4243/1885 4245/4245/1885 4246/4246/1885 4244/4244/1885
f 4245/4245/1886 4247/4247/1886 4248/4248/1886 4246/4246/1886
f 4249/4249/1887 4250/4250/1887 4251/4251/1887 4252/4252/1887
f 4252/4252/1888 4253/4253/1888 4254/4254/1888 4249/4249/1888
f 4253/4253/1889 4255/4255/1889 4256/4256/1889 4254/4254/1889
f 4255/4255/1890 4257/4257/1890 4258/4258/1890 4256/4256/1890
f 4257/4257/1891 4259/4259/1891 4260/4260/1891 4258/4258/1891
f 4259/4259/1892 4261/4261/1892 4262/4262/1892 4260/4260/1892
f 4261/4261/1893 4263/4263/1893 4264/4264/1893 4262/4262/1893
f 4263/4263/1894 4265/4265/1894 4266/4266/1894 4264/4264/1894
f 4267/4267/1895 4268/4268/1895 4269/4269/1895 4270/4270/1895
f 4270/4270/1896 4271/4271/1896 4272/4272/1896 4267/4267/1896
f 4271/4271/1897 4273/4273/1897 4274/4274/1897 4272/4272/1897
f 4273/4273/1898 4275/4275/1898 4276/4276/1898 4274/4274/1898
f 4275/4275/1899 4277/4277/1899 4278/4278/1899 4276/4276/1899
f 4277/4277/1900 4279/4279/1900 4280/4280/1900 4278/4278/1900
f 4279/4279/1901 4281/4281/1901 4282/4282/1901 4280/4280/1901
f 4281/4281/1902 4283/4283/1902 4284/4284/1902 4282/4282/1902
f 4285/4285/1903 4286/4286/1903 4287/4287/1903 4288/4288/1903
f 4288/4288/1904 4289/4289/1904 4290/4290/1904 4285/4285/1904
f 4289/4289/1905 4291/4291/1905 4292/4292/1905 4290/4290/1905
f 4291/4291/1906 4293/4293/1906 4294/4294/1906 4292/4292/1906
f 4293/4293/1907 4295/4295/1907 4296/4296/1907 4294/4294/1907
f 4295/4295/1908 4297/4297/1908 4298/4298/1908 4296/4296/1908
f 4297/4297/1909 4299/4299/1909 4300/4300/1909 4298/4298/1909
f 4299/4299/1910 4301/4301/1910 4302/4302/1910 4300/4300/1910
f 4303/4303/1911 4304/4304/1911 4305/4305/1911 4306/4306/1911
f 4306/4306/1912 4307/4307/1912 4308/4308/1912 4303/4303/1912
f 4307/4307/1913 4309/4309/1913 4310/4310/1913 4308/4308/1913
f 4309/4309/1914 4311/4311/1914 4312/4312/1914 4310/4310/1914
f 4311/4311/1915 4313/4313/1915 4314/4314/1915 4312/4312/1915
f 4313/4313/1916 4315/4315/1916 4316/4316/1916 4314/4314/1916
f 4315/4315/1917 4317/4317/1917 4318/4318/1917 4316/4316/1917
f 4317/4317/1918 4319/4319/1918 4320/4320/1918 4318/4318/1918
f 4321/4321/1919 4322/4322/1919 4323/4323/1919 4324/4324/1919
f 4324/4324/1920 4325/4325/1920 4326/4326/1920 4321/4321/1920
f 4325/4325/1921 4327/4327/1921 4328/4328/1921 4326/4326/1921
f 4327/4327/1922 4329/4329/1922 4330/4330/1922 4328/4328/1922
f 4329/4329/1923 4331/4331/1923 4332/4332/1923 4330/4330/1923
f 4331/4331/1924 4333/4333/1924 4334/4334/1924 4332/4332/1924
f 4333/4333/1925 4335/4335/1925 4336/4336/1925 4334/4334/1925
f 4335/4335/1926 4337/4337/1926 4338/4338/1926 4336/4336/1926
f 4339/4339/1927 4340/4340/1927 4341/4341/1927 4342/4342/1927
f 4342/4342/1928 4343/4343/1928 4344/4344/1928 4339/4339/1928
f 4343/4343/1929 4345/4345/1929 4346/4346/1929 4344/4344/1929
f 4345/4345/1930 4347/4347/1930 4348/4348/1930 4346/4346/1930
f 4347/4347/1931 4349/4349/1931 4350/4350/1931 4348/4348/1931
f 4349/4349/1932 4351/4351/1932 4352/4352/1932 4350/4350/1932
f 4351/4351/1933 4353/4353/1933 4354/4354/1933 4352/4352/1933
f 4353/4353/1934 4355/4355/1934 4356/4356/1934 4354/4354/1934
f 4357/4357/1935 4358/4358/1935 4359/4359/1935 4360/4360/1935
f 4360/4360/1936 4361/4361/1936 4362/4362/1936 4357/4357/1936
f 4361/4361/1937 4363/4363/1937 4364/4364/1937 4362/4362/1937
f 4363/4363/1938 4365/4365/1938 4366/4366/1938 4364/4364/1938
f 4365/4365/1939 4367/4367/1939 4368/4368/1939 4366/4366/1939
f 4367/4367/1940 4369/4369/1940 4370/4370/1940 4368/4368/1940
f 4369/4369/1941 4371/4371/1941 4372/4372/1941 4370/4370/1941
f 4371/4371/1942 4373/4373/1942 4374/4374/1942 4372/4372/1942
f 4375/4375/1943 4376/4376/1943 4377/4377/1943 4378/4378/1943
f 4378/4378/1944 4379/4379/1944 4380/4380/1944 4375/4375/1944
f 4379/4379/1945 4381/4381/1945 4382/4382/1945 4380/4380/1945
f 4381/4381/1946 4383/4383/1946 4384/4384/1946 4382/4382/1946
f 4383/4383/1947 4385/4385/1947 4386/4386/1947 4384/4384/1947
f 4385/4385/1948 4387/4387/1948 4388/4388/1948 4386/4386/1948
f 4387/4387/1949 4389/4389/1949 4390/4390/1949 4388/4388/1949
f 4389/4389/1950 4391/4391/1950 4392/4392/1950 4390/4390/1950
f 4393/4393/1951 4394/4394/1951 4395/4395/1951 4396/4396/1951
f 4396/4396/1952 4397/4397/1952 4398/4398/1952 4393/4393/1952
f 4397/4397/1953 4399/4399/1953 4400/4400/1953 4398/4398/1953
f 4399/4399/1954 4401/4401/1954 4402/4402/1954 4400/4400/1954
f 4401/4401/1955 4403/4403/1955 4404/4404/1955 4402/4402/1955
f 4403/4403/1956 4405/4405/1956 4406/4406/1956 4404/4404/1956
f 4405/4405/1957 4407/4407/1957 4408/4408/1957 4406/4406/1957
f 4407/4407/1958 4409/4409/1958 4410/4410/1958 4408/4408/1958
f 4411/4411/1959 4412/4412/1959 4413/4413/1959 4414/4414/1959
f 4414/4414/1960 4415/4415/1960 4416/4416/1960 4411/4411/1960
f 4415/4415/1961 4417/4417/1961 4418/4418/1961 4416/4416/1961
f 4417/4417/1962 4419/4419/1962 4420/4420/1962 4418/4418/1962
f 4419/4419/1963 4421/4421/1963 4422/4422/1963 4420/4420/1963
f 4421/4421/1964 4423/4423/1964 4424/4424/1964 4422/4422/1964
f 4423/4423/1965 4425/4425/1965 4426/4426/1965 4424/4424/1965
f 4425/4425/1966 4427/4427/1966 4428/4428/1966 4426/4426/1966
f 4429/4429/1967 4430/4430/1967 4431/4431/1967 4432/4432/1967
f 4432/4432/1968 4433/4433/1968 4434/4434/1968 4429/4429/1968
f 4433/4433/1969 4435/4435/1969 4436/4436/1969 4434/4434/1969
f 4435/4435/1970 4437/4437/1970 4438/4438/1970 4436/4436/1970
f 4437/4437/1971 4439/4439/1971 4440/4440/1971 4438/4438/1971
f 4439/4439/1972 4441/4441/1972 4442/4442/1972 4440/4440/1972
f 4441/4441/1973 4443/4443/1973 4444/4444/1973 4442/4442/1973
f 4443/4443/1974 4445/4445/1974 4446/4446/1974 4444/4444/1974
f 4447/4447/1975 4448/4448/1975 4449/4449/1975 4450/4450/1975
f 4450/4450/1976 4451/4451/1976 4452/4452/1976 4447/4447/1976
f 4451/4451/1977 4453/4453/1977 4454/4454/1977 4452/4452/1977
f 4453/4453/1978 4455/4455/1978 4456/4456/1978 4454/4454/1978
f 4455/4455/1979 4457/4457/1979 4458/4458/1979 4456/4456/1979
f 4457/4457/1980 4459/4459/1980 4460/4460/1980 4458/4458/1980
f 4459/4459/1981 4461/4461/1981 4462/4462/1981 4460/4460/1981
f 4461/4461/1982 4463/4463/1982 4464/4464/1982 4462/4462/1982
f 4465/4465/1983 4466/4466/1983 4467/4467/1983 4468/4468/1983
f 4468/4468/1984 4469/4469/1984 4470/4470/1984 4465/4465/1984
f 4469/4469/1985 4471/4471/1985 4472/4472/1985 4470/4470/1985
f 4471/4471/1986 4473/4473/1986 4474/4474/1986 4472/4472/1986
f 4473/4473/1987 4475/4475/1987 4476/4476/1987 4474/4474/1987
f 4475/4475/1988 4477/4477/1988 4478/4478/1988 4476/4476/1988
f 4477/4477/1989 4479/4479/1989 4480/4480/1989 4478/4478/1989
f 4479/4479/1990 4481/4481/1990 4482/4482/1990 4480/4480/1990
f 4483/4483/1991 4484/4484/1991 4485/4485/1991 4486/4486/1991
f 4486/4486/1992 4487/4487/1992 4488/4488/1992 4483/4483/1992
f 4487/4487/1993 4489/4489/1993 4490/4490/1993 4488/4488/1993
f 4489/4489/1994 4491/4491/1994 4492/4492/1994 4490/4490/1994
f 4491/4491/1995 4493/4493/1995 4494/4494/1995 4492/4492/1995
f 4493/4493/1996 4495/4495/1996 4496/4496/1996 4494/4494/1996
f 4495/4495/1997 4497/4497/1997 4498/4498/1997 4496/4496/1997
f 4497/4497/1998 4499/4499/1998 4500/4500/1998 4498/4498/1998
f 4501/4501/1999 4502/4502/1999 4503/4503/1999 4504/4504/1999
f 4504/4504/2000 4505/4505/2000 4506/4506/2000 4501/4501/2000
f 4505/4505/2001 4507/4507/2001 4508/4508/2001 4506/4506/2001
f 4507/4507/2002 4509/4509/2002 4510/4510/2002 4508/4508/2002
f 4509/4509/2003 4511/4511/2003 4512/4512/2003 4510/4510/2003
f 4511/4511/2004 4513/4513/2004 4514/4514/2004 4512/4512/2004
f 4513/4513/2005 4515/4515/2005 4516/4516/2005 4514/4514/2005
f 4515/4515/2006 4517/4517/2006 4518/4518/2006 4516/4516/2006
f 4519/4519/2007 4520/4520/2007 4521/4521/2007 4522/4522/2007
f 4522/4522/2008 4523/4523/2008 4524/4524/2008 4519/4519/2008
f 4523/4523/2009 4525/4525/2009 4526/4526/2009 4524/4524/2009
f 4525/4525/2010 4527/4527/2010 4528/4528/2010 4526/4526/2010
f 4527/4527/2011 4529/4529/2011 4530/4530/2011 4528/4528/2011
f 4529/4529/2012 4531/4531/2012 4532/4532/2012 4530/4530/2012
f 4531/4531/2013 4533/4533/2013 4534/4534/2013 4532/4532/2013
f 4533/4533/2014 4535/4535/2014 4536/4536/2014 4534/4534/2014
f 4537/4537/2015 4538/4538/2015 4539/4539/2015 4540/4540/2015
f 4540/4540/2016 4541/4541/2016 4542/4542/2016 4537/4537/2016
f 4541/4541/2017 4543/4543/2017 4544/4544/2017 4542/4542/2017
f 4543/4543/2018 4545/4545/2018 4546/4546/2018 4544/4544/2018
f 4545/4545/2019 4547/4547/2019 4548/4548/2019 4546/4546/2019
f 4547/4547/2020 4549/4549/2020 4550/4550/2020 4548/4548/2020
f 4549/4549/2021 4551/4551/2021 4552/4552/2021 4550/4550/2021
f 4551/4551/2022 4553/4553/2022 4554/4554/2022 4552/4552/2022
f 4555/4555/2023 4556/4556/2023 4557/4557/2023 4558/4558/2023
f 4558/4558/2024 4559/4559/2024 4560/4560/2024 4555/4555/2024
f 4559/4559/2025 4561/4561/2025 4562/4562/2025 4560/4560/2025
f 4561/4561/2026 4563/4563/2026 4564/4564/2026 4562/4562/2026
f 4563/4563/2027 4565/4565/2027 4566/4566/2027 4564/4564/2027
f 4565/4565/2028 4567/4567/2028 4568/4568/2028 4566/4566/2028
f 4567/4567/2029 4569/4569/2029 4570/4570/2029 4568/4568/2029
f 4569/4569/2030 4571/4571/2030 4572/4572/2030 4570/4570/2030
f 4573/4573/2031 4574/4574/2031 4575/4575/2031 4576/4576/2031
f 4576/4576/2032 4577/4577/2032 4578/4578/2032 4573/4573/2032
f 4577/4577/2033 4579/4579/2033 4580/4580/2033 4578/4578/2033
f 4579/4579/2034 4581/4581/2034 4582/4582/2034 4580/4580/2034
f 4581/4581/2035 4583/4583/2035 4584/4584/2035 4582/4582/2035
f 4583/4583/2036 4585/4585/2036 4586/4586/2036 4584/4584/2036
f 4585/4585/2037 4587/4587/2037 4588/4588/2037 4586/4586/2037
f 4587/4587/2038 4589/4589/2038 4590/4590/2038 4588/4588/2038
f 4591/4591/2039 4592/4592/2039 4593/4593/2039 4594/4594/2039
f 4594/4594/2040 4595/4595/2040 4596/4596/2040 4591/4591/2040
f 4595/4595/2041 4597/4597/2041 4598/4598/2041 4596/4596/2041
f 4597/4597/2042 4599/4599/2042 4600/4600/2042 4598/4598/2042
f 4599/4599/2043 4601/4601/2043 4602/4602/2043 4600/4600/2043
f 4601/4601/2044 4603/4603/2044 4604/4604/2044 4602/4602/2044
f 4603/4603/2045 4605/4605/2045 4606/4606/2045 4604/4604/2045
f 4605/4605/2046 4607/4607/2046 4608/4608/2046 4606/4606/2046
f 4609/4609/2047 4610/4610/2047 4611/4611/2047 4612/4612/2047
f 4612/4612/2048 4613/4613/2048 4614/4614/2048 4609/4609/2048
f 4613/4613/2049 4615/4615/2049 4616/4616/2049 4614/4614/2049
f 4615/4615/2050 4617/4617/2050 4618/4618/2050 4616/4616/2050
f 4617/4617/2051 4619/4619/2051 4620/4620/2051 4618/4618/2051
f 4619/4619/2052 4621/4621/2052 4622/4622/2052 4620/4620/2052
f 4621/4621/2053 4623/4623/2053 4624/4624/2053 4622/4622/2053
f 4623/4623/2054 4625/4625/2054 4626/4626/2054 4624/4624/2054
f 4627/4627/2055 4628/4628/2055 4629/4629/2055 4630/4630/2055
f 4630/4630/2056 4631/4631/2056 4632/4632/2056 4627/4627/2056
f 4631/4631/2057 4633/4633/2057 4634/4634/2057 4632/4632/2057
f 4633/4633/2058 4635/4635/2058 4636/4636/2058 4634/4634/2058
f 4635/4635/2059 4637/4637/2059 4638/4638/2059 4636/4636/2059
f 4637/4637/2060 4639/4639/2060 4640/4640/2060 4638/4638/2060
f 4639/4639/2061 4641/4641/2061 4642/4642/2061 4640/4640/2061
f 4641/4641/2062 4643/4643/2062 4644/4644/2062 4642/4642/2062
f 4645/4645/2063 4646/4646/2063 4647/4647/2063 4648/4648/2063
f 4648/4648/2064 4649/4649/2064 4650/4650/2064 4645/4645/2064
f 4649/4649/2065 4651/4651/2065 4652/4652/2065 4650/4650/2065
f 4651/4651/2066 4653/4653/2066 4654/4654/2066 4652/4652/2066
f 4653/4653/2067 4655/4655/2067 4656/4656/2067 4654/4654/2067
f 4655/4655/2068 4657/4657/2068 4658/4658/2068 4656/4656/2068
f 4657/4657/2069 4659/4659/2069 4660/4660/2069 4658/4658/2069
f 4659/4659/2070 4661/4661/2070 4662/4662/2070 4660/4660/2070
f 4663/4663/2071 4664/4664/2071 4665/4665/2071 4666/4666/2071
f 4666/4666/2072 4667/4667/2072 4668/4668/2072 4663/4663/2072
f 4667/4667/2073 4669/4669/2073 4670/4670/2073 4668/4668/2073
f 4669/4669/2074 4671/4671/2074 4672/4672/2074 4670/4670/2074
f 4671/4671/2075 4673/4673/2075 4674/4674/2075 4672/4672/2075
f 4673/4673/2076 4675/4675/2076 4676/4676/2076 4674/4674/2076
f 4675/4675/2077 4677/4677/2077 4678/4678/2077 4676/4676/2077
f 4677/4677/2078 4679/4679/2078 4680/4680/2078 4678/4678/2078
f 4681/4681/2079 4682/4682/2079 4683/4683/2079 4684/4684/2079
f 4684/4684/2080 4685/4685/2080 4686/4686/2080 4681/4681/2080
f 4685/4685/2081 4687/4687/2081 4688/4688/2081 4686/4686/2081
f 4687/4687/2082 4689/4689/2082 4690/4690/2082 4688/4688/2082
f 4689/4689/2083 4691/4691/2083 4692/4692/2083 4690/4690/2083
f 4691/4691/2084 4693/4693/2084 4694/4694/2084 4692/4692/2084
f 4693/4693/2085 4695/4695/2085 4696/4696/2085 4694/4694/2085
f 4695/4695/2086 4697/4697/2086 4698/4698/2086 4696/4696/2086
f 4699/4699/2087 4700/4700/2087 4701/4701/2087 4702/4702/2087
f 4702/4702/2088 4703/4703/2088 4704/4704/2088 4699/4699/2088
f 4703/4703/2089 4705/4705/2089 4706/4706/2089 4704/4704/2089
f 4705/4705/2090 4707/4707/2090 4708/4708/2090 4706/4706/2090
f 4707/4707/2091 4709/4709/2091 4710/4710/2091 4708/4708/2091
f 4709/4709/2092 4711/4711/2092 4712/4712/2092 4710/4710/2092
f 4711/4711/2093 4713/4713/2093 4714/4714/2093 4712/4712/2093
f 4713/4713/2094 4715/4715/2094 4716/4716/2094 4714/4714/2094
f 4717/4717/2095 4718/4718/2095 4719/4719/2095 4720/4720/2095
f 4720/4720/2096 4721/4721/2096 4722/4722/2096 4717/4717/2096
f 4721/4721/2097 4723/4723/2097 4724/4724/2097 4722/4722/2097
f 4723/4723/2098 4725/4725/2098 4726/4726/2098 4724/4724/2098
f 4725/4725/2099 4727/4727/2099 4728/4728/2099 4726/4726/2099
f 4727/4727/2100 4729/4729/2100 4730/4730/2100 4728/4728/2100
f 4729/4729/2101 4731/4731/2101 4732/4732/2101 4730/4730/2101
f 4731/4731/2102 4733/4733/2102 4734/4734/2102 4732/4732/2102
f 4735/4735/2103 4736/4736/2103 4737/4737/2103 4738/4738/2103
f 4738/4738/2104 4739/4739/2104 4740/4740/2104 4735/4735/2104
f 4739/4739/2105 4741/4741/2105 4742/4742/2105 4740/4740/2105
f 4741/4741/2106 4743/4743/2106 4744/4744/2106 4742/4742/2106
f 4743/4743/2107 4745/4745/2107 4746/4746/2107 4744/4744/2107
f 4745/4745/2108 4747/4747/2108 4748/4748/2108 4746/4746/2108
f 4747/4747/2109 4749/4749/2109 4750/4750/2109 4748/4748/2109
f 4749/4749/2110 4751/4751/2110 4752/4752/2110 4750/4750/2110
f 4753/4753/2111 4754/4754/2111 4755/4755/2111 4756/4756/2111
f 4756/4756/2112 4757/4757/2112 4758/4758/2112 4753/4753/2112
f 4757/4757/2113 4759/4759/2113 4760/4760/2113 4758/4758/2113
f 4759/4759/2114 4761/4761/2114 4762/4762/2114 4760/4760/2114
f 4761/4761/2115 4763/4763/2115 4764/4764/2115 4762/4762/2115
f 4763/4763/2116 4765/4765/2116 4766/4766/2116 4764/4764/2116
f 4765/4765/2117 4767/4767/2117 4768/4768/2117 4766/4766/2117
f 4767/4767/2118 4769/4769/2118 4770/4770/2118 4768/4768/2118
f 4771/4771/2119 4772/4772/2119 4773/4773/2119 4774/4774/2119
f 4774/4774/2120 4775/4775/2120 4776/4776/2120 4771/4771/2120
f 4775/4775/2121 4777/4777/2121 4778/4778/2121 4776/4776/2121
f 4777/4777/2122 4779/4779/2122 4780/4780/2122 4778/4778/2122
f 4779/4779/2123 4781/4781/2123 4782/4782/2123 4780/4780/2123
f 4781/4781/2124 4783/4783/2124 4784/4784/2124 4782/4782/2124
f 4783/4783/2125 4785/4785/2125 4786/4786/2125 4784/4784/2125
f 4785/4785/2126 4787/4787/2126 4788/4788/2126 4786/4786/2126
f 4789/4789/2127 4790/4790/2127 4791/4791/2127 4792/4792/2127
f 4792/4792/2128 4793/4793/2128 4794/4794/2128 4789/4789/2128
f 4793/4793/2129 4795/4795/2129 4796/4796/2129 4794/4794/2129
f 4795/4795/2130 4797/4797/2130 4798/4798/2130 4796/4796/2130
f 4797/4797/2131 4799/4799/2131 4800/4800/2131 4798/4798/2131
f 4799/4799/2132 4801/4801/2132 4802/4802/2132 4800/4800/2132
f 4801/4801/2133 4803/4803/2133 4804/4804/2133 4802/4802/2133
f 4803/4803/2134 4805/4805/2134 4806/4806/2134 4804/4804/2134
f 4807/4807/2135 4808/4808/2135 4809/4809/2135 4810/4810/2135
f 4810/4810/2136 4811/4811/2136 4812/4812/2136 4807/4807/2136
f 4811/4811/2137 4813/4813/2137 4814/4814/2137 4812/4812/2137
f 4813/4813/2138 4815/4815/2138 4816/4816/2138 4814/4814/2138
f 4815/4815/2139 4817/4817/2139 4818/4818/2139 4816/4816/2139
f 4817/4817/2140 4819/4819/2140 4820/4820/2140 4818/4818/2140
f 4819/4819/2141 4821/4821/2141 4822/4822/2141 4820/4820/2141
f 4821/4821/2142 4823/4823/2142 4824/4824/2142 4822/4822/2142
f 4825/4825/2143 4826/4826/2143 4827/4827/2143 4828/4828/2143
f 4828/4828/2144 4829/4829/2144 4830/4830/2144 4825/4825/2144
f 4829/4829/2145 4831/4831/2145 4832/4832/2145 4830/4830/2145
f 4831/4831/2146 4833/4833/2146 4834/4834/2146 4832/4832/2146
f 4833/4833/2147 4835/4835/2147 4836/4836/2147 4834/4834/2147
f 4835/4835/2148 4837/4837/2148 4838/4838/2148 4836/4836/2148
f 4837/4837/2149 4839/4839/2149 4840/4840/2149 4838/4838/2149
f 4839/4839/2150 4841/4841/2150 4842/4842/2150 4840/4840/2150
f 4843/4843/2151 4844/4844/2151 4845/4845/2151 4846/4846/2151
f 4846/4846/2152 4847/4847/2152 4848/4848/2152 4843/4843/2152
f 4847/4847/2153 4849/4849/2153 4850/4850/2153 4848/4848/2153
f 4849/4849/2154 4851/4851/2154 4852/4852/2154 4850/4850/2154
f 4851/4851/2155 4853/4853/2155 4854/4854/2155 4852/4852/2155
f 4853/4853/2156 4855/4855/2156 4856/4856/2156 4854/4854/2156
f 4855/4855/2157 4857/4857/2157 4858/4858/2157 4856/4856/2157
f 4857/4857/2158 4859/4859/2158 4860/4860/2158 4858/4858/2158
f 4861/4861/2159 4862/4862/2159 4863/4863/2159 4864/4864/2159
f 4864/4864/2160 4865/4865/2160 4866/4866/2160 4861/4861/2160
f 4865/4865/2161 4867/4867/2161 4868/4868/2161 4866/4866/2161
f 4867/4867/2162 4869/4869/2162 4870/4870/2162 4868/4868/2162
f 4869/4869/2163 4871/4871/2163 4872/4872/2163 4870/4870/2163
f 4871/4871/2164 4873/4873/2164 4874/4874/2164 4872/4872/2164
f 4873/4873/2165 4875/4875/2165 4876/4876/2165 4874/4874/2165
f 4875/4875/2166 4877/4877/2166 4878/4878/2166 4876/4876/2166
f 4879/4879/2167 4880/4880/2167 4881/4881/2167 4882/4882/2167
f 4882/4882/2168 4883/4883/2168 4884/4884/2168 4879/4879/2168
f 4883/4883/2169 4885/4885/2169 4886/4886/2169 4884/4884/2169
f 4885/4885/2170 4887/4887/2170 4888/4888/2170 4886/4886/2170
f 4887/4887/2171 4889/4889/2171 4890/4890/2171 4888/4888/2171
f 4889/4889/2172 4891/4891/2172 4892/4892/2172 4890/4890/2172
f 4891/4891/2173 4893/4893/2173 4894/4894/2173 4892/4892/2173
f 4893/4893/2174 4895/4895/2174 4896/4896/2174 4894/4894/2174
f 4897/4897/2175 4898/4898/2175 4899/4899/2175 4900/4900/2175
f 4900/4900/2176 4901/4901/2176 4902/4902/2176 4897/4897/2176
f 4901/4901/2177 4903/4903/2177 4904/4904/2177 4902/4902/2177
f 4903/4903/2178 4905/4905/2178 4906/4906/2178 4904/4904/2178
f 4905/4905/2179 4907/4907/2179 4908/4908/2179 4906/4906/2179
f 4907/4907/2180 4909/4909/2180 4910/4910/2180 4908/4908/2180
f 4909/4909/2181 4911/4911/2181 4912/4912/2181 4910/4910/2181
f 4911/4911/2182 4913/4913/2182 4914/4914/2182 4912/4912/2182
f 4915/4915/2183 4916/4916/2183 4917/4917/2183 4918/4918/2183
f 4918/4918/2184 4919/4919/2184 4920/4920/2184 4915/4915/2184
f 4919/4919/2185 4921/4921/2185 4922/4922/2185 4920/4920/2185
f 4921/4921/2186 4923/4923/2186 4924/4924/2186 4922/4922/2186
f 4923/4923/2187 4925/4925/2187 4926/4926/2187 4924/4924/2187
f 4925/4925/2188 4927/4927/2188 4928/4928/2188 4926/4926/2188
f 4927/4927/2189 4929/4929/2189 4930/4930/2189 4928/4928/2189
f 4929/4929/2190 4931/4931/2190 4932/4932/2190 4930/4930/2190
f 4933/4933/2191 4934/4934/2191 4935/4935/2191 4936/4936/2191
f 4936/4936/2192 4937/4937/2192 4938/4938/2192 4933/4933/2192
f 4937/4937/2193 4939/4939/2193 4940/4940/2193 4938/4938/2193
f 4939/4939/2194 4941/4941/2194 4942/4942/2194 4940/4940/2194
f 4941/4941/2195 4943/4943/2195 4944/4944/2195 4942/4942/2195
f 4943/4943/2196 4945/4945/2196 4946/4946/2196 4944/4944/2196
f 4945/4945/2197 4947/4947/2197 4948/4948/2197 4946/4946/2197
f 4947/4947/2198 4949/4949/2198 4950/4950/2198 4948/4948/2198
f 4951/4951/2199 4952/4952/2199 4953/4953/2199 4954/4954/2199
f 4954/4954/2200 4955/4955/2200 4956/4956/2200 4951/4951/2200
f 4955/4955/2201 4957/4957/2201 4958/4958/2201 4956/4956/2201
f 4957/4957/2202 4959/4959/2202 4960/4960/2202 4958/4958/2202
f 4959/4959/2203 4961/4961/2203 4962/4962/2203 4960/4960/2203
f 4961/4961/2204 4963/4963/2204 4964/4964/2204 4962/4962/2204
f 4963/4963/2205 4965/4965/2205 4966/4966/2205 4964/4964/2205
f 4965/4965/2206 4967/4967/2206 4968/4968/2206 4966/4966/2206
f 4969/4969/2207 4970/4970/2207 4971/4971/2207 4972/4972/2207
f 4972/4972/2208 4973/4973/2208 4974/4974/2208 4969/4969/2208
f 4973/4973/2209 4975/4975/2209 4976/4976/2209 4974/4974/2209
f 4975/4975/2210 4977/4977/2210 4978/4978/2210 4976/4976/2210
f 4977/4977/2211 4979/4979/2211 4980/4980/2211 4978/4978/2211
f 4979/4979/2212 4981/4981/2212 4982/4982/2212 4980/4980/2212
f 4981/4981/2213 4983/4983/2213 4984/4984/2213 4982/4982/2213
f 4983/4983/2214 4985/4985/2214 4986/4986/2214 4984/4984/2214
f 4987/4987/2215 4988/4988/2215 4989/4989/2215 4990/4990/2215
f 4990/4990/2216 4991/4991/2216 4992/4992/2216 4987/4987/2216
f 4991/4991/2217 4993/4993/2217 4994/4994/2217 4992/4992/2217
f 4993/4993/2218 4995/4995/2218 4996/4996/2218 4994/4994/2218
f 4995/4995/2219 4997/4997/2219 4998/4998/2219 4996/4996/2219
f 4997/4997/2220 4999/4999/2220 5000/5000/2220 4998/4998/2220
f 4999/4999/2221 5001/5001/2221 5002/5002/2221 5000/5000/2221
f 5001/5001/2222 5003/5003/2222 5004/5004/2222 5002/5002/2222
f 5005/5005/2223 5006/5006/2223 5007/5007/2223 5008/5008/2223
f 5008/5008/2224 5009/5009/2224 5010/5010/2224 5005/5005/2224
f 5009/5009/2225 5011/5011/2225 5012/5012/2225 5010/5010/2225
f 5011/5011/2226 5013/5013/2226 5014/5014/2226 5012/5012/2226
f 5013/5013/2227 5015/5015/2227 5016/5016/2227 5014/5014/2227
f 5015/5015/2228 5017/5017/2228 5018/5018/2228 5016/5016/2228
f 5017/5017/2229 5019/5019/2229 5020/5020/2229 5018/5018/2229
f 5019/5019/2230 5021/5021/2230 5022/5022/2230 5020/5020/2230
f 5023/5023/2231 5024/5024/2231 5025/5025/2231 5026/5026/2231
f 5026/5026/2232 5027/5027/2232 5028/5028/2232 5023/5023/2232
f 5027/5027/2233 5029/5029/2233 5030/5030/2233 5028/5028/2233
f 5029/5029/2234 5031/5031/2234 5032/5032/2234 5030/5030/2234
f 5031/5031/2235 5033/5033/2235 5034/5034/2235 5032/5032/2235
f 5033/5033/2236 5035/5035/2236 5036/5036/2236 5034/5034/2236
f 5035/5035/2237 5037/5037/2237 5038/5038/2237 5036/5036/2237
f 5037/5037/2238 5039/5039/2238 5040/5040/2238 5038/5038/2238
f 5041/5041/2239 5042/5042/2239 5043/5043/2239 5044/5044/2239
f 5044/5044/2240 5045/5045/2240 5046/5046/2240 5041/5041/2240
f 5045/5045/2241 5047/5047/2241 5048/5048/2241 5046/5046/2241
f 5047/5047/2242 5049/5049/2242 5050/5050/2242 5048/5048/2242
f 5049/5049/2243 5051/5051/2243 5052/5052/2243 5050/5050/2243
f 5051/5051/2244 5053/5053/2244 5054/5054/2244 5052/5052/2244
f 5053/5053/2245 5055/5055/2245 5056/5056/2245 5054/5054/2245
f 5055/5055/2246 5057/5057/2246 5058/5058/2246 5056/5056/2246
f 5059/5059/2247 5060/5060/2247 5061/5061/2247 5062/5062/2247
f 5062/5062/2248 5063/5063/2248 5064/5064/2248 5059/5059/2248
f 5063/5063/2249 5065/5065/2249 5066/5066/2249 5064/5064/2249
f 5065/5065/2250 5067/5067/2250 5068/5068/2250 5066/5066/2250
f 5067/5067/2251 5069/5069/2251 5070/5070/2251 5068/5068/2251
f 5069/5069/2252 5071/5071/2252 5072/5072/2252 5070/5070/2252
f 5071/5071/2253 5073/5073/2253 5074/5074/2253 5072/5072/2253
f 5073/5073/2254 5075/5075/2254 5076/5076/2254 5074/5074/2254
f 5077/5077/2255 5078/5078/2255 5079/5079/2255 5080/5080/2255
f 5080/5080/2256 5081/5081/2256 5082/5082/2256 5077/5077/2256
f 5081/5081/2257 5083/5083/2257 5084/5084/2257 5082/5082/2257
f 5083/5083/2258 5085/5085/2258 5086/5086/2258 5084/5084/2258
f 5085/5085/2259 5087/5087/2259 5088/5088/2259 5086/5086/2259
f 5087/5087/2260 5089/5089/2260 5090/5090/2260 5088/5088/2260
f 5089/5089/2261 5091/5091/2261 5092/5092/2261 5090/5090/2261
f 5091/5091/2262 5093/5093/2262 5094/5094/2262 5092/5092/2262
f 5095/5095/2263 5096/5096/2263 5097/5097/2263 5098/5098/2263
f 5098/5098/2264 5099/5099/2264 5100/5100/2264 5095/5095/2264
f 5099/5099/2265 5101/5101/2265 5102/5102/2265 5100/5100/2265
f 5101/5101/2266 5103/5103/2266 5104/5104/2266 5102/5102/2266
f 5103/5103/2267 5105/5105/2267 5106/5106/2267 5104/5104/2267
f 5105/5105/2268 5107/5107/2268 5108/5108/2268 5106/5106/2268
f 5107/5107/2269 5109/5109/2269 5110/5110/2269 5108/5108/2269
f 5109/5109/2270 5111/5111/2270 5112/5112/2270 5110/5110/2270
f 5113/5113/2271 5114/5114/2271 5115/5115/2271 5116/5116/2271
f 5116/5116/2272 5117/5117/2272 5118/5118/2272 5113/5113/2272
f 5117/5117/2273 5119/5119/2273 5120/5120/2273 5118/5118/2273
f 5119/5119/2274 5121/5121/2274 5122/5122/2274 5120/5120/2274
f 5121/5121/2275 5123/5123/2275 5124/5124/2275 5122/5122/2275
f 5123/5123/2276 5125/5125/2276 5126/5126/2276 5124/5124/2276
f 5125/5125/2277 5127/5127/2277 5128/5128/2277 5126/5126/2277
f 5127/5127/2278 5129/5129/2278 5130/5130/2278 5128/5128/2278
f 5131/5131/2279 5132/5132/2279 5133/5133/2279 5134/5134/2279
f 5134/5134/2280 5135/5135/2280 5136/5136/2280 5131/5131/2280
f 5135/5135/2281 5137/5137/2281 5138/5138/2281 5136/5136/2281
f 5137/5137/2282 5139/5139/2282 5140/5140/2282 5138/5138/2282
f 5139/5139/2283 5141/5141/2283 5142/5142/2283 5140/5140/2283
f 5141/5141/2284 5143/5143/2284 5144/5144/2284 5142/5142/2284
f 5143/5143/2285 5145/5145/2285 5146/5146/2285 5144/5144/2285
f 5145/5145/2286 5147/5147/2286 5148/5148/2286 5146/5146/2286
f 5149/5149/2287 5150/5150/2287 5151/5151/2287 5152/5152/2287
f 5152/5152/2288 5153/5153/2288 5154/5154/2288 5149/5149/2288
f 5153/5153/2289 5155/5155/2289 5156/5156/2289 5154/5154/2289
f 5155/5155/2290 5157/5157/2290 5158/5158/2290 5156/5156/2290
f 5157/5157/2291 5159/5159/2291 5160/5160/2291 5158/5158/2291
f 5159/5159/2292 5161/5161/2292 5162/5162/2292 5160/5160/2292
f 5161/5161/2293 5163/5163/2293 5164/5164/2293 5162/5162/2293
f 5163/5163/2294 5165/5165/2294 5166/5166/2294 5164/5164/2294
f 5167/5167/2295 5168/5168/2295 5169/5169/2295 5170/5170/2295
f 5170/5170/2296 5171/5171/2296 5172/5172/2296 5167/5167/2296
f 5171/5171/2297 5173/5173/2297 5174/5174/2297 5172/5172/2297
f 5173/5173/2298 5175/5175/2298 5176/5176/2298 5174/5174/2298
f 5175/5175/2299 5177/5177/2299 5178/5178/2299 5176/5176/2299
f 5177/5177/2300 5179/5179/2300 5180/5180/2300 5178/5178/2300
f 5179/5179/2301 5181/5181/2301 5182/5182/2301 5180/5180/2301
f 5181/5181/2302 5183/5183/2302 5184/5184/2302 5182/5182/2302
f 5185/5185/2303 5186/5186/2303 5187/5187/2303 5188/5188/2303
f 5188/5188/2304 5189/5189/2304 5190/5190/2304 5185/5185/2304
f 5189/5189/2305 5191/5191/2305 5192/5192/2305 5190/5190/2305
f 5191/5191/2306 5193/5193/2306 5194/5194/2306 5192/5192/2306
f 5193/5193/2307 5195/5195/2307 5196/5196/2307 5194/5194/2307
f 5195/5195/2308 5197/5197/2308 5198/5198/2308 5196/5196/2308
f 5197/5197/2309 5199/5199/2309 5200/5200/2309 5198/5198/2309
f 5199/5199/2310 5201/5201/2310 5202/5202/2310 5200/5200/2310
f 5203/5203/2311 5204/5204/2311 5205/5205/2311 5206/5206/2311
f 5206/5206/2312 5207/5207/2312 5208/5208/2312 5203/5203/2312
f 5207/5207/2313 5209/5209/2313 5210/5210/2313 5208/5208/2313
f 5209/5209/2314 5211/5211/2314 5212/5212/2314 5210/5210/2314
f 5211/5211/2315 5213/5213/2315 5214/5214/2315 5212/5212/2315
f 5213/5213/2316 5215/5215/2316 5216/5216/2316 5214/5214/2316
f 5215/5215/2317 5217/5217/2317 5218/5218/2317 5216/5216/2317
f 5217/5217/2318 5219/5219/2318 5220/5220/2318 5218/5218/2318
f 5221/5221/2319 5222/5222/2319 5223/5223/2319 5224/5224/2319
f 5224/5224/2320 5225/5225/2320 5226/5226/2320 5221/5221/2320
f 5225/5225/2321 5227/5227/2321 5228/5228/2321 5226/5226/2321
f 5227/5227/2322 5229/5229/2322 5230/5230/2322 5228/5228/2322
f 5229/5229/2323 5231/5231/2323 5232/5232/2323 5230/5230/2323
f 5231/5231/2324 5233/5233/2324 5234/5234/2324 5232/5232/2324
f 5233/5233/2325 5235/5235/2325 5236/5236/2325 5234/5234/2325
f 5235/5235/2326 5237/5237/2326 5238/5238/2326 5236/5236/2326
f 5239/5239/2327 5240/5240/2327 5241/5241/2327 5242/5242/2327
f 5242/5242/2328 5243/5243/2328 5244/5244/2328 5239/5239/2328
f 5243/5243/2329 5245/5245/2329 5246/5246/2329 5244/5244/2329
f 5245/5245/2330 5247/5247/2330 5248/5248/2330 5246/5246/2330
f 5247/5247/2331 5249/5249/2331 5250/5250/2331 5248/5248/2331
f 5249/5249/2332 5251/5251/2332 5252/5252/2332 5250/5250/2332
f 5251/5251/2333 5253/5253/2333 5254/5254/2333 5252/5252/2333
f 5253/5253/2334 5255/5255/2334 5256/5256/2334 5254/5254/2334
f 5257/5257/2335 5258/5258/2335 5259/5259/2335 5260/5260/2335
f 5260/5260/2336 5261/5261/2336 5262/5262/2336 5257/5257/2336
f 5261/5261/2337 5263/5263/2337 5264/5264/2337 5262/5262/2337
f 5263/5263/2338 5265/5265/2338 5266/5266/2338 5264/5264/2338
f 5265/5265/2339 5267/5267/2339 5268/5268/2339 5266/5266/2339
f 5267/5267/2340 5269/5269/2340 5270/5270/2340 5268/5268/2340
f 5269/5269/2341 5271/5271/2341 5272/5272/2341 5270/5270/2341
f 5271/5271/2342 5273/5273/2342 5274/5274/2342 5272/5272/2342
f 5275/5275/2343 5276/5276/2343 5277/5277/2343 5278/5278/2343
f 5278/5278/2344 5279/5279/2344 5280/5280/2344 5275/5275/2344
f 5279/5279/2345 5281/5281/2345 5282/5282/2345 5280/5280/2345
f 5281/5281/2346 5283/5283/2346 5284/5284/2346 5282/5282/2346
f 5283/5283/2347 5285/5285/2347 5286/5286/2347 5284/5284/2347
f 5285/5285/2348 5287/5287/2348 5288/5288/2348 5286/5286/2348
f 5287/5287/2349 5289/5289/2349 5290/5290/2349 5288/5288/2349
f 5289/5289/2350 5291/5291/2350 5292/5292/2350 5290/5290/2350
f 5293/5293/2351 5294/5294/2351 5295/5295/2351 5296/5296/2351
f 5296/5296/2352 5297/5297/2352 5298/5298/2352 5293/5293/2352
f 5297/5297/2353 5299/5299/2353 5300/5300/2353 5298/5298/2353
f 5299/5299/2354 5301/5301/2354 5302/5302/2354 5300/5300/2354
f 5301/5301/2355 5303/5303/2355 5304/5304/2355 5302/5302/2355
f 5303/5303/2356 5305/5305/2356 5306/5306/2356 5304/5304/2356
f 5305/5305/2357 5307/5307/2357 5308/5308/2357 5306/5306/2357
f 5307/5307/2358 5309/5309/2358 5310/5310/2358 5308/5308/2358
f 5311/5311/2359 5312/5312/2359 5313/5313/2359 5314/5314/2359
f 5314/5314/2360 5315/5315/2360 5316/5316/2360 5311/5311/2360
f 5315/5315/2361 5317/5317/2361 5318/5318/2361 5316/5316/2361
f 5317/5317/2362 5319/5319/2362 5320/5320/2362 5318/5318/2362
f 5319/5319/2363 5321/5321/2363 5322/5322/2363 5320/5320/2363
f 5321/5321/2364 5323/5323/2364 5324/5324/2364 5322/5322/2364
f 5323/5323/2365 5325/5325/2365 5326/5326/2365 5324/5324/2365
f 5325/5325/2366 5327/5327/2366 5328/5328/2366 5326/5326/2366
f 5329/5329/2367 5330/5330/2367 5331/5331/2367 5332/5332/2367
f 5332/5332/2368 5333/5333/2368 5334/5334/2368 5329/5329/2368
f 5333/5333/2369 5335/5335/2369 5336/5336/2369 5334/5334/2369
f 5335/5335/2370 5337/5337/2370 5338/5338/2370 5336/5336/2370
f 5337/5337/2371 5339/5339/2371 5340/5340/2371 5338/5338/2371
f 5339/5339/2372 5341/5341/2372 5342/5342/2372 5340/5340/2372
f 5341/5341/2373 5343/5343/2373 5344/5344/2373 5342/5342/2373
f 5343/5343/2374 5345/5345/2374 5346/5346/2374 5344/5344/2374
f 5347/5347/2375 5348/5348/2375 5349/5349/2375 5350/5350/2375
f 5350/5350/2376 5351/5351/2376 5352/5352/2376 5347/5347/2376
f 5351/5351/2377 5353/5353/2377 5354/5354/2377 5352/5352/2377
f 5353/5353/2378 5355/5355/2378 5356/5356/2378 5354/5354/2378
f 5355/5355/2379 5357/5357/2379 5358/5358/2379 5356/5356/2379
f 5357/5357/2380 5359/5359/2380 5360/5360/2380 5358/5358/2380
f 5359/5359/2381 5361/5361/2381 5362/5362/2381 5360/5360/2381
f 5361/5361/2382 5363/5363/2382 5364/5364/2382 5362/5362/2382
f 5365/5365/2383 5366/5366/2383 5367/5367/2383 5368/5368/2383
f 5368/5368/2384 5369/5369/2384 5370/5370/2384 5365/5365/2384
f 5369/5369/2385 5371/5371/2385 5372/5372/2385 5370/5370/2385
f 5371/5371/2386 5373/5373/2386 5374/5374/2386 5372/5372/2386
f 5373/5373/2387 5375/5375/2387 5376/5376/2387 5374/5374/2387
f 5375/5375/2388 5377/5377/2388 5378/5378/2388 5376/5376/2388
f 5377/5377/2389 5379/5379/2389 5380/5380/2389 5378/5378/2389
f 5379/5379/2390 5381/5381/2390 5382/5382/2390 5380/5380/2390
f 5383/5383/2391 5384/5384/2391 5385/5385/2391 5386/5386/2391
f 5386/5386/2392 5387/5387/2392 5388/5388/2392 5383/5383/2392
f 5387/5387/2393 5389/5389/2393 5390/5390/2393 5388/5388/2393
f 5389/5389/2394 5391/5391/2394 5392/5392/2394 5390/5390/2394
f 5391/5391/2395 5393/5393/2395 5394/5394/2395 5392/5392/2395
f 5393/5393/2396 5395/5395/2396 5396/5396/2396 5394/5394/2396
f 5395/5395/2397 5397/5397/2397 5398/5398/2397 5396/5396/2397
f 5397/5397/2398 5399/5399/2398 5400/5400/2398 5398/5398/2398
f 5401/5401/2399 5402/5402/2399 5403/5403/2399 5404/5404/2399
f 5404/5404/2400 5405/5405/2400 5406/5406/2400 5401/5401/2400
f 5405/5405/2401 5407/5407/2401 5408/5408/2401 5406/5406/2401
f 5407/5407/2402 5409/5409/2402 5410/5410/2402 5408/5408/2402
f 5409/5409/2403 5411/5411/2403 5412/5412/2403 5410/5410/2403
f 5411/5411/2404 5413/5413/2404 5414/5414/2404 5412/5412/2404
f 5413/5413/2405 5415/5415/2405 5416/5416/2405 5414/5414/2405
f 5415/5415/2406 5417/5417/2406 5418/5418/2406 5416/5416/2406
f 5419/5419/2407 5420/5420/2407 5421/5421/2407 5422/5422/2407
f 5422/5422/2408 5423/5423/2408 5424/5424/2408 5419/5419/2408
f 5423/5423/2409 5425/5425/2409 5426/5426/2409 5424/5424/2409
f 5425/5425/2410 5427/5427/2410 5428/5428/2410 5426/5426/2410
f 5427/5427/2411 5429/5429/2411 5430/5430/2411 5428/5428/2411
f 5429/5429/2412 5431/5431/2412 5432/5432/2412 5430/5430/2412
f 5431/5431/2413 5433/5433/2413 5434/5434/2413 5432/5432/2413
f 5433/5433/2414 5435/5435/2414 5436/5436/2414 5434/5434/2414
f 5437/5437/2415 5438/5438/2415 5439/5439/2415 5440/5440/2415
f 5440/5440/2416 5441/5441/2416 5442/5442/2416 5437/5437/2416
f 5441/5441/2417 5443/5443/2417 5444/5444/2417 5442/5442/2417
f 5443/5443/2418 5445/5445/2418 5446/5446/2418 5444/5444/2418
f 5445/5445/2419 5447/5447/2419 5448/5448/2419 5446/5446/2419
f 5447/5447/2420 5449/5449/2420 5450/5450/2420 5448/5448/2420
f 5449/5449/2421 5451/5451/2421 5452/5452/2421 5450/5450/2421
f 5451/5451/2422 5453/5453/2422 5454/5454/2422 5452/5452/2422
f 5455/5455/2423 5456/5456/2423 5457/5457/2423 5458/5458/2423
f 5458/5458/2424 5459/5459/2424 5460/5460/2424 5455/5455/2424
f 5459/5459/2425 5461/5461/2425 5462/5462/2425 5460/5460/2425
f 5461/5461/2426 5463/5463/2426 5464/5464/2426 5462/5462/2426
f 5463/5463/2427 5465/5465/2427 5466/5466/2427 5464/5464/2427
f 5465/5465/2428 5467/5467/2428 5468/5468/2428 5466/5466/2428
f 5467/5467/2429 5469/5469/2429 5470/5470/2429 5468/5468/2429
f 5469/5469/2430 5471/5471/2430 5472/5472/2430 5470/5470/2430
f 5473/5473/2431 5474/5474/2431 5475/5475/2431 5476/5476/2431
f 5476/5476/2432 5477/5477/2432 5478/5478/2432 5473/5473/2432
f 5477/5477/2433 5479/5479/2433 5480/5480/2433 5478/5478/2433
f 5479/5479/2434 5481/5481/2434 5482/5482/2434 5480/5480/2434
f 5481/5481/2435 5483/5483/2435 5484/5484/2435 5482/5482/2435
f 5483/5483/2436 5485/5485/2436 5486/5486/2436 5484/5484/2436
f 5485/5485/2437 5487/5487/2437 5488/5488/2437 5486/5486/2437
f 5487/5487/2438 5489/5489/2438 5490/5490/2438 5488/5488/2438
f 5491/5491/2439 5492/5492/2439 5493/5493/2439 5494/5494/2439
f 5494/5494/2440 5495/5495/2440 5496/5496/2440 5491/5491/2440
f 5495/5495/2441 5497/5497/2441 5498/5498/2441 5496/5496/2441
f 5497/5497/2442 5499/5499/2442 5500/5500/2442 5498/5498/2442
f 5499/5499/2443 5501/5501/2443 5502/5502/2443 5500/5500/2443
f 5501/5501/2444 5503/5503/2444 5504/5504/2444 5502/5502/2444
f 5503/5503/2445 5505/5505/2445 5506/5506/2445 5504/5504/2445
f 5505/5505/2446 5507/5507/2446 5508/5508/2446 5506/5506/2446
f 5509/5509/2447 5510/5510/2447 5511/5511/2447 5512/5512/2447
f 5512/5512/2448 5513/5513/2448 5514/5514/2448 5509/5509/2448
f 5513/5513/2449 5515/5515/2449 5516/5516/2449 5514/5514/2449
f 5515/5515/2450 5517/5517/2450 5518/5518/2450 5516/5516/2450
f 5517/5517/2451 5519/5519/2451 5520/5520/2451 5518/5518/2451
f 5519/5519/2452 5521/5521/2452 5522/5522/2452 5520/5520/2452
f 5521/5521/2453 5523/5523/2453 5524/5524/2453 5522/5522/2453
f 5523/5523/2454 5525/5525/2454 5526/5526/2454 5524/5524/2454
f 5527/5527/2455 5528/5528/2455 5529/5529/2455 5530/5530/2455
f 5530/5530/2456 5531/5531/2456 5532/5532/2456 5527/5527/2456
f 5531/5531/2457 5533/5533/2457 5534/5534/2457 5532/5532/2457
f 5533/5533/2458 5535/5535/2458 5536/5536/2458 5534/5534/2458
f 5535/5535/2459 5537/5537/2459 5538/5538/2459 5536/5536/2459
f 5537/5537/2460 5539/5539/2460 5540/5540/2460 5538/5538/2460
f 5539/5539/2461 5541/5541/2461 5542/5542/2461 5540/5540/2461
f 5541/5541/2462 5543/5543/2462 5544/5544/2462 5542/5542/2462
f 5545/5545/2463 5546/5546/2463 5547/5547/2463 5548/5548/2463
f 5548/5548/2464 5549/5549/2464 5550/5550/2464 5545/5545/2464
f 5549/5549/2465 5551/5551/2465 5552/5552/2465 5550/5550/2465
f 5551/5551/2466 5553/5553/2466 5554/5554/2466 5552/5552/2466
f 5553/5553/2467 5555/5555/2467 5556/5556/2467 5554/5554/2467
f 5555/5555/2468 5557/5557/2468 5558/5558/2468 5556/5556/2468
f 5557/5557/2469 5559/5559/2469 5560/5560/2469 5558/5558/2469
f 5559/5559/2470 5561/5561/2470 5562/5562/2470 5560/5560/2470
f 5563/5563/2471 5564/5564/2471 5565/5565/2471 5566/5566/2471
f 5566/5566/2472 5567/5567/2472 5568/5568/2472 5563/5563/2472
f 5567/5567/2473 5569/5569/2473 5570/5570/2473 5568/5568/2473
f 5569/5569/2474 5571/5571/2474 5572/5572/2474 5570/5570/2474
f 5571/5571/2475 5573/5573/2475 5574/5574/2475 5572/5572/2475
f 5573/5573/2476 5575/5575/2476 5576/5576/2476 5574/5574/2476
f 5575/5575/2477 5577/5577/2477 5578/5578/2477 5576/5576/2477
f 5577/5577/2478 5579/5579/2478 5580/5580/2478 5578/5578/2478
f 5581/5581/2479 5582/5582/2479 5583/5583/2479 5584/5584/2479
f 5584/5584/2480 5585/5585/2480 5586/5586/2480 5581/5581/2480
f 5585/5585/2481 5587/5587/2481 5588/5588/2481 5586/5586/2481
f 5587/5587/2482 5589/5589/2482 5590/5590/2482 5588/5588/2482
f 5589/5589/2483 5591/5591/2483 5592/5592/2483 5590/5590/2483
f 5591/5591/2484 5593/5593/2484 5594/5594/2484 5592/5592/2484
f 5593/5593/2485 5595/5595/2485 5596/5596/2485 5594/5594/2485
f 5595/5595/2486 5597/5597/2486 5598/5598/2486 5596/5596/2486
f 5599/5599/2487 5600/5600/2487 5601/5601/2487 5602/5602/2487
f 5602/5602/2488 5603/5603/2488 5604/5604/2488 5599/5599/2488
f 5603/5603/2489 5605/5605/2489 5606/5606/2489 5604/5604/2489
f 5605/5605/2490 5607/5607/2490 5608/5608/2490 5606/5606/2490
f 5607/5607/2491 5609/5609/2491 5610/5610/2491 5608/5608/2491
f 5609/5609/2492 5611/5611/2492 5612/5612/2492 5610/5610/2492
f 5611/5611/2493 5613/5613/2493 5614/5614/2493 5612/5612/2493
f 5613/5613/2494 5615/5615/2494 5616/5616/2494 5614/5614/2494
f 5617/5617/2495 5618/5618/2495 5619/5619/2495 5620/5620/2495
f 5620/5620/2496 5621/5621/2496 5622/5622/2496 5617/5617/2496
f 5621/5621/2497 5623/5623/2497 5624/5624/2497 5622/5622/2497
f 5623/5623/2498 5625/5625/2498 5626/5626/2498 5624/5624/2498
f 5625/5625/2499 5627/5627/2499 5628/5628/2499 5626/5626/2499
f 5627/5627/2500 5629/5629/2500 5630/5630/2500 5628/5628/2500
f 5629/5629/2501 5631/5631/2501 5632/5632/2501 5630/5630/2501
f 5631/5631/2502 5633/5633/2502 5634/5634/2502 5632/5632/2502
f 5635/5635/2503 5636/5636/2503 5637/5637/2503 5638/5638/2503
f 5638/5638/2504 5639/5639/2504 5640/5640/2504 5635/5635/2504
f 5639/5639/2505 5641/5641/2505 5642/5642/2505 5640/5640/2505
f 5641/5641/2506 5643/5643/2506 5644/5644/2506 5642/5642/2506
f 5643/5643/2507 5645/5645/2507 5646/5646/2507 5644/5644/2507
f 5645/5645/2508 5647/5647/2508 5648/5648/2508 5646/5646/2508
f 5647/5647/2509 5649/5649/2509 5650/5650/2509 5648/5648/2509
f 5649/5649/2510 5651/5651/2510 5652/5652/2510 5650/5650/2510
f 5653/5653/2511 5654/5654/2511 5655/5655/2511 5656/5656/2511
f 5656/5656/2512 5657/5657/2512 5658/5658/2512 5653/5653/2512
f 5657/5657/2513 5659/5659/2513 5660/5660/2513 5658/5658/2513
f 5659/5659/2514 5661/5661/2514 5662/5662/2514 5660/5660/2514
f 5661/5661/2515 5663/5663/2515 5664/5664/2515 5662/5662/2515
f 5663/5663/2516 5665/5665/2516 5666/5666/2516 5664/5664/2516
f 5665/5665/2517 5667/5667/2517 5668/5668/2517 5666/5666/2517
f 5667/5667/2518 5669/5669/2518 5670/5670/2518 5668/5668/2518
f 5671/5671/2519 5672/5672/2519 5673/5673/2519 5674/5674/2519
f 5674/5674/2520 5675/5675/2520 5676/5676/2520 5671/5671/2520
f 5675/5675/2521 5677/5677/2521 5678/5678/2521 5676/5676/2521
f 5677/5677/2522 5679/5679/2522 5680/5680/2522 5678/5678/2522
f 5679/5679/2443 5681/5681/2443 5682/5682/2443 5680/5680/2443
f 5681/5681/2444 5683/5683/2444 5684/5684/2444 5682/5682/2444
f 5683/5683/2523 5685/5685/2523 5686/5686/2523 5684/5684/2523
f 5685/5685/2524 5687/5687/2524 5688/5688/2524 5686/5686/2524
f 5689/5689/2525 5690/5690/2525 5691/5691/2525 5692/5692/2525
f 5692/5692/2526 5693/5693/2526 5694/5694/2526 5689/5689/2526
f 5693/5693/2527 5695/5695/2527 5696/5696/2527 5694/5694/2527
f 5695/5695/2528 5697/5697/2528 5698/5698/2528 5696/5696/2528
f 5697/5697/2529 5699/5699/2529 5700/5700/2529 5698/5698/2529
f 5699/5699/2530 5701/5701/2530 5702/5702/2530 5700/5700/2530
f 5701/5701/2531 5703/5703/2531 5704/5704/2531 5702/5702/2531
f 5703/5703/2532 5705/5705/2532 5706/5706/2532 5704/5704/2532
f 5707/5707/2533 5708/5708/2533 5709/5709/2533 5710/5710/2533
f 5710/5710/2534 5711/5711/2534 5712/5712/2534 5707/5707/2534
f 5711/5711/2535 5713/5713/2535 5714/5714/2535 5712/5712/2535
f 5713/5713/2536 5715/5715/2536 5716/5716/2536 5714/5714/2536
f 5715/5715/2537 5717/5717/2537 5718/5718/2537 5716/5716/2537
f 5717/5717/2538 5719/5719/2538 5720/5720/2538 5718/5718/2538
f 5719/5719/2539 5721/5721/2539 5722/5722/2539 5720/5720/2539
f 5721/5721/2540 5723/5723/2540 5724/5724/2540 5722/5722/2540
f 5725/5725/2541 5726/5726/2541 5727/5727/2541 5728/5728/2541
f 5728/5728/2542 5729/5729/2542 5730/5730/2542 5725/5725/2542
f 5729/5729/2543 5731/5731/2543 5732/5732/2543 5730/5730/2543
f 5731/5731/2544 5733/5733/2544 5734/5734/2544 5732/5732/2544
f 5733/5733/2545 5735/5735/2545 5736/5736/2545 5734/5734/2545
f 5735/5735/797 5737/5737/797 5738/5738/797 5736/5736/797
f 5737/5737/2546 5739/5739/2546 5740/5740/2546 5738/5738/2546
f 5739/5739/2547 5741/5741/2547 5742/5742/2547 5740/5740/2547
f 5743/5743/2548 5744/5744/2548 5745/5745/2548 5746/5746/2548
f 5746/5746/2549 5747/5747/2549 5748/5748/2549 5743/5743/2549
f 5747/5747/2550 5749/5749/2550 5750/5750/2550 5748/5748/2550
f 5749/5749/2551 5751/5751/2551 5752/5752/2551 5750/5750/2551
f 5751/5751/2552 5753/5753/2552 5754/5754/2552 5752/5752/2552
f 5753/5753/2553 5755/5755/2553 5756/5756/2553 5754/5754/2553
f 5755/5755/2554 5757/5757/2554 5758/5758/2554 5756/5756/2554
f 5757/5757/2555 5759/5759/2555 5760/5760/2555 5758/5758/2555
f 5761/5761/2556 5762/5762/2556 5763/5763/2556 5764/5764/2556
f 5764/5764/2557 5765/5765/2557 5766/5766/2557 5761/5761/2557
f 5765/5765/2558 5767/5767/2558 5768/5768/2558 5766/5766/2558
f 5767/5767/2559 5769/5769/2559 5770/5770/2559 5768/5768/2559
f 5769/5769/2560 5771/5771/2560 5772/5772/2560 5770/5770/2560
f 5771/5771/2561 5773/5773/2561 5774/5774/2561 5772/5772/2561
f 5773/5773/2562 5775/5775/2562 5776/5776/2562 5774/5774/2562
f 5775/5775/2563 5777/5777/2563 5778/5778/2563 5776/5776/2563
f 5779/5779/2564 5780/5780/2564 5781/5781/2564 5782/5782/2564
f 5782/5782/2565 5783/5783/2565 5784/5784/2565 5779/5779/2565
f 5783/5783/2566 5785/5785/2566 5786/5786/2566 5784/5784/2566
f 5785/5785/2567 5787/5787/2567 5788/5788/2567 5786/5786/2567
f 5787/5787/2568 5789/5789/2568 5790/5790/2568 5788/5788/2568
f 5789/5789/2569 5791/5791/2569 5792/5792/2569 5790/5790/2569
f 5791/5791/2570 5793/5793/2570 5794/5794/2570 5792/5792/2570
f 5793/5793/2571 5795/5795/2571 5796/5796/2571 5794/5794/2571
f 5797/5797/2572 5798/5798/2572 5799/5799/2572 5800/5800/2572
f 5800/5800/2573 5801/5801/2573 5802/5802/2573 5797/5797/2573
f 5801/5801/2574 5803/5803/2574 5804/5804/2574 5802/5802/2574
f 5803/5803/2575 5805/5805/2575 5806/5806/2575 5804/5804/2575
f 5805/5805/2576 5807/5807/2576 5808/5808/2576 5806/5806/2576
f 5807/5807/2577 5809/5809/2577 5810/5810/2577 5808/5808/2577
f 5809/5809/2578 5811/5811/2578 5812/5812/2578 5810/5810/2578
f 5811/5811/2579 5813/5813/2579 5814/5814/2579 5812/5812/2579
f 5815/5815/2580 5816/5816/2580 5817/5817/2580 5818/5818/2580
f 5818/5818/2581 5819/5819/2581 5820/5820/2581 5815/5815/2581
f 5819/5819/2582 5821/5821/2582 5822/5822/2582 5820/5820/2582
f 5821/5821/2583 5823/5823/2583 5824/5824/2583 5822/5822/2583
f 5823/5823/2584 5825/5825/2584 5826/5826/2584 5824/5824/2584
f 5825/5825/2585 5827/5827/2585 5828/5828/2585 5826/5826/2585
f 5827/5827/2586 5829/5829/2586 5830/5830/2586 5828/5828/2586
f 5829/5829/2587 5831/5831/2587 5832/5832/2587 5830/5830/2587
f 5833/5833/2588 5834/5834/2588 5835/5835/2588 5836/5836/2588
f 5836/5836/2589 5837/5837/2589 5838/5838/2589 5833/5833/2589
f 5837/5837/2590 5839/5839/2590 5840/5840/2590 5838/5838/2590
f 5839/5839/2591 5841/5841/2591 5842/5842/2591 5840/5840/2591
f 5841/5841/2592 5843/5843/2592 5844/5844/2592 5842/5842/2592
f 5843/5843/2593 5845/5845/2593 5846/5846/2593 5844/5844/2593
f 5845/5845/2594 5847/5847/2594 5848/5848/2594 5846/5846/2594
f 5847/5847/2595 5849/5849/2595 5850/5850/2595 5848/5848/2595
f 5851/5851/2596 5852/5852/2596 5853/5853/2596 5854/5854/2596
f 5854/5854/2597 5855/5855/2597 5856/5856/2597 5851/5851/2597
f 5855/5855/2598 5857/5857/2598 5858/5858/2598 5856/5856/2598
f 5857/5857/2599 5859/5859/2599 5860/5860/2599 5858/5858/2599
f 5859/5859/2600 5861/5861/2600 5862/5862/2600 5860/5860/2600
f 5861/5861/2601 5863/5863/2601 5864/5864/2601 5862/5862/2601
f 5863/5863/2602 5865/5865/2602 5866/5866/2602 5864/5864/2602
f 5865/5865/2603 5867/5867/2603 5868/5868/2603 5866/5866/2603
f 5869/5869/2604 5870/5870/2604 5871/5871/2604 5872/5872/2604
f 5872/5872/2605 5873/5873/2605 5874/5874/2605 5869/5869/2605
f 5873/5873/2606 5875/5875/2606 5876/5876/2606 5874/5874/2606
f 5875/5875/2607 5877/5877/2607 5878/5878/2607 5876/5876/2607
f 5877/5877/2608 5879/5879/2608 5880/5880/2608 5878/5878/2608
f 5879/5879/2609 5881/5881/2609 5882/5882/2609 5880/5880/2609
f 5881/5881/2610 5883/5883/2610 5884/5884/2610 5882/5882/2610
f 5883/5883/2611 5885/5885/2611 5886/5886/2611 5884/5884/2611
f 5887/5887/2612 5888/5888/2612 5889/5889/2612 5890/5890/2612
f 5890/5890/2613 5891/5891/2613 5892/5892/2613 5887/5887/2613
f 5891/5891/2614 5893/5893/2614 5894/5894/2614 5892/5892/2614
f 5893/5893/2615 5895/5895/2615 5896/5896/2615 5894/5894/2615
f 5895/5895/2616 5897/5897/2616 5898/5898/2616 5896/5896/2616
f 5897/5897/2617 5899/5899/2617 5900/5900/2617 5898/5898/2617
f 5899/5899/2618 5901/5901/2618 5902/5902/2618 5900/5900/2618
f 5901/5901/2619 5903/5903/2619 5904/5904/2619 5902/5902/2619
f 5905/5905/2620 5906/5906/2620 5907/5907/2620 5908/5908/2620
f 5908/5908/2621 5909/5909/2621 5910/5910/2621 5905/5905/2621
f 5909/5909/2622 5911/5911/2622 5912/5912/2622 5910/5910/2622
f 5911/5911/2623 5913/5913/2623 5914/5914/2623 5912/5912/2623
f 5913/5913/2624 5915/5915/2624 5916/5916/2624 5914/5914/2624
f 5915/5915/2625 5917/5917/2625 5918/5918/2625 5916/5916/2625
f 5917/5917/2626 5919/5919/2626 5920/5920/2626 5918/5918/2626
f 5919/5919/2627 5921/5921/2627 5922/5922/2627 5920/5920/2627
f 5923/5923/2628 5924/5924/2628 5925/5925/2628 5926/5926/2628
f 5926/5926/2629 5927/5927/2629 5928/5928/2629 5923/5923/2629
f 5927/5927/2630 5929/5929/2630 5930/5930/2630 5928/5928/2630
f 5929/5929/2631 5931/5931/2631 5932/5932/2631 5930/5930/2631
f 5931/5931/2632 5933/5933/2632 5934/5934/2632 5932/5932/2632
f 5933/5933/2633 5935/5935/2633 5936/5936/2633 5934/5934/2633
f 5935/5935/2634 5937/5937/2634 5938/5938/2634 5936/5936/2634
f 5937/5937/2635 5939/5939/2635 5940/5940/2635 5938/5938/2635
f 5941/5941/2636 5942/5942/2636 5943/5943/2636 5944/5944/2636
f 5944/5944/2637 5945/5945/2637 5946/5946/2637 5941/5941/2637
f 5945/5945/2638 5947/5947/2638 5948/5948/2638 5946/5946/2638
f 5947/5947/2639 5949/5949/2639 5950/5950/2639 5948/5948/2639
f 5949/5949/2640 5951/5951/2640 5952/5952/2640 5950/5950/2640
f 5951/5951/2641 5953/5953/2641 5954/5954/2641 5952/5952/2641
f 5953/5953/2642 5955/5955/2642 5956/5956/2642 5954/5954/2642
f 5955/5955/2643 5957/5957/2643 5958/5958/2643 5956/5956/2643
f 5959/5959/2644 5960/5960/2644 5961/5961/2644 5962/5962/2644
f 5962/5962/2645 5963/5963/2645 5964/5964/2645 5959/5959/2645
f 5963/5963/2646 5965/5965/2646 5966/5966/2646 5964/5964/2646
f 5965/5965/2647 5967/5967/2647 5968/5968/2647 5966/5966/2647
f 5967/5967/2648 5969/5969/2648 5970/5970/2648 5968/5968/2648
f 5969/5969/2649 5971/5971/2649 5972/5972/2649 5970/5970/2649
f 5971/5971/2650 5973/5973/2650 5974/5974/2650 5972/5972/2650
f 5973/5973/2651 5975/5975/2651 5976/5976/2651 5974/5974/2651
f 5977/5977/2652 5978/5978/2652 5979/5979/2652 5980/5980/2652
f 5980/5980/2653 5981/5981/2653 5982/5982/2653 5977/5977/2653
f 5981/5981/2654 5983/5983/2654 5984/5984/2654 5982/5982/2654
f 5983/5983/2655 5985/5985/2655 5986/5986/2655 5984/5984/2655
f 5985/5985/2656 5987/5987/2656 5988/5988/2656 5986/5986/2656
f 5987/5987/2657 5989/5989/2657 5990/5990/2657 5988/5988/2657
f 5989/5989/2658 5991/5991/2658 5992/5992/2658 5990/5990/2658
f 5991/5991/2659 5993/5993/2659 5994/5994/2659 5992/5992/2659
f 5995/5995/2660 5996/5996/2660 5997/5997/2660 5998/5998/2660
f 5998/5998/2661 5999/5999/2661 6000/6000/2661 5995/5995/2661
f 5999/5999/2662 6001/6001/2662 6002/6002/2662 6000/6000/2662
f 6001/6001/2663 6003/6003/2663 6004/6004/2663 6002/6002/2663
f 6003/6003/2664 6005/6005/2664 6006/6006/2664 6004/6004/2664
f 6005/6005/2665 6007/6007/2665 6008/6008/2665 6006/6006/2665
f 6007/6007/2666 6009/6009/2666 6010/6010/2666 6008/6008/2666
f 6009/6009/2667 6011/6011/2667 6012/6012/2667 6010/6010/2667
f 6013/6013/2668 6014/6014/2668 6015/6015/2668 6016/6016/2668
f 6016/6016/2669 6017/6017/2669 6018/6018/2669 6013/6013/2669
f 6017/6017/2670 6019/6019/2670 6020/6020/2670 6018/6018/2670
f 6019/6019/2671 6021/6021/2671 6022/6022/2671 6020/6020/2671
f 6021/6021/2672 6023/6023/2672 6024/6024/2672 6022/6022/2672
f 6023/6023/2673 6025/6025/2673 6026/6026/2673 6024/6024/2673
f 6025/6025/2674 6027/6027/2674 6028/6028/2674 6026/6026/2674
f 6027/6027/2675 6029/6029/2675 6030/6030/2675 6028/6028/2675
f 6031/6031/2676 6032/6032/2676 6033/6033/2676 6034/6034/2676
f 6034/6034/2677 6035/6035/2677 6036/6036/2677 6031/6031/2677
f 6035/6035/2678 6037/6037/2678 6038/6038/2678 6036/6036/2678
f 6037/6037/2679 6039/6039/2679 6040/6040/2679 6038/6038/2679
f 6039/6039/2680 6041/6041/2680 6042/6042/2680 6040/6040/2680
f 6041/6041/2681 6043/6043/2681 6044/6044/2681 6042/6042/2681
f 6043/6043/2682 6045/6045/2682 6046/6046/2682 6044/6044/2682
f 6045/6045/2683 6047/6047/2683 6048/6048/2683 6046/6046/2683
f 6049/6049/2684 6050/6050/2684 6051/6051/2684 6052/6052/2684
f 6052/6052/2685 6053/6053/2685 6054/6054/2685 6049/6049/2685
f 6053/6053/2686 6055/6055/2686 6056/6056/2686 6054/6054/2686
f 6055/6055/2687 6057/6057/2687 6058/6058/2687 6056/6056/2687
f 6057/6057/2688 6059/6059/2688 6060/6060/2688 6058/6058/2688
f 6059/6059/2689 6061/6061/2689 6062/6062/2689 6060/6060/2689
f 6061/6061/2690 6063/6063/2690 6064/6064/2690 6062/6062/2690
f 6063/6063/2691 6065/6065/2691 6066/6066/2691 6064/6064/2691
f 6067/6067/2692 6068/6068/2692 6069/6069/2692 6070/6070/2692
f 6070/6070/2693 6071/6071/2693 6072/6072/2693 6067/6067/2693
f 6071/6071/2694 6073/6073/2694 6074/6074/2694 6072/6072/2694
f 6073/6073/2695 6075/6075/2695 6076/6076/2695 6074/6074/2695
f 6075/6075/2696 6077/6077/2696 6078/6078/2696 6076/6076/2696
f 6077/6077/2697 6079/6079/2697 6080/6080/2697 6078/6078/2697
f 6079/6079/2698 6081/6081/2698 6082/6082/2698 6080/6080/2698
f 6081/6081/2699 6083/6083/2699 6084/6084/2699 6082/6082/2699
f 6085/6085/2700 6086/6086/2700 6087/6087/2700 6088/6088/2700
f 6088/6088/2701 6089/6089/2701 6090/6090/2701 6085/6085/2701
f 6089/6089/2702 6091/6091/2702 6092/6092/2702 6090/6090/2702
f 6091/6091/2703 6093/6093/2703 6094/6094/2703 6092/6092/2703
f 6093/6093/2704 6095/6095/2704 6096/6096/2704 6094/6094/2704
f 6095/6095/2705 6097/6097/2705 6098/6098/2705 6096/6096/2705
f 6097/6097/2706 6099/6099/2706 6100/6100/2706 6098/6098/2706
f 6099/6099/2707 6101/6101/2707 6102/6102/2707 6100/6100/2707
f 6103/6103/2708 6104/6104/2708 6105/6105/2708 6106/6106/2708
f 6106/6106/2709 6107/6107/2709 6108/6108/2709 6103/6103/2709
f 6107/6107/2710 6109/6109/2710 6110/6110/2710 6108/6108/2710
f 6109/6109/2711 6111/6111/2711 6112/6112/2711 6110/6110/2711
f 6111/6111/2712 6113/6113/2712 6114/6114/2712 6112/6112/2712
f 6113/6113/2713 6115/6115/2713 6116/6116/2713 6114/6114/2713
f 6115/6115/2714 6117/6117/2714 6118/6118/2714 6116/6116/2714
f 6117/6117/2715 6119/6119/2715 6120/6120/2715 6118/6118/2715
f 6121/6121/2716 6122/6122/2716 6123/6123/2716 6124/6124/2716
f 6124/6124/2717 6125/6125/2717 6126/6126/2717 6121/6121/2717
f 6125/6125/2718 6127/6127/2718 6128/6128/2718 6126/6126/2718
f 6127/6127/2719 6129/6129/2719 6130/6130/2719 6128/6128/2719
f 6129/6129/2720 6131/6131/2720 6132/6132/2720 6130/6130/2720
f 6131/6131/2721 6133/6133/2721 6134/6134/2721 6132/6132/2721
f 6133/6133/2722 6135/6135/2722 6136/6136/2722 6134/6134/2722
f 6135/6135/2723 6137/6137/2723 6138/6138/2723 6136/6136/2723
f 6139/6139/2724 6140/6140/2724 6141/6141/2724 6142/6142/2724
f 6142/6142/2725 6143/6143/2725 6144/6144/2725 6139/6139/2725
f 6143/6143/2726 6145/6145/2726 6146/6146/2726 6144/6144/2726
f 6145/6145/2727 6147/6147/2727 6148/6148/2727 6146/6146/2727
f 6147/6147/2728 6149/6149/2728 6150/6150/2728 6148/6148/2728
f 6149/6149/2729 6151/6151/2729 6152/6152/2729 6150/6150/2729
f 6151/6151/2730 6153/6153/2730 6154/6154/2730 6152/6152/2730
f 6153/6153/2731 6155/6155/2731 6156/6156/2731 6154/6154/2731
f 6157/6157/2732 6158/6158/2732 6159/6159/2732 6160/6160/2732
f 6160/6160/2733 6161/6161/2733 6162/6162/2733 6157/6157/2733
f 6161/6161/2734 6163/6163/2734 6164/6164/2734 6162/6162/2734
f 6163/6163/2735 6165/6165/2735 6166/6166/2735 6164/6164/2735
f 6165/6165/2736 6167/6167/2736 6168/6168/2736 6166/6166/2736
f 6167/6167/2737 6169/6169/2737 6170/6170/2737 6168/6168/2737
f 6169/6169/2738 6171/6171/2738 6172/6172/2738 6170/6170/2738
f 6171/6171/2739 6173/6173/2739 6174/6174/2739 6172/6172/2739
f 6175/6175/2740 6176/6176/2740 6177/6177/2740 6178/6178/2740
f 6178/6178/2741 6179/6179/2741 6180/6180/2741 6175/6175/2741
f 6179/6179/2742 6181/6181/2742 6182/6182/2742 6180/6180/2742
f 6181/6181/2743 6183/6183/2743 6184/6184/2743 6182/6182/2743
f 6183/6183/2744 6185/6185/2744 6186/6186/2744 6184/6184/2744
f 6185/6185/2745 6187/6187/2745 6188/6188/2745 6186/6186/2745
f 6187/6187/2746 6189/6189/2746 6190/6190/2746 6188/6188/2746
f 6189/6189/2747 6191/6191/2747 6192/6192/2747 6190/6190/2747
f 6193/6193/2748 6194/6194/2748 6195/6195/2748 6196/6196/2748
f 6196/6196/2749 6197/6197/2749 6198/6198/2749 6193/6193/2749
f 6197/6197/2750 6199/6199/2750 6200/6200/2750 6198/6198/2750
f 6199/6199/2751 6201/6201/2751 6202/6202/2751 6200/6200/2751
f 6201/6201/2752 6203/6203/2752 6204/6204/2752 6202/6202/2752
f 6203/6203/2753 6205/6205/2753 6206/6206/2753 6204/6204/2753
f 6205/6205/2754 6207/6207/2754 6208/6208/2754 6206/6206/2754
f 6207/6207/2755 6209/6209/2755 6210/6210/2755 6208/6208/2755
f 6211/6211/2756 6212/6212/2756 6213/6213/2756 6214/6214/2756
f 6214/6214/2757 6215/6215/2757 6216/6216/2757 6211/6211/2757
f 6215/6215/2758 6217/6217/2758 6218/6218/2758 6216/6216/2758
f 6217/6217/2759 6219/6219/2759 6220/6220/2759 6218/6218/2759
f 6219/6219/2760 6221/6221/2760 6222/6222/2760 6220/6220/2760
f 6221/6221/2761 6223/6223/2761 6224/6224/2761 6222/6222/2761
f 6223/6223/2762 6225/6225/2762 6226/6226/2762 6224/6224/2762
f 6225/6225/2763 6227/6227/2763 6228/6228/2763 6226/6226/2763
f 6229/6229/2764 6230/6230/2764 6231/6231/2764 6232/6232/2764
f 6232/6232/2765 6233/6233/2765 6234/6234/2765 6229/6229/2765
f 6233/6233/2766 6235/6235/2766 6236/6236/2766 6234/6234/2766
f 6235/6235/2767 6237/6237/2767 6238/6238/2767 6236/6236/2767
f 6237/6237/2768 6239/6239/2768 6240/6240/2768 6238/6238/2768
f 6239/6239/2769 6241/6241/2769 6242/6242/2769 6240/6240/2769
f 6241/6241/2770 6243/6243/2770 6244/6244/2770 6242/6242/2770
f 6243/6243/2771 6245/6245/2771 6246/6246/2771 6244/6244/2771
f 6247/6247/2772 6248/6248/2772 6249/6249/2772 6250/6250/2772
f 6250/6250/2773 6251/6251/2773 6252/6252/2773 6247/6247/2773
f 6251/6251/2774 6253/6253/2774 6254/6254/2774 6252/6252/2774
f 6253/6253/2775 6255/6255/2775 6256/6256/2775 6254/6254/2775
f 6255/6255/2776 6257/6257/2776 6258/6258/2776 6256/6256/2776
f 6257/6257/2777 6259/6259/2777 6260/6260/2777 6258/6258/2777
f 6259/6259/2778 6261/6261/2778 6262/6262/2778 6260/6260/2778
f 6261/6261/2779 6263/6263/2779 6264/6264/2779 6262/6262/2779
f 6265/6265/2780 6266/6266/2780 6267/6267/2780 6268/6268/2780
f 6268/6268/2781 6269/6269/2781 6270/6270/2781 6265/6265/2781
f 6269/6269/2782 6271/6271/2782 6272/6272/2782 6270/6270/2782
f 6271/6271/2783 6273/6273/2783 6274/6274/2783 6272/6272/2783
f 6273/6273/2784 6275/6275/2784 6276/6276/2784 6274/6274/2784
f 6275/6275/2785 6277/6277/2785 6278/6278/2785 6276/6276/2785
f 6277/6277/2786 6279/6279/2786 6280/6280/2786 6278/6278/2786
f 6279/6279/2787 6281/6281/2787 6282/6282/2787 6280/6280/2787
f 6283/6283/2788 6284/6284/2788 6285/6285/2788 6286/6286/2788
f 6286/6286/2789 6287/6287/2789 6288/6288/2789 6283/6283/2789
f 6287/6287/2790 6289/6289/2790 6290/6290/2790 6288/6288/2790
f 6289/6289/2791 6291/6291/2791 6292/6292/2791 6290/6290/2791
f 6291/6291/2792 6293/6293/2792 6294/6294/2792 6292/6292/2792
f 6293/6293/2793 6295/6295/2793 6296/6296/2793 6294/6294/2793
f 6295/6295/2794 6297/6297/2794 6298/6298/2794 6296/6296/2794
f 6297/6297/2795 6299/6299/2795 6300/6300/2795 6298/6298/2795
f 6301/6301/2796 6302/6302/2796 6303/6303/2796 6304/6304/2796
f 6304/6304/2797 6305/6305/2797 6306/6306/2797 6301/6301/2797
f 6305/6305/2798 6307/6307/2798 6308/6308/2798 6306/6306/2798
f 6307/6307/2799 6309/6309/2799 6310/6310/2799 6308/6308/2799
f 6309/6309/2800 6311/6311/2800 6312/6312/2800 6310/6310/2800
f 6311/6311/2801 6313/6313/2801 6314/6314/2801 6312/6312/2801
f 6313/6313/2802 6315/6315/2802 6316/6316/2802 6314/6314/2802
f 6315/6315/2803 6317/6317/2803 6318/6318/2803 6316/6316/2803
f 6319/6319/2804 6320/6320/2804 6321/6321/2804 6322/6322/2804
f 6322/6322/2805 6323/6323/2805 6324/6324/2805 6319/6319/2805
f 6323/6323/2806 6325/6325/2806 6326/6326/2806 6324/6324/2806
f 6325/6325/2807 6327/6327/2807 6328/6328/2807 6326/6326/2807
f 6327/6327/2808 6329/6329/2808 6330/6330/2808 6328/6328/2808
f 6329/6329/2809 6331/6331/2809 6332/6332/2809 6330/6330/2809
f 6331/6331/2810 6333/6333/2810 6334/6334/2810 6332/6332/2810
f 6333/6333/2811 6335/6335/2811 6336/6336/2811 6334/6334/2811
f 6337/6337/2812 6338/6338/2812 6339/6339/2812 6340/6340/2812
f 6340/6340/2813 6341/6341/2813 6342/6342/2813 6337/6337/2813
f 6341/6341/2814 6343/6343/2814 6344/6344/2814 6342/6342/2814
f 6343/6343/2815 6345/6345/2815 6346/6346/2815 6344/6344/2815
f 6345/6345/2816 6347/6347/2816 6348/6348/2816 6346/6346/2816
f 6347/6347/2817 6349/6349/2817 6350/6350/2817 6348/6348/2817
f 6349/6349/2818 6351/6351/2818 6352/6352/2818 6350/6350/2818
f 6351/6351/2819 6353/6353/2819 6354/6354/2819 6352/6352/2819
f 6355/6355/2820 6356/6356/2820 6357/6357/2820 6358/6358/2820
f 6358/6358/2821 6359/6359/2821 6360/6360/2821 6355/6355/2821
f 6359/6359/2822 6361/6361/2822 6362/6362/2822 6360/6360/2822
f 6361/6361/2823 6363/6363/2823 6364/6364/2823 6362/6362/2823
f 6363/6363/2824 6365/6365/2824 6366/6366/2824 6364/6364/2824
f 6365/6365/2825 6367/6367/2825 6368/6368/2825 6366/6366/2825
f 6367/6367/2826 6369/6369/2826 6370/6370/2826 6368/6368/2826
f 6369/6369/2827 6371/6371/2827 6372/6372/2827 6370/6370/2827
f 6373/6373/2828 6374/6374/2828 6375/6375/2828 6376/6376/2828
f 6376/6376/2829 6377/6377/2829 6378/6378/2829 6373/6373/2829
f 6377/6377/2830 6379/6379/2830 6380/6380/2830 6378/6378/2830
f 6379/6379/2831 6381/6381/2831 6382/6382/2831 6380/6380/2831
f 6381/6381/2832 6383/6383/2832 6384/6384/2832 6382/6382/2832
f 6383/6383/2833 6385/6385/2833 6386/6386/2833 6384/6384/2833
f 6385/6385/2834 6387/6387/2834 6388/6388/2834 6386/6386/2834
f 6387/6387/2835 6389/6389/2835 6390/6390/2835 6388/6388/2835
f 6391/6391/2836 6392/6392/2836 6393/6393/2836 6394/6394/2836
f 6394/6394/2837 6395/6395/2837 6396/6396/2837 6391/6391/2837
f 6395/6395/2838 6397/6397/2838 6398/6398/2838 6396/6396/2838
f 6397/6397/2839 6399/6399/2839 6400/6400/2839 6398/6398/2839
f 6399/6399/2840 6401/6401/2840 6402/6402/2840 6400/6400/2840
f 6401/6401/2841 6403/6403/2841 6404/6404/2841 6402/6402/2841
f 6403/6403/2842 6405/6405/2842 6406/6406/2842 6404/6404/2842
f 6405/6405/2843 6407/6407/2843 6408/6408/2843 6406/6406/2843
f 6409/6409/2844 6410/6410/2844 6411/6411/2844 6412/6412/2844
f 6412/6412/2845 6413/6413/2845 6414/6414/2845 6409/6409/2845
f 6413/6413/2846 6415/6415/2846 6416/6416/2846 6414/6414/2846
f 6415/6415/2847 6417/6417/2847 6418/6418/2847 6416/6416/2847
f 6417/6417/2848 6419/6419/2848 6420/6420/2848 6418/6418/2848
f 6419/6419/2849 6421/6421/2849 6422/6422/2849 6420/6420/2849
f 6421/6421/2850 6423/6423/2850 6424/6424/2850 6422/6422/2850
f 6423/6423/2851 6425/6425/2851 6426/6426/2851 6424/6424/2851
f 6427/6427/2852 6428/6428/2852 6429/6429/2852 6430/6430/2852
f 6430/6430/2853 6431/6431/2853 6432/6432/2853 6427/6427/2853
f 6431/6431/2854 6433/6433/2854 6434/6434/2854 6432/6432/2854
f 6433/6433/2855 6435/6435/2855 6436/6436/2855 6434/6434/2855
f 6435/6435/2856 6437/6437/2856 6438/6438/2856 6436/6436/2856
f 6437/6437/2857 6439/6439/2857 6440/6440/2857 6438/6438/2857
f 6439/6439/2858 6441/6441/2858 6442/6442/2858 6440/6440/2858
f 6441/6441/2859 6443/6443/2859 6444/6444/2859 6442/6442/2859
f 6445/6445/2860 6446/6446/2860 6447/6447/2860 6448/6448/2860
f 6448/6448/2861 6449/6449/2861 6450/6450/2861 6445/6445/2861
f 6449/6449/2862 6451/6451/2862 6452/6452/2862 6450/6450/2862
f 6451/6451/2863 6453/6453/2863 6454/6454/2863 6452/6452/2863
f 6453/6453/2864 6455/6455/2864 6456/6456/2864 6454/6454/2864
f 6455/6455/2865 6457/6457/2865 6458/6458/2865 6456/6456/2865
f 6457/6457/2866 6459/6459/2866 6460/6460/2866 6458/6458/2866
f 6459/6459/2867 6461/6461/2867 6462/6462/2867 6460/6460/2867
f 6463/6463/2868 6464/6464/2868 6465/6465/2868 6466/6466/2868
f 6466/6466/2869 6467/6467/2869 6468/6468/2869 6463/6463/2869
f 6467/6467/2870 6469/6469/2870 6470/6470/2870 6468/6468/2870
f 6469/6469/2871 6471/6471/2871 6472/6472/2871 6470/6470/2871
f 6471/6471/2872 6473/6473/2872 6474/6474/2872 6472/6472/2872
f 6473/6473/2873 6475/6475/2873 6476/6476/2873 6474/6474/2873
f 6475/6475/2874 6477/6477/2874 6478/6478/2874 6476/6476/2874
f 6477/6477/2875 6479/6479/2875 6480/6480/2875 6478/6478/2875
f 6481/6481/2876 6482/6482/2876 6483/6483/2876 6484/6484/2876
f 6484/6484/2877 6485/6485/2877 6486/6486/2877 6481/6481/2877
f 6485/6485/2878 6487/6487/2878 6488/6488/2878 6486/6486/2878
f 6487/6487/2879 6489/6489/2879 6490/6490/2879 6488/6488/2879
f 6489/6489/2880 6491/6491/2880 6492/6492/2880 6490/6490/2880
f 6491/6491/2881 6493/6493/2881 6494/6494/2881 6492/6492/2881
f 6493/6493/2882 6495/6495/2882 6496/6496/2882 6494/6494/2882
f 6495/6495/2883 6497/6497/2883 6498/6498/2883 6496/6496/2883
f 6499/6499/2884 6500/6500/2884 6501/6501/2884 6502/6502/2884
f 6502/6502/2885 6503/6503/2885 6504/6504/2885 6499/6499/2885
f 6503/6503/2886 6505/6505/2886 6506/6506/2886 6504/6504/2886
f 6505/6505/2887 6507/6507/2887 6508/6508/2887 6506/6506/2887
f 6507/6507/2888 6509/6509/2888 6510/6510/2888 6508/6508/2888
f 6509/6509/2889 6511/6511/2889 6512/6512/2889 6510/6510/2889
f 6511/6511/2890 6513/6513/2890 6514/6514/2890 6512/6512/2890
f 6513/6513/2891 6515/6515/2891 6516/6516/2891 6514/6514/2891
f 6517/6517/2892 6518/6518/2892 6519/6519/2892 6520/6520/2892
f 6520/6520/2893 6521/6521/2893 6522/6522/2893 6517/6517/2893
f 6521/6521/2894 6523/6523/2894 6524/6524/2894 6522/6522/2894
f 6523/6523/2895 6525/6525/2895 6526/6526/2895 6524/6524/2895
f 6525/6525/2896 6527/6527/2896 6528/6528/2896 6526/6526/2896
f 6527/6527/2897 6529/6529/2897 6530/6530/2897 6528/6528/2897
f 6529/6529/2898 6531/6531/2898 6532/6532/2898 6530/6530/2898
f 6531/6531/2899 6533/6533/2899 6534/6534/2899 6532/6532/2899
f 6535/6535/2900 6536/6536/2900 6537/6537/2900 6538/6538/2900
f 6538/6538/2901 6539/6539/2901 6540/6540/2901 6535/6535/2901
f 6539/6539/2902 6541/6541/2902 6542/6542/2902 6540/6540/2902
f 6541/6541/2903 6543/6543/2903 6544/6544/2903 6542/6542/2903
f 6543/6543/2904 6545/6545/2904 6546/6546/2904 6544/6544/2904
f 6545/6545/2905 6547/6547/2905 6548/6548/2905 6546/6546/2905
f 6547/6547/2906 6549/6549/2906 6550/6550/2906 6548/6548/2906
f 6549/6549/2907 6551/6551/2907 6552/6552/2907 6550/6550/2907
f 6553/6553/2908 6554/6554/2908 6555/6555/2908 6556/6556/2908
f 6556/6556/2909 6557/6557/2909 6558/6558/2909 6553/6553/2909
f 6557/6557/2910 6559/6559/2910 6560/6560/2910 6558/6558/2910
f 6559/6559/2911 6561/6561/2911 6562/6562/2911 6560/6560/2911
f 6561/6561/2912 6563/6563/2912 6564/6564/2912 6562/6562/2912
f 6563/6563/2913 6565/6565/2913 6566/6566/2913 6564/6564/2913
f 6565/6565/2914 6567/6567/2914 6568/6568/2914 6566/6566/2914
f 6567/6567/2915 6569/6569/2915 6570/6570/2915 6568/6568/2915
f 6571/6571/2916 6572/6572/2916 6573/6573/2916 6574/6574/2916
f 6574/6574/2917 6575/6575/2917 6576/6576/2917 6571/6571/2917
f 6575/6575/2918 6577/6577/2918 6578/6578/2918 6576/6576/2918
f 6577/6577/2919 6579/6579/2919 6580/6580/2919 6578/6578/2919
f 6579/6579/2920 6581/6581/2920 6582/6582/2920 6580/6580/2920
f 6581/6581/2921 6583/6583/2921 6584/6584/2921 6582/6582/2921
f 6583/6583/2922 6585/6585/2922 6586/6586/2922 6584/6584/2922
f 6585/6585/2923 6587/6587/2923 6588/6588/2923 6586/6586/2923
f 6589/6589/2924 6590/6590/2924 6591/6591/2924 6592/6592/2924
f 6592/6592/2925 6593/6593/2925 6594/6594/2925 6589/6589/2925
f 6593/6593/2926 6595/6595/2926 6596/6596/2926 6594/6594/2926
f 6595/6595/2927 6597/6597/2927 6598/6598/2927 6596/6596/2927
f 6597/6597/2928 6599/6599/2928 6600/6600/2928 6598/6598/2928
f 6599/6599/2929 6601/6601/2929 6602/6602/2929 6600/6600/2929
f 6601/6601/2930 6603/6603/2930 6604/6604/2930 6602/6602/2930
f 6603/6603/2931 6605/6605/2931 6606/6606/2931 6604/6604/2931
f 6607/6607/2932 6608/6608/2932 6609/6609/2932 6610/6610/2932
f 6610/6610/2933 6611/6611/2933 6612/6612/2933 6607/6607/2933
f 6611/6611/2934 6613/6613/2934 6614/6614/2934 6612/6612/2934
f 6613/6613/2935 6615/6615/2935 6616/6616/2935 6614/6614/2935
f 6615/6615/2936 6617/6617/2936 6618/6618/2936 6616/6616/2936
f 6617/6617/2937 6619/6619/2937 6620/6620/2937 6618/6618/2937
f 6619/6619/2938 6621/6621/2938 6622/6622/2938 6620/6620/2938
f 6621/6621/2939 6623/6623/2939 6624/6624/2939 6622/6622/2939
f 6625/6625/2940 6626/6626/2940 6627/6627/2940 6628/6628/2940
f 6628/6628/2941 6629/6629/2941 6630/6630/2941 6625/6625/2941
f 6629/6629/2942 6631/6631/2942 6632/6632/2942 6630/6630/2942
f 6631/6631/2943 6633/6633/2943 6634/6634/2943 6632/6632/2943
f 6633/6633/2944 6635/6635/2944 6636/6636/2944 6634/6634/2944
f 6635/6635/2945 6637/6637/2945 6638/6638/2945 6636/6636/2945
f 6637/6637/2946 6639/6639/2946 6640/6640/2946 6638/6638/2946
f 6639/6639/2947 6641/6641/2947 6642/6642/2947 6640/6640/2947
f 6643/6643/2948 6644/6644/2948 6645/6645/2948 6646/6646/2948
f 6646/6646/2949 6647/6647/2949 6648/6648/2949 6643/6643/2949
f 6647/6647/2950 6649/6649/2950 6650/6650/2950 6648/6648/2950
f 6649/6649/2951 6651/6651/2951 6652/6652/2951 6650/6650/2951
f 6651/6651/2952 6653/6653/2952 6654/6654/2952 6652/6652/2952
f 6653/6653/2953 6655/6655/2953 6656/6656/2953 6654/6654/2953
f 6655/6655/2954 6657/6657/2954 6658/6658/2954 6656/6656/2954
f 6657/6657/2955 6659/6659/2955 6660/6660/2955 6658/6658/2955
f 6661/6661/2956 6662/6662/2956 6663/6663/2956 6664/6664/2956
f 6664/6664/2957 6665/6665/2957 6666/6666/2957 6661/6661/2957
f 6665/6665/2958 6667/6667/2958 6668/6668/2958 6666/6666/2958
f 6667/6667/2959 6669/6669/2959 6670/6670/2959 6668/6668/2959
f 6669/6669/2960 6671/6671/2960 6672/6672/2960 6670/6670/2960
f 6671/6671/2961 6673/6673/2961 6674/6674/2961 6672/6672/2961
f 6673/6673/2962 6675/6675/2962 6676/6676/2962 6674/6674/2962
f 6675/6675/2963 6677/6677/2963 6678/6678/2963 6676/6676/2963
f 6679/6679/2964 6680/6680/2964 6681/6681/2964 6682/6682/2964
f 6682/6682/2965 6683/6683/2965 6684/6684/2965 6679/6679/2965
f 6683/6683/2966 6685/6685/2966 6686/6686/2966 6684/6684/2966
f 6685/6685/2967 6687/6687/2967 6688/6688/2967 6686/6686/2967
f 6687/6687/2968 6689/6689/2968 6690/6690/2968 6688/6688/2968
f 6689/6689/2969 6691/6691/2969 6692/6692/2969 6690/6690/2969
f 6691/6691/2970 6693/6693/2970 6694/6694/2970 6692/6692/2970
f 6693/6693/2971 6695/6695/2971 6696/6696/2971 6694/6694/2971
f 6697/6697/2972 6698/6698/2972 6699/6699/2972 6700/6700/2972
f 6700/6700/2973 6701/6701/2973 6702/6702/2973 6697/6697/2973
f 6701/6701/2974 6703/6703/2974 6704/6704/2974 6702/6702/2974
f 6703/6703/2975 6705/6705/2975 6706/6706/2975 6704/6704/2975
f 6705/6705/2976 6707/6707/2976 6708/6708/2976 6706/6706/2976
f 6707/6707/2977 6709/6709/2977 6710/6710/2977 6708/6708/2977
f 6709/6709/2978 6711/6711/2978 6712/6712/2978 6710/6710/2978
f 6711/6711/2979 6713/6713/2979 6714/6714/2979 6712/6712/2979
f 6715/6715/2980 6716/6716/2980 6717/6717/2980 6718/6718/2980
f 6718/6718/2981 6719/6719/2981 6720/6720/2981 6715/6715/2981
f 6719/6719/2982 6721/6721/2982 6722/6722/2982 6720/6720/2982
f 6721/6721/2983 6723/6723/2983 6724/6724/2983 6722/6722/2983
f 6723/6723/2984 6725/6725/2984 6726/6726/2984 6724/6724/2984
f 6725/6725/2985 6727/6727/2985 6728/6728/2985 6726/6726/2985
f 6727/6727/2986 6729/6729/2986 6730/6730/2986 6728/6728/2986
f 6729/6729/2987 6731/6731/2987 6732/6732/2987 6730/6730/2987
f 6733/6733/2988 6734/6734/2988 6735/6735/2988 6736/6736/2988
f 6736/6736/2989 6737/6737/2989 6738/6738/2989 6733/6733/2989
f 6737/6737/2990 6739/6739/2990 6740/6740/2990 6738/6738/2990
f 6739/6739/2991 6741/6741/2991 6742/6742/2991 6740/6740/2991
f 6741/6741/2992 6743/6743/2992 6744/6744/2992 6742/6742/2992
f 6743/6743/2993 6745/6745/2993 6746/6746/2993 6744/6744/2993
f 6745/6745/2994 6747/6747/2994 6748/6748/2994 6746/6746/2994
f 6747/6747/2995 6749/6749/2995 6750/6750/2995 6748/6748/2995
f 6751/6751/2996 6752/6752/2996 6753/6753/2996 6754/6754/2996
f 6754/6754/2997 6755/6755/2997 6756/6756/2997 6751/6751/2997
f 6755/6755/2998 6757/6757/2998 6758/6758/2998 6756/6756/2998
f 6757/6757/2999 6759/6759/2999 6760/6760/2999 6758/6758/2999
f 6759/6759/3000 6761/6761/3000 6762/6762/3000 6760/6760/3000
f 6761/6761/3001 6763/6763/3001 6764/6764/3001 6762/6762/3001
f 6763/6763/3002 6765/6765/3002 6766/6766/3002 6764/6764/3002
f 6765/6765/3003 6767/6767/3003 6768/6768/3003 6766/6766/3003
f 6769/6769/3004 6770/6770/3004 6771/6771/3004 6772/6772/3004
f 6772/6772/3005 6773/6773/3005 6774/6774/3005 6769/6769/3005
f 6773/6773/3006 6775/6775/3006 6776/6776/3006 6774/6774/3006
f 6775/6775/3007 6777/6777/3007 6778/6778/3007 6776/6776/3007
f 6777/6777/3008 6779/6779/3008 6780/6780/3008 6778/6778/3008
f 6779/6779/3009 6781/6781/3009 6782/6782/3009 6780/6780/3009
f 6781/6781/3010 6783/6783/3010 6784/6784/3010 6782/6782/3010
f 6783/6783/3011 6785/6785/3011 6786/6786/3011 6784/6784/3011
f 6787/6787/3012 6788/6788/3012 6789/6789/3012 6790/6790/3012
f 6790/6790/3013 6791/6791/3013 6792/6792/3013 6787/6787/3013
f 6791/6791/3014 6793/6793/3014 6794/6794/3014 6792/6792/3014
f 6793/6793/3015 6795/6795/3015 6796/6796/3015 6794/6794/3015
f 6795/6795/3016 6797/6797/3016 6798/6798/3016 6796/6796/3016
f 6797/6797/3017 6799/6799/3017 6800/6800/3017 6798/6798/3017
f 6799/6799/3018 6801/6801/3018 6802/6802/3018 6800/6800/3018
f 6801/6801/3019 6803/6803/3019 6804/6804/3019 6802/6802/3019
f 6805/6805/3020 6806/6806/3020 6807/6807/3020 6808/6808/3020
f 6808/6808/3021 6809/6809/3021 6810/6810/3021 6805/6805/3021
f 6809/6809/3022 6811/6811/3022 6812/6812/3022 6810/6810/3022
f 6811/6811/3023 6813/6813/3023 6814/6814/3023 6812/6812/3023
f 6813/6813/3024 6815/6815/3024 6816/6816/3024 6814/6814/3024
f 6815/6815/3025 6817/6817/3025 6818/6818/3025 6816/6816/3025
f 6817/6817/3026 6819/6819/3026 6820/6820/3026 6818/6818/3026
f 6819/6819/3027 6821/6821/3027 6822/6822/3027 6820/6820/3027
f 6823/6823/3028 6824/6824/3028 6825/6825/3028 6826/6826/3028
f 6826/6826/3029 6827/6827/3029 6828/6828/3029 6823/6823/3029
f 6827/6827/3030 6829/6829/3030 6830/6830/3030 6828/6828/3030
f 6829/6829/3031 6831/6831/3031 6832/6832/3031 6830/6830/3031
f 6831/6831/3032 6833/6833/3032 6834/6834/3032 6832/6832/3032
f 6833/6833/3033 6835/6835/3033 6836/6836/3033 6834/6834/3033
f 6835/6835/3034 6837/6837/3034 6838/6838/3034 6836/6836/3034
f 6837/6837/3035 6839/6839/3035 6840/6840/3035 6838/6838/3035
f 6841/6841/3036 6842/6842/3036 6843/6843/3036 6844/6844/3036
f 6844/6844/3037 6845/6845/3037 6846/6846/3037 6841/6841/3037
f 6845/6845/3038 6847/6847/3038 6848/6848/3038 6846/6846/3038
f 6847/6847/3039 6849/6849/3039 6850/6850/3039 6848/6848/3039
f 6849/6849/3040 6851/6851/3040 6852/6852/3040 6850/6850/3040
f 6851/6851/3041 6853/6853/3041 6854/6854/3041 6852/6852/3041
f 6853/6853/3042 6855/6855/3042 6856/6856/3042 6854/6854/3042
f 6855/6855/3043 6857/6857/3043 6858/6858/3043 6856/6856/3043
f 6859/6859/3044 6860/6860/3044 6861/6861/3044 6862/6862/3044
f 6862/6862/3045 6863/6863/3045 6864/6864/3045 6859/6859/3045
f 6863/6863/3046 6865/6865/3046 6866/6866/3046 6864/6864/3046
f 6865/6865/3047 6867/6867/3047 6868/6868/3047 6866/6866/3047
f 6867/6867/3048 6869/6869/3048 6870/6870/3048 6868/6868/3048
f 6869/6869/3049 6871/6871/3049 6872/6872/3049 6870/6870/3049
f 6871/6871/3050 6873/6873/3050 6874/6874/3050 6872/6872/3050
f 6873/6873/3051 6875/6875/3051 6876/6876/3051 6874/6874/3051
f 6877/6877/3052 6878/6878/3052 6879/6879/3052 6880/6880/3052
f 6880/6880/3053 6881/6881/3053 6882/6882/3053 6877/6877/3053
f 6881/6881/3054 6883/6883/3054 6884/6884/3054 6882/6882/3054
f 6883/6883/3055 6885/6885/3055 6886/6886/3055 6884/6884/3055
f 6885/6885/3056 6887/6887/3056 6888/6888/3056 6886/6886/3056
f 6887/6887/3057 6889/6889/3057 6890/6890/3057 6888/6888/3057
f 6889/6889/3058 6891/6891/3058 6892/6892/3058 6890/6890/3058
f 6891/6891/3059 6893/6893/3059 6894/6894/3059 6892/6892/3059
f 6895/6895/3060 6896/6896/3060 6897/6897/3060 6898/6898/3060
f 6898/6898/3061 6899/6899/3061 6900/6900/3061 6895/6895/3061
f 6899/6899/3062 6901/6901/3062 6902/6902/3062 6900/6900/3062
f 6901/6901/3063 6903/6903/3063 6904/6904/3063 6902/6902/3063
f 6903/6903/3064 6905/6905/3064 6906/6906/3064 6904/6904/3064
f 6905/6905/3065 6907/6907/3065 6908/6908/3065 6906/6906/3065
f 6907/6907/3066 6909/6909/3066 6910/6910/3066 6908/6908/3066
f 6909/6909/3067 6911/6911/3067 6912/6912/3067 6910/6910/3067
f 6913/6913/3068 6914/6914/3068 6915/6915/3068 6916/6916/3068
f 6916/6916/3069 6917/6917/3069 6918/6918/3069 6913/6913/3069
f 6917/6917/3070 6919/6919/3070 6920/6920/3070 6918/6918/3070
f 6919/6919/3071 6921/6921/3071 6922/6922/3071 6920/6920/3071
f 6921/6921/3072 6923/6923/3072 6924/6924/3072 6922/6922/3072
f 6923/6923/3073 6925/6925/3073 6926/6926/3073 6924/6924/3073
f 6925/6925/3074 6927/6927/3074 6928/6928/3074 6926/6926/3074
f 6927/6927/3075 6929/6929/3075 6930/6930/3075 6928/6928/3075
f 6931/6931/3076 6932/6932/3076 6933/6933/3076 6934/6934/3076
f 6934/6934/3077 6935/6935/3077 6936/6936/3077 6931/6931/3077
f 6935/6935/3078 6937/6937/3078 6938/6938/3078 6936/6936/3078
f 6937/6937/3079 6939/6939/3079 6940/6940/3079 6938/6938/3079
f 6939/6939/3080 6941/6941/3080 6942/6942/3080 6940/6940/3080
f 6941/6941/3081 6943/6943/3081 6944/6944/3081 6942/6942/3081
f 6943/6943/3082 6945/6945/3082 6946/6946/3082 6944/6944/3082
f 6945/6945/3083 6947/6947/3083 6948/6948/3083 6946/6946/3083
f 6949/6949/3084 6950/6950/3084 6951/6951/3084 6952/6952/3084
f 6952/6952/3085 6953/6953/3085 6954/6954/3085 6949/6949/3085
f 6953/6953/3086 6955/6955/3086 6956/6956/3086 6954/6954/3086
f 6955/6955/3087 6957/6957/3087 6958/6958/3087 6956/6956/3087
f 6957/6957/3088 6959/6959/3088 6960/6960/3088 6958/6958/3088
f 6959/6959/3089 6961/6961/3089 6962/6962/3089 6960/6960/3089
f 6961/6961/3090 6963/6963/3090 6964/6964/3090 6962/6962/3090
f 6963/6963/3091 6965/6965/3091 6966/6966/3091 6964/6964/3091
f 6967/6967/3092 6968/6968/3092 6969/6969/3092 6970/6970/3092
f 6970/6970/3093 6971/6971/3093 6972/6972/3093 6967/6967/3093
f 6971/6971/3094 6973/6973/3094 6974/6974/3094 6972/6972/3094
f 6973/6973/3095 6975/6975/3095 6976/6976/3095 6974/6974/3095
f 6975/6975/3096 6977/6977/3096 6978/6978/3096 6976/6976/3096
f 6977/6977/3097 6979/6979/3097 6980/6980/3097 6978/6978/3097
f 6979/6979/3098 6981/6981/3098 6982/6982/3098 6980/6980/3098
f 6981/6981/3099 6983/6983/3099 6984/6984/3099 6982/6982/3099
f 6985/6985/3100 6986/6986/3100 6987/6987/3100 6988/6988/3100
f 6988/6988/3101 6989/6989/3101 6990/6990/3101 6985/6985/3101
f 6989/6989/3102 6991/6991/3102 6992/6992/3102 6990/6990/3102
f 6991/6991/3103 6993/6993/3103 6994/6994/3103 6992/6992/3103
f 6993/6993/3104 6995/6995/3104 6996/6996/3104 6994/6994/3104
f 6995/6995/3105 6997/6997/3105 6998/6998/3105 6996/6996/3105
f 6997/6997/3106 6999/6999/3106 7000/7000/3106 6998/6998/3106
f 6999/6999/3107 7001/7001/3107 7002/7002/3107 7000/7000/3107
f 7003/7003/3108 7004/7004/3108 7005/7005/3108 7006/7006/3108
f 7006/7006/3109 7007/7007/3109 7008/7008/3109 7003/7003/3109
f 7007/7007/3110 7009/7009/3110 7010/7010/3110 7008/7008/3110
f 7009/7009/3111 7011/7011/3111 7012/7012/3111 7010/7010/3111
f 7011/7011/3112 7013/7013/3112 7014/7014/3112 7012/7012/3112
f 7013/7013/3113 7015/7015/3113 7016/7016/3113 7014/7014/3113
f 7015/7015/3114 7017/7017/3114 7018/7018/3114 7016/7016/3114
f 7017/7017/3115 7019/7019/3115 7020/7020/3115 7018/7018/3115
f 7021/7021/3116 7022/7022/3116 7023/7023/3116 7024/7024/3116
f 7024/7024/3117 7025/7025/3117 7026/7026/3117 7021/7021/3117
f 7025/7025/2137 7027/7027/2137 7028/7028/2137 7026/7026/2137
f 7027/7027/3118 7029/7029/3118 7030/7030/3118 7028/7028/3118
f 7029/7029/3119 7031/7031/3119 7032/7032/3119 7030/7030/3119
f 7031/7031/3120 7033/7033/3120 7034/7034/3120 7032/7032/3120
f 7033/7033/3121 7035/7035/3121 7036/7036/3121 7034/7034/3121
f 7035/7035/3122 7037/7037/3122 7038/7038/3122 7036/7036/3122
f 7039/7039/3123 7040/7040/3123 7041/7041/3123 7042/7042/3123
f 7042/7042/3124 7043/7043/3124 7044/7044/3124 7039/7039/3124
f 7043/7043/3125 7045/7045/3125 7046/7046/3125 7044/7044/3125
f 7045/7045/3126 7047/7047/3126 7048/7048/3126 7046/7046/3126
f 7047/7047/3127 7049/7049/3127 7050/7050/3127 7048/7048/3127
f 7049/7049/3128 7051/7051/3128 7052/7052/3128 7050/7050/3128
f 7051/7051/3129 7053/7053/3129 7054/7054/3129 7052/7052/3129
f 7053/7053/3130 7055/7055/3130 7056/7056/3130 7054/7054/3130
f 7057/7057/3131 7058/7058/3131 7059/7059/3131 7060/7060/3131
f 7060/7060/3132 7061/7061/3132 7062/7062/3132 7057/7057/3132
f 7061/7061/3133 7063/7063/3133 7064/7064/3133 7062/7062/3133
f 7063/7063/3134 7065/7065/3134 7066/7066/3134 7064/7064/3134
f 7065/7065/3135 7067/7067/3135 7068/7068/3135 7066/7066/3135
f 7067/7067/3136 7069/7069/3136 7070/7070/3136 7068/7068/3136
f 7069/7069/3137 7071/7071/3137 7072/7072/3137 7070/7070/3137
f 7071/7071/3138 7073/7073/3138 7074/7074/3138 7072/7072/3138
f 7075/7075/3139 7076/7076/3139 7077/7077/3139 7078/7078/3139
f 7078/7078/3140 7079/7079/3140 7080/7080/3140 7075/7075/3140
f 7079/7079/3141 7081/7081/3141 7082/7082/3141 7080/7080/3141
f 7081/7081/3142 7083/7083/3142 7084/7084/3142 7082/7082/3142
f 7083/7083/3143 7085/7085/3143 7086/7086/3143 7084/7084/3143
f 7085/7085/3144 7087/7087/3144 7088/7088/3144 7086/7086/3144
f 7087/7087/3145 7089/7089/3145 7090/7090/3145 7088/7088/3145
f 7089/7089/3146 7091/7091/3146 7092/7092/3146 7090/7090/3146
f 7093/7093/3147 7094/7094/3147 7095/7095/3147 7096/7096/3147
f 7096/7096/3148 7097/7097/3148 7098/7098/3148 7093/7093/3148
f 7097/7097/3149 7099/7099/3149 7100/7100/3149 7098/7098/3149
f 7099/7099/3150 7101/7101/3150 7102/7102/3150 7100/7100/3150
f 7101/7101/3151 7103/7103/3151 7104/7104/3151 7102/7102/3151
f 7103/7103/3152 7105/7105/3152 7106/7106/3152 7104/7104/3152
f 7105/7105/3153 7107/7107/3153 7108/7108/3153 7106/7106/3153
f 7107/7107/3154 7109/7109/3154 7110/7110/3154 7108/7108/3154
f 7111/7111/3155 7112/7112/3155 7113/7113/3155 7114/7114/3155
f 7114/7114/3156 7115/7115/3156 7116/7116/3156 7111/7111/3156
f 7115/7115/3157 7117/7117/3157 7118/7118/3157 7116/7116/3157
f 7117/7117/3158 7119/7119/3158 7120/7120/3158 7118/7118/3158
f 7119/7119/3159 7121/7121/3159 7122/7122/3159 7120/7120/3159
f 7121/7121/3160 7123/7123/3160 7124/7124/3160 7122/7122/3160
f 7123/7123/3161 7125/7125/3161 7126/7126/3161 7124/7124/3161
f 7125/7125/3162 7127/7127/3162 7128/7128/3162 7126/7126/3162
f 7129/7129/3163 7130/7130/3163 7131/7131/3163 7132/7132/3163
f 7132/7132/3164 7133/7133/3164 7134/7134/3164 7129/7129/3164
f 7133/7133/3165 7135/7135/3165 7136/7136/3165 7134/7134/3165
f 7135/7135/3166 7137/7137/3166 7138/7138/3166 7136/7136/3166
f 7137/7137/3167 7139/7139/3167 7140/7140/3167 7138/7138/3167
f 7139/7139/3168 7141/7141/3168 7142/7142/3168 7140/7140/3168
f 7141/7141/3169 7143/7143/3169 7144/7144/3169 7142/7142/3169
f 7143/7143/3170 7145/7145/3170 7146/7146/3170 7144/7144/3170
f 7147/7147/3171 7148/7148/3171 7149/7149/3171 7150/7150/3171
f 7150/7150/3172 7151/7151/3172 7152/7152/3172 7147/7147/3172
f 7151/7151/3173 7153/7153/3173 7154/7154/3173 7152/7152/3173
f 7153/7153/3174 7155/7155/3174 7156/7156/3174 7154/7154/3174
f 7155/7155/3175 7157/7157/3175 7158/7158/3175 7156/7156/3175
f 7157/7157/3176 7159/7159/3176 7160/7160/3176 7158/7158/3176
f 7159/7159/3177 7161/7161/3177 7162/7162/3177 7160/7160/3177
f 7161/7161/3178 7163/7163/3178 7164/7164/3178 7162/7162/3178
f 7165/7165/3179 7166/7166/3179 7167/7167/3179 7168/7168/3179
f 7168/7168/3180 7169/7169/3180 7170/7170/3180 7165/7165/3180
f 7169/7169/3181 7171/7171/3181 7172/7172/3181 7170/7170/3181
f 7171/7171/3182 7173/7173/3182 7174/7174/3182 7172/7172/3182
f 7173/7173/3183 7175/7175/3183 7176/7176/3183 7174/7174/3183
f 7175/7175/3184 7177/7177/3184 7178/7178/3184 7176/7176/3184
f 7177/7177/3185 7179/7179/3185 7180/7180/3185 7178/7178/3185
f 7179/7179/3186 7181/7181/3186 7182/7182/3186 7180/7180/3186
f 7183/7183/3187 7184/7184/3187 7185/7185/3187 7186/7186/3187
f 7186/7186/3188 7187/7187/3188 7188/7188/3188 7183/7183/3188
f 7187/7187/3189 7189/7189/3189 7190/7190/3189 7188/7188/3189
f 7189/7189/3190 7191/7191/3190 7192/7192/3190 7190/7190/3190
f 7191/7191/3191 7193/7193/3191 7194/7194/3191 7192/7192/3191
f 7193/7193/3192 7195/7195/3192 7196/7196/3192 7194/7194/3192
f 7195/7195/3193 7197/7197/3193 7198/7198/3193 7196/7196/3193
f 7197/7197/3194 7199/7199/3194 7200/7200/3194 7198/7198/3194
f 7201/7201/3195 7202/7202/3195 7203/7203/3195 7204/7204/3195
f 7204/7204/3196 7205/7205/3196 7206/7206/3196 7201/7201/3196
f 7205/7205/3197 7207/7207/3197 7208/7208/3197 7206/7206/3197
f 7207/7207/3198 7209/7209/3198 7210/7210/3198 7208/7208/3198
f 7209/7209/3199 7211/7211/3199 7212/7212/3199 7210/7210/3199
f 7211/7211/3200 7213/7213/3200 7214/7214/3200 7212/7212/3200
f 7213/7213/3201 7215/7215/3201 7216/7216/3201 7214/7214/3201
f 7215/7215/3202 7217/7217/3202 7218/7218/3202 7216/7216/3202
f 7219/7219/3203 7220/7220/3203 7221/7221/3203 7222/7222/3203
f 7222/7222/3204 7223/7223/3204 7224/7224/3204 7219/7219/3204
f 7223/7223/3205 7225/7225/3205 7226/7226/3205 7224/7224/3205
f 7225/7225/3206 7227/7227/3206 7228/7228/3206 7226/7226/3206
f 7227/7227/3207 7229/7229/3207 7230/7230/3207 7228/7228/3207
f 7229/7229/3208 7231/7231/3208 7232/7232/3208 7230/7230/3208
f 7231/7231/3209 7233/7233/3209 7234/7234/3209 7232/7232/3209
f 7233/7233/3210 7235/7235/3210 7236/7236/3210 7234/7234/3210
f 7237/7237/3211 7238/7238/3211 7239/7239/3211 7240/7240/3211
f 7240/7240/3212 7241/7241/3212 7242/7242/3212 7237/7237/3212
f 7241/7241/3213 7243/7243/3213 7244/7244/3213 7242/7242/3213
f 7243/7243/3214 7245/7245/3214 7246/7246/3214 7244/7244/3214
f 7245/7245/3215 7247/7247/3215 7248/7248/3215 7246/7246/3215
f 7247/7247/3216 7249/7249/3216 7250/7250/3216 7248/7248/3216
f 7249/7249/3217 7251/7251/3217 7252/7252/3217 7250/7250/3217
f 7251/7251/3218 7253/7253/3218 7254/7254/3218 7252/7252/3218
f 7255/7255/3219 7256/7256/3219 7257/7257/3219 7258/7258/3219
f 7258/7258/3220 7259/7259/3220 7260/7260/3220 7255/7255/3220
f 7259/7259/3221 7261/7261/3221 7262/7262/3221 7260/7260/3221
f 7261/7261/3222 7263/7263/3222 7264/7264/3222 7262/7262/3222
f 7263/7263/3223 7265/7265/3223 7266/7266/3223 7264/7264/3223
f 7265/7265/3224 7267/7267/3224 7268/7268/3224 7266/7266/3224
f 7267/7267/3225 7269/7269/3225 7270/7270/3225 7268/7268/3225
f 7269/7269/3226 7271/7271/3226 7272/7272/3226 7270/7270/3226
f 7273/7273/3227 7274/7274/3227 7275/7275/3227 7276/7276/3227
f 7276/7276/3228 7277/7277/3228 7278/7278/3228 7273/7273/3228
f 7277/7277/3229 7279/7279/3229 7280/7280/3229 7278/7278/3229
f 7279/7279/3230 7281/7281/3230 7282/7282/3230 7280/7280/3230
f 7281/7281/3231 7283/7283/3231 7284/7284/3231 7282/7282/3231
f 7283/7283/3232 7285/7285/3232 7286/7286/3232 7284/7284/3232
f 7285/7285/3233 7287/7287/3233 7288/7288/3233 7286/7286/3233
f 7287/7287/3234 7289/7289/3234 7290/7290/3234 7288/7288/3234
f 7291/7291/3235 7292/7292/3235 7293/7293/3235 7294/7294/3235
f 7294/7294/3236 7295/7295/3236 7296/7296/3236 7291/7291/3236
f 7295/7295/3237 7297/7297/3237 7298/7298/3237 7296/7296/3237
f 7297/7297/3238 7299/7299/3238 7300/7300/3238 7298/7298/3238
f 7299/7299/3239 7301/7301/3239 7302/7302/3239 7300/7300/3239
f 7301/7301/3240 7303/7303/3240 7304/7304/3240 7302/7302/3240
f 7303/7303/3241 7305/7305/3241 7306/7306/3241 7304/7304/3241
f 7305/7305/3242 7307/7307/3242 7308/7308/3242 7306/7306/3242
f 7309/7309/3243 7310/7310/3243 7311/7311/3243 7312/7312/3243
f 7312/7312/3244 7313/7313/3244 7314/7314/3244 7309/7309/3244
f 7313/7313/3245 7315/7315/3245 7316/7316/3245 7314/7314/3245
f 7315/7315/3246 7317/7317/3246 7318/7318/3246 7316/7316/3246
f 7317/7317/3247 7319/7319/3247 7320/7320/3247 7318/7318/3247
f 7319/7319/3248 7321/7321/3248 7322/7322/3248 7320/7320/3248
f 7321/7321/3249 7323/7323/3249 7324/7324/3249 7322/7322/3249
f 7323/7323/3250 7325/7325/3250 7326/7326/3250 7324/7324/3250
f 7327/7327/3251 7328/7328/3251 7329/7329/3251 7330/7330/3251
f 7330/7330/3252 7331/7331/3252 7332/7332/3252 7327/7327/3252
f 7331/7331/3253 7333/7333/3253 7334/7334/3253 7332/7332/3253
f 7333/7333/3254 7335/7335/3254 7336/7336/3254 7334/7334/3254
f 7335/7335/3255 7337/7337/3255 7338/7338/3255 7336/7336/3255
f 7337/7337/3256 7339/7339/3256 7340/7340/3256 7338/7338/3256
f 7339/7339/3257 7341/7341/3257 7342/7342/3257 7340/7340/3257
f 7341/7341/3258 7343/7343/3258 7344/7344/3258 7342/7342/3258
f 7345/7345/3259 7346/7346/3259 7347/7347/3259 7348/7348/3259
f 7348/7348/3260 7349/7349/3260 7350/7350/3260 7345/7345/3260
f 7349/7349/3261 7351/7351/3261 7352/7352/3261 7350/7350/3261
f 7351/7351/3262 7353/7353/3262 7354/7354/3262 7352/7352/3262
f 7353/7353/3263 7355/7355/3263 7356/7356/3263 7354/7354/3263
f 7355/7355/3264 7357/7357/3264 7358/7358/3264 7356/7356/3264
f 7357/7357/3265 7359/7359/3265 7360/7360/3265 7358/7358/3265
f 7359/7359/3266 7361/7361/3266 7362/7362/3266 7360/7360/3266
f 7363/7363/3267 7364/7364/3267 7365/7365/3267 7366/7366/3267
f 7366/7366/3268 7367/7367/3268 7368/7368/3268 7363/7363/3268
f 7367/7367/3269 7369/7369/3269 7370/7370/3269 7368/7368/3269
f 7369/7369/3270 7371/7371/3270 7372/7372/3270 7370/7370/3270
f 7371/7371/3271 7373/7373/3271 7374/7374/3271 7372/7372/3271
f 7373/7373/3272 7375/7375/3272 7376/7376/3272 7374/7374/3272
f 7375/7375/3273 7377/7377/3273 7378/7378/3273 7376/7376/3273
f 7377/7377/3274 7379/7379/3274 7380/7380/3274 7378/7378/3274
f 7381/7381/3275 7382/7382/3275 7383/7383/3275 7384/7384/3275
f 7384/7384/3276 7385/7385/3276 7386/7386/3276 7381/7381/3276
f 7385/7385/3277 7387/7387/3277 7388/7388/3277 7386/7386/3277
f 7387/7387/3278 7389/7389/3278 7390/7390/3278 7388/7388/3278
f 7389/7389/3279 7391/7391/3279 7392/7392/3279 7390/7390/3279
f 7391/7391/3280 7393/7393/3280 7394/7394/3280 7392/7392/3280
f 7393/7393/3281 7395/7395/3281 7396/7396/3281 7394/7394/3281
f 7395/7395/3282 7397/7397/3282 7398/7398/3282 7396/7396/3282
f 7399/7399/3283 7400/7400/3283 7401/7401/3283 7402/7402/3283
f 7402/7402/3284 7403/7403/3284 7404/7404/3284 7399/7399/3284
f 7403/7403/3285 7405/7405/3285 7406/7406/3285 7404/7404/3285
f 7405/7405/3286 7407/7407/3286 7408/7408/3286 7406/7406/3286
f 7407/7407/3287 7409/7409/3287 7410/7410/3287 7408/7408/3287
f 7409/7409/3288 7411/7411/3288 7412/7412/3288 7410/7410/3288
f 7411/7411/3289 7413/7413/3289 7414/7414/3289 7412/7412/3289
f 7413/7413/3290 7415/7415/3290 7416/7416/3290 7414/7414/3290
f 7417/7417/3291 7418/7418/3291 7419/7419/3291 7420/7420/3291
f 7420/7420/3292 7421/7421/3292 7422/7422/3292 7417/7417/3292
f 7421/7421/3293 7423/7423/3293 7424/7424/3293 7422/7422/3293
f 7423/7423/3294 7425/7425/3294 7426/7426/3294 7424/7424/3294
f 7425/7425/3295 7427/7427/3295 7428/7428/3295 7426/7426/3295
f 7427/7427/3296 7429/7429/3296 7430/7430/3296 7428/7428/3296
f 7429/7429/3297 7431/7431/3297 7432/7432/3297 7430/7430/3297
f 7431/7431/3298 7433/7433/3298 7434/7434/3298 7432/7432/3298
f 7435/7435/3299 7436/7436/3299 7437/7437/3299 7438/7438/3299
f 7438/7438/3300 7439/7439/3300 7440/7440/3300 7435/7435/3300
f 7439/7439/3301 7441/7441/3301 7442/7442/3301 7440/7440/3301
f 7441/7441/3302 7443/7443/3302 7444/7444/3302 7442/7442/3302
f 7443/7443/3303 7445/7445/3303 7446/7446/3303 7444/7444/3303
f 7445/7445/3304 7447/7447/3304 7448/7448/3304 7446/7446/3304
f 7447/7447/3305 7449/7449/3305 7450/7450/3305 7448/7448/3305
f 7449/7449/3306 7451/7451/3306 7452/7452/3306 7450/7450/3306
f 7453/7453/3307 7454/7454/3307 7455/7455/3307 7456/7456/3307
f 7456/7456/3308 7457/7457/3308 7458/7458/3308 7453/7453/3308
f 7457/7457/3309 7459/7459/3309 7460/7460/3309 7458/7458/3309
f 7459/7459/3310 7461/7461/3310 7462/7462/3310 7460/7460/3310
f 7461/7461/3311 7463/7463/3311 7464/7464/3311 7462/7462/3311
f 7463/7463/3312 7465/7465/3312 7466/7466/3312 7464/7464/3312
f 7465/7465/3313 7467/7467/3313 7468/7468/3313 7466/7466/3313
f 7467/7467/3314 7469/7469/3314 7470/7470/3314 7468/7468/3314
f 7471/7471/3315 7472/7472/3315 7473/7473/3315 7474/7474/3315
f 7474/7474/3316 7475/7475/3316 7476/7476/3316 7471/7471/3316
f 7475/7475/3317 7477/7477/3317 7478/7478/3317 7476/7476/3317
f 7477/7477/3318 7479/7479/3318 7480/7480/3318 7478/7478/3318
f 7479/7479/3319 7481/7481/3319 7482/7482/3319 7480/7480/3319
f 7481/7481/3320 7483/7483/3320 7484/7484/3320 7482/7482/3320
f 7483/7483/3321 7485/7485/3321 7486/7486/3321 7484/7484/3321
f 7485/7485/3322 7487/7487/3322 7488/7488/3322 7486/7486/3322
f 7489/7489/3323 7490/7490/3323 7491/7491/3323 7492/7492/3323
f 7493/7493/3324 7489/7489/3324 7492/7492/3324 7494/7494/3324
f 7495/7495/3325 7493/7493/3325 7494/7494/3325 7496/7496/3325
f 7497/7497/3326 7495/7495/3326 7496/7496/3326 7498/7498/3326
f 7499/7499/3327 7497/7497/3327 7498/7498/3327 7500/7500/3327
f 7501/7501/3328 7499/7499/3328 7500/7500/3328 7502/7502/3328
f 7503/7503/3329 7501/7501/3329 7502/7502/3329 7504/7504/3329
f 7504/7504/3330 7505/7505/3330 7506/7506/3330 7503/7503/3330
f 7507/7507/3331 7508/7508/3331 7509/7509/3331 7510/7510/3331
f 7511/7511/3332 7507/7507/3332 7510/7510/3332 7512/7512/3332
f 7513/7513/3333 7511/7511/3333 7512/7512/3333 7514/7514/3333
f 7515/7515/3334 7513/7513/3334 7514/7514/3334 7516/7516/3334
f 7517/7517/3335 7515/7515/3335 7516/7516/3335 7518/7518/3335
f 7519/7519/3336 7517/7517/3336 7518/7518/3336 7520/7520/3336
f 7521/7521/3337 7519/7519/3337 7520/7520/3337 7522/7522/3337
f 7522/7522/3338 7523/7523/3338 7524/7524/3338 7521/7521/3338
f 7525/7525/3339 7526/7526/3339 7527/7527/3339 7528/7528/3339
f 7529/7529/3340 7525/7525/3340 7528/7528/3340 7530/7530/3340
f 7531/7531/3341 7529/7529/3341 7530/7530/3341 7532/7532/3341
f 7533/7533/3342 7531/7531/3342 7532/7532/3342 7534/7534/3342
f 7535/7535/3343 7533/7533/3343 7534/7534/3343 7536/7536/3343
f 7537/7537/3344 7535/7535/3344 7536/7536/3344 7538/7538/3344
f 7539/7539/3345 7537/7537/3345 7538/7538/3345 7540/7540/3345
f 7540/7540/3346 7541/7541/3346 7542/7542/3346 7539/7539/3346
f 7543/7543/3347 7544/7544/3347 7545/7545/3347 7546/7546/3347
f 7547/7547/3348 7543/7543/3348 7546/7546/3348 7548/7548/3348
f 7549/7549/3349 7547/7547/3349 7548/7548/3349 7550/7550/3349
f 7551/7551/3350 7549/7549/3350 7550/7550/3350 7552/7552/3350
f 7553/7553/3351 7551/7551/3351 7552/7552/3351 7554/7554/3351
f 7555/7555/3352 7553/7553/3352 7554/7554/3352 7556/7556/3352
f 7557/7557/3353 7555/7555/3353 7556/7556/3353 7558/7558/3353
f 7558/7558/3354 7559/7559/3354 7560/7560/3354 7557/7557/3354
f 7561/7561/3355 7562/7562/3355 7563/7563/3355 7564/7564/3355
f 7565/7565/3356 7561/7561/3356 7564/7564/3356 7566/7566/3356
f 7567/7567/3357 7565/7565/3357 7566/7566/3357 7568/7568/3357
f 7569/7569/3358 7567/7567/3358 7568/7568/3358 7570/7570/3358
f 7571/7571/3359 7569/7569/3359 7570/7570/3359 7572/7572/3359
f 7573/7573/3360 7571/7571/3360 7572/7572/3360 7574/7574/3360
f 7575/7575/3361 7573/7573/3361 7574/7574/3361 7576/7576/3361
f 7576/7576/3362 7577/7577/3362 7578/7578/3362 7575/7575/3362
f 7579/7579/3363 7580/7580/3363 7581/7581/3363 7582/7582/3363
f 7583/7583/3364 7579/7579/3364 7582/7582/3364 7584/7584/3364
f 7585/7585/3365 7583/7583/3365 7584/7584/3365 7586/7586/3365
f 7587/7587/3366 7585/7585/3366 7586/7586/3366 7588/7588/3366
f 7589/7589/3367 7587/7587/3367 7588/7588/3367 7590/7590/3367
f 7591/7591/3368 7589/7589/3368 7590/7590/3368 7592/7592/3368
f 7593/7593/3369 7591/7591/3369 7592/7592/3369 7594/7594/3369
f 7594/7594/3370 7595/7595/3370 7596/7596/3370 7593/7593/3370
f 7597/7597/3371 7598/7598/3371 7599/7599/3371 7600/7600/3371
f 7601/7601/3372 7597/7597/3372 7600/7600/3372 7602/7602/3372
f 7603/7603/3373 7601/7601/3373 7602/7602/3373 7604/7604/3373
f 7605/7605/3374 7603/7603/3374 7604/7604/3374 7606/7606/3374
f 7607/7607/3375 7605/7605/3375 7606/7606/3375 7608/7608/3375
f 7609/7609/3376 7607/7607/3376 7608/7608/3376 7610/7610/3376
f 7611/7611/3377 7609/7609/3377 7610/7610/3377 7612/7612/3377
f 7612/7612/3378 7613/7613/3378 7614/7614/3378 7611/7611/3378
f 7615/7615/3379 7616/7616/3379 7617/7617/3379 7618/7618/3379
f 7619/7619/3380 7615/7615/3380 7618/7618/3380 7620/7620/3380
f 7621/7621/3381 7619/7619/3381 7620/7620/3381 7622/7622/3381
f 7623/7623/3382 7621/7621/3382 7622/7622/3382 7624/7624/3382
f 7625/7625/3383 7623/7623/3383 7624/7624/3383 7626/7626/3383
f 7627/7627/3384 7625/7625/3384 7626/7626/3384 7628/7628/3384
f 7629/7629/3385 7627/7627/3385 7628/7628/3385 7630/7630/3385
f 7630/7630/3386 7631/7631/3386 7632/7632/3386 7629/7629/3386
f 7633/7633/3387 7634/7634/3387 7635/7635/3387 7636/7636/3387
f 7637/7637/3388 7633/7633/3388 7636/7636/3388 7638/7638/3388
f 7639/7639/3389 7637/7637/3389 7638/7638/3389 7640/7640/3389
f 7641/7641/3390 7639/7639/3390 7640/7640/3390 7642/7642/3390
f 7643/7643/3391 7641/7641/3391 7642/7642/3391 7644/7644/3391
f 7645/7645/3392 7643/7643/3392 7644/7644/3392 7646/7646/3392
f 7647/7647/3393 7645/7645/3393 7646/7646/3393 7648/7648/3393
f 7648/7648/3394 7649/7649/3394 7650/7650/3394 7647/7647/3394
f 7651/7651/3395 7652/7652/3395 7653/7653/3395 7654/7654/3395
f 7655/7655/3396 7651/7651/3396 7654/7654/3396 7656/7656/3396
f 7657/7657/3397 7655/7655/3397 7656/7656/3397 7658/7658/3397
f 7659/7659/3398 7657/7657/3398 7658/7658/3398 7660/7660/3398
f 7661/7661/3399 7659/7659/3399 7660/7660/3399 7662/7662/3399
f 7663/7663/3400 7661/7661/3400 7662/7662/3400 7664/7664/3400
f 7665/7665/3401 7663/7663/3401 7664/7664/3401 7666/7666/3401
f 7666/7666/3402 7667/7667/3402 7668/7668/3402 7665/7665/3402
f 7669/7669/3403 7670/7670/3403 7671/7671/3403 7672/7672/3403
f 7673/7673/3404 7669/7669/3404 7672/7672/3404 7674/7674/3404
f 7675/7675/3405 7673/7673/3405 7674/7674/3405 7676/7676/3405
f 7677/7677/3406 7675/7675/3406 7676/7676/3406 7678/7678/3406
f 7679/7679/3407 7677/7677/3407 7678/7678/3407 7680/7680/3407
f 7681/7681/3408 7679/7679/3408 7680/7680/3408 7682/7682/3408
f 7683/7683/3409 7681/7681/3409 7682/7682/3409 7684/7684/3409
f 7684/7684/3410 7685/7685/3410 7686/7686/3410 7683/7683/3410
f 7687/7687/3411 7688/7688/3411 7689/7689/3411 7690/7690/3411
f 7691/7691/3412 7687/7687/3412 7690/7690/3412 7692/7692/3412
f 7693/7693/3413 7691/7691/3413 7692/7692/3413 7694/7694/3413
f 7695/7695/3414 7693/7693/3414 7694/7694/3414 7696/7696/3414
f 7697/7697/3415 7695/7695/3415 7696/7696/3415 7698/7698/3415
f 7699/7699/3416 7697/7697/3416 7698/7698/3416 7700/7700/3416
f 7701/7701/3417 7699/7699/3417 7700/7700/3417 7702/7702/3417
f 7702/7702/3418 7703/7703/3418 7704/7704/3418 7701/7701/3418
f 7705/7705/3419 7706/7706/3419 7707/7707/3419 7708/7708/3419
f 7709/7709/3420 7705/7705/3420 7708/7708/3420 7710/7710/3420
f 7711/7711/3421 7709/7709/3421 7710/7710/3421 7712/7712/3421
f 7713/7713/3422 7711/7711/3422 7712/7712/3422 7714/7714/3422
f 7715/7715/3423 7713/7713/3423 7714/7714/3423 7716/7716/3423
f 7717/7717/3424 7715/7715/3424 7716/7716/3424 7718/7718/3424
f 7719/7719/3425 7717/7717/3425 7718/7718/3425 7720/7720/3425
f 7720/7720/3426 7721/7721/3426 7722/7722/3426 7719/7719/3426
f 7723/7723/3427 7724/7724/3427 7725/7725/3427 7726/7726/3427
f 7727/7727/3428 7723/7723/3428 7726/7726/3428 7728/7728/3428
f 7729/7729/3429 7727/7727/3429 7728/7728/3429 7730/7730/3429
f 7731/7731/3430 7729/7729/3430 7730/7730/3430 7732/7732/3430
f 7733/7733/3431 7731/7731/3431 7732/7732/3431 7734/7734/3431
f 7735/7735/3432 7733/7733/3432 7734/7734/3432 7736/7736/3432
f 7737/7737/3433 7735/7735/3433 7736/7736/3433 7738/7738/3433
f 7738/7738/3434 7739/7739/3434 7740/7740/3434 7737/7737/3434
f 7741/7741/3435 7742/7742/3435 7743/7743/3435 7744/7744/3435
f 7745/7745/3436 7741/7741/3436 7744/7744/3436 7746/7746/3436
f 7747/7747/3437 7745/7745/3437 7746/7746/3437 7748/7748/3437
f 7749/7749/3438 7747/7747/3438 7748/7748/3438 7750/7750/3438
f 7751/7751/3439 7749/7749/3439 7750/7750/3439 7752/7752/3439
f 7753/7753/3440 7751/7751/3440 7752/7752/3440 7754/7754/3440
f 7755/7755/3441 7753/7753/3441 7754/7754/3441 7756/7756/3441
f 7756/7756/3442 7757/7757/3442 7758/7758/3442 7755/7755/3442
f 7759/7759/3443 7760/7760/3443 7761/7761/3443 7762/7762/3443
f 7763/7763/3444 7759/7759/3444 7762/7762/3444 7764/7764/3444
f 7765/7765/3445 7763/7763/3445 7764/7764/3445 7766/7766/3445
f 7767/7767/3446 7765/7765/3446 7766/7766/3446 7768/7768/3446
f 7769/7769/3447 7767/7767/3447 7768/7768/3447 7770/7770/3447
f 7771/7771/3448 7769/7769/3448 7770/7770/3448 7772/7772/3448
f 7773/7773/3449 7771/7771/3449 7772/7772/3449 7774/7774/3449
f 7774/7774/3450 7775/7775/3450 7776/7776/3450 7773/7773/3450
f 7777/7777/3451 7778/7778/3451 7779/7779/3451 7780/7780/3451
f 7781/7781/3452 7777/7777/3452 7780/7780/3452 7782/7782/3452
f 7783/7783/3453 7781/7781/3453 7782/7782/3453 7784/7784/3453
f 7785/7785/3454 7783/7783/3454 7784/7784/3454 7786/7786/3454
f 7787/7787/3455 7785/7785/3455 7786/7786/3455 7788/7788/3455
f 7789/7789/3456 7787/7787/3456 7788/7788/3456 7790/7790/3456
f 7791/7791/3457 7789/7789/3457 7790/7790/3457 7792/7792/3457
f 7792/7792/3458 7793/7793/3458 7794/7794/3458 7791/7791/3458
f 7795/7795/3459 7796/7796/3459 7797/7797/3459 7798/7798/3459
f 7799/7799/3460 7795/7795/3460 7798/7798/3460 7800/7800/3460
f 7801/7801/3461 7799/7799/3461 7800/7800/3461 7802/7802/3461
f 7803/7803/3462 7801/7801/3462 7802/7802/3462 7804/7804/3462
f 7805/7805/3463 7803/7803/3463 7804/7804/3463 7806/7806/3463
f 7807/7807/3464 7805/7805/3464 7806/7806/3464 7808/7808/3464
f 7809/7809/3465 7807/7807/3465 7808/7808/3465 7810/7810/3465
f 7810/7810/3466 7811/7811/3466 7812/7812/3466 7809/7809/3466
f 7813/7813/3467 7814/7814/3467 7815/7815/3467 7816/7816/3467
f 7817/7817/3468 7813/7813/3468 7816/7816/3468 7818/7818/3468
f 7819/7819/3469 7817/7817/3469 7818/7818/3469 7820/7820/3469
f 7821/7821/3470 7819/7819/3470 7820/7820/3470 7822/7822/3470
f 7823/7823/3471 7821/7821/3471 7822/7822/3471 7824/7824/3471
f 7825/7825/3472 7823/7823/3472 7824/7824/3472 7826/7826/3472
f 7827/7827/3473 7825/7825/3473 7826/7826/3473 7828/7828/3473
f 7828/7828/3474 7829/7829/3474 7830/7830/3474 7827/7827/3474
f 7831/7831/3475 7832/7832/3475 7833/7833/3475 7834/7834/3475
f 7835/7835/3476 7831/7831/3476 7834/7834/3476 7836/7836/3476
f 7837/7837/3477 7835/7835/3477 7836/7836/3477 7838/7838/3477
f 7839/7839/3478 7837/7837/3478 7838/7838/3478 7840/7840/3478
f 7841/7841/3479 7839/7839/3479 7840/7840/3479 7842/7842/3479
f 7843/7843/3480 7841/7841/3480 7842/7842/3480 7844/7844/3480
f 7845/7845/3481 7843/7843/3481 7844/7844/3481 7846/7846/3481
f 7846/7846/3482 7847/7847/3482 7848/7848/3482 7845/7845/3482
f 7849/7849/3483 7850/7850/3483 7851/7851/3483 7852/7852/3483
f 7853/7853/3484 7849/7849/3484 7852/7852/3484 7854/7854/3484
f 7855/7855/3485 7853/7853/3485 7854/7854/3485 7856/7856/3485
f 7857/7857/3486 7855/7855/3486 7856/7856/3486 7858/7858/3486
f 7859/7859/3487 7857/7857/3487 7858/7858/3487 7860/7860/3487
f 7861/7861/3488 7859/7859/3488 7860/7860/3488 7862/7862/3488
f 7863/7863/3489 7861/7861/3489 7862/7862/3489 7864/7864/3489
f 7864/7864/3490 7865/7865/3490 7866/7866/3490 7863/7863/3490
f 7867/7867/3491 7868/7868/3491 7869/7869/3491 7870/7870/3491
f 7871/7871/3492 7867/7867/3492 7870/7870/3492 7872/7872/3492
f 7873/7873/3493 7871/7871/3493 7872/7872/3493 7874/7874/3493
f 7875/7875/3494 7873/7873/3494 7874/7874/3494 7876/7876/3494
f 7877/7877/3495 7875/7875/3495 7876/7876/3495 7878/7878/3495
f 7879/7879/3496 7877/7877/3496 7878/7878/3496 7880/7880/3496
f 7881/7881/3497 7879/7879/3497 7880/7880/3497 7882/7882/3497
f 7882/7882/3498 7883/7883/3498 7884/7884/3498 7881/7881/3498
f 7885/7885/3499 7886/7886/3499 7887/7887/3499 7888/7888/3499
f 7889/7889/3500 7885/7885/3500 7888/7888/3500 7890/7890/3500
f 7891/7891/3501 7889/7889/3501 7890/7890/3501 7892/7892/3501
f 7893/7893/3502 7891/7891/3502 7892/7892/3502 7894/7894/3502
f 7895/7895/3503 7893/7893/3503 7894/7894/3503 7896/7896/3503
f 7897/7897/3504 7895/7895/3504 7896/7896/3504 7898/7898/3504
f 7899/7899/3505 7897/7897/3505 7898/7898/3505 7900/7900/3505
f 7900/7900/3506 7901/7901/3506 7902/7902/3506 7899/7899/3506
f 7903/7903/3507 7904/7904/3507 7905/7905/3507 7906/7906/3507
f 7907/7907/3508 7903/7903/3508 7906/7906/3508 7908/7908/3508
f 7909/7909/3509 7907/7907/3509 7908/7908/3509 7910/7910/3509
f 7911/7911/3510 7909/7909/3510 7910/7910/3510 7912/7912/3510
f 7913/7913/3511 7911/7911/3511 7912/7912/3511 7914/7914/3511
f 7915/7915/3512 7913/7913/3512 7914/7914/3512 7916/7916/3512
f 7917/7917/3513 7915/7915/3513 7916/7916/3513 7918/7918/3513
f 7918/7918/3514 7919/7919/3514 7920/7920/3514 7917/7917/3514
f 7921/7921/3515 7922/7922/3515 7923/7923/3515 7924/7924/3515
f 7925/7925/3516 7921/7921/3516 7924/7924/3516 7926/7926/3516
f 7927/7927/3517 7925/7925/3517 7926/7926/3517 7928/7928/3517
f 7929/7929/3518 7927/7927/3518 7928/7928/3518 7930/7930/3518
f 7931/7931/3519 7929/7929/3519 7930/7930/3519 7932/7932/3519
f 7933/7933/3520 7931/7931/3520 7932/7932/3520 7934/7934/3520
f 7935/7935/3521 7933/7933/3521 7934/7934/3521 7936/7936/3521
f 7936/7936/3522 7937/7937/3522 7938/7938/3522 7935/7935/3522
f 7939/7939/3523 7940/7940/3523 7941/7941/3523 7942/7942/3523
f 7943/7943/3524 7939/7939/3524 7942/7942/3524 7944/7944/3524
f 7945/7945/3525 7943/7943/3525 7944/7944/3525 7946/7946/3525
f 7947/7947/3526 7945/7945/3526 7946/7946/3526 7948/7948/3526
f 7949/7949/3527 7947/7947/3527 7948/7948/3527 7950/7950/3527
f 7951/7951/3528 7949/7949/3528 7950/7950/3528 7952/7952/3528
f 7953/7953/3529 7951/7951/3529 7952/7952/3529 7954/7954/3529
f 7954/7954/3530 7955/7955/3530 7956/7956/3530 7953/7953/3530
f 7957/7957/3531 7958/7958/3531 7959/7959/3531 7960/7960/3531
f 7961/7961/3532 7957/7957/3532 7960/7960/3532 7962/7962/3532
f 7963/7963/3533 7961/7961/3533 7962/7962/3533 7964/7964/3533
f 7965/7965/3534 7963/7963/3534 7964/7964/3534 7966/7966/3534
f 7967/7967/3535 7965/7965/3535 7966/7966/3535 7968/7968/3535
f 7969/7969/3536 7967/7967/3536 7968/7968/3536 7970/7970/3536
f 7971/7971/3537 7969/7969/3537 7970/7970/3537 7972/7972/3537
f 7972/7972/3538 7973/7973/3538 7974/7974/3538 7971/7971/3538
f 7975/7975/3539 7976/7976/3539 7977/7977/3539 7978/7978/3539
f 7979/7979/3540 7975/7975/3540 7978/7978/3540 7980/7980/3540
f 7981/7981/3541 7979/7979/3541 7980/7980/3541 7982/7982/3541
f 7983/7983/3542 7981/7981/3542 7982/7982/3542 7984/7984/3542
f 7985/7985/3543 7983/7983/3543 7984/7984/3543 7986/7986/3543
f 7987/7987/3544 7985/7985/3544 7986/7986/3544 7988/7988/3544
f 7989/7989/3545 7987/7987/3545 7988/7988/3545 7990/7990/3545
f 7990/7990/3546 7991/7991/3546 7992/7992/3546 7989/7989/3546
f 7993/7993/3547 7994/7994/3547 7995/7995/3547 7996/7996/3547
f 7997/7997/3548 7993/7993/3548 7996/7996/3548 7998/7998/3548
f 7999/7999/3549 7997/7997/3549 7998/7998/3549 8000/8000/3549
f 8001/8001/3550 7999/7999/3550 8000/8000/3550 8002/8002/3550
f 8003/8003/3551 8001/8001/3551 8002/8002/3551 8004/8004/3551
f 8005/8005/3552 8003/8003/3552 8004/8004/3552 8006/8006/3552
f 8007/8007/3553 8005/8005/3553 8006/8006/3553 8008/8008/3553
f 8008/8008/3554 8009/8009/3554 8010/8010/3554 8007/8007/3554
f 8011/8011/3555 8012/8012/3555 8013/8013/3555 8014/8014/3555
f 8015/8015/3556 8011/8011/3556 8014/8014/3556 8016/8016/3556
f 8017/8017/3557 8015/8015/3557 8016/8016/3557 8018/8018/3557
f 8019/8019/3558 8017/8017/3558 8018/8018/3558 8020/8020/3558
f 8021/8021/3559 8019/8019/3559 8020/8020/3559 8022/8022/3559
f 8023/8023/3560 8021/8021/3560 8022/8022/3560 8024/8024/3560
f 8025/8025/3561 8023/8023/3561 8024/8024/3561 8026/8026/3561
f 8026/8026/3562 8027/8027/3562 8028/8028/3562 8025/8025/3562
f 8029/8029/3563 8030/8030/3563 8031/8031/3563 8032/8032/3563
f 8033/8033/3564 8029/8029/3564 8032/8032/3564 8034/8034/3564
f 8035/8035/3565 8033/8033/3565 8034/8034/3565 8036/8036/3565
f 8037/8037/3566 8035/8035/3566 8036/8036/3566 8038/8038/3566
f 8039/8039/3567 8037/8037/3567 8038/8038/3567 8040/8040/3567
f 8041/8041/3568 8039/8039/3568 8040/8040/3568 8042/8042/3568
f 8043/8043/3569 8041/8041/3569 8042/8042/3569 8044/8044/3569
f 8044/8044/3570 8045/8045/3570 8046/8046/3570 8043/8043/3570
f 8047/8047/3571 8048/8048/3571 8049/8049/3571 8050/8050/3571
f 8051/8051/3572 8047/8047/3572 8050/8050/3572 8052/8052/3572
f 8053/8053/3573 8051/8051/3573 8052/8052/3573 8054/8054/3573
f 8055/8055/3574 8053/8053/3574 8054/8054/3574 8056/8056/3574
f 8057/8057/3575 8055/8055/3575 8056/8056/3575 8058/8058/3575
f 8059/8059/3576 8057/8057/3576 8058/8058/3576 8060/8060/3576
f 8061/8061/3577 8059/8059/3577 8060/8060/3577 8062/8062/3577
f 8062/8062/3578 8063/8063/3578 8064/8064/3578 8061/8061/3578
f 8065/8065/3579 8066/8066/3579 8067/8067/3579 8068/8068/3579
f 8069/8069/3580 8065/8065/3580 8068/8068/3580 8070/8070/3580
f 8071/8071/3581 8069/8069/3581 8070/8070/3581 8072/8072/3581
f 8073/8073/3582 8071/8071/3582 8072/8072/3582 8074/8074/3582
f 8075/8075/3583 8073/8073/3583 8074/8074/3583 8076/8076/3583
f 8077/8077/3584 8075/8075/3584 8076/8076/3584 8078/8078/3584
f 8079/8079/3585 8077/8077/3585 8078/8078/3585 8080/8080/3585
f 8080/8080/3586 8081/8081/3586 8082/8082/3586 8079/8079/3586
f 8083/8083/3587 8084/8084/3587 8085/8085/3587 8086/8086/3587
f 8087/8087/3588 8083/8083/3588 8086/8086/3588 8088/8088/3588
f 8089/8089/3589 8087/8087/3589 8088/8088/3589 8090/8090/3589
f 8091/8091/3590 8089/8089/3590 8090/8090/3590 8092/8092/3590
f 8093/8093/3591 8091/8091/3591 8092/8092/3591 8094/8094/3591
f 8095/8095/3592 8093/8093/3592 8094/8094/3592 8096/8096/3592
f 8097/8097/3593 8095/8095/3593 8096/8096/3593 8098/8098/3593
f 8098/8098/3594 8099/8099/3594 8100/8100/3594 8097/8097/3594
f 8101/8101/3595 8102/8102/3595 8103/8103/3595 8104/8104/3595
f 8105/8105/3596 8101/8101/3596 8104/8104/3596 8106/8106/3596
f 8107/8107/3597 8105/8105/3597 8106/8106/3597 8108/8108/3597
f 8109/8109/3598 8107/8107/3598 8108/8108/3598 8110/8110/3598
f 8111/8111/3599 8109/8109/3599 8110/8110/3599 8112/8112/3599
f 8113/8113/3600 8111/8111/3600 8112/8112/3600 8114/8114/3600
f 8115/8115/3601 8113/8113/3601 8114/8114/3601 8116/8116/3601
f 8116/8116/3602 8117/8117/3602 8118/8118/3602 8115/8115/3602
f 8119/8119/3603 8120/8120/3603 8121/8121/3603 8122/8122/3603
f 8123/8123/3604 8119/8119/3604 8122/8122/3604 8124/8124/3604
f 8125/8125/3605 8123/8123/3605 8124/8124/3605 8126/8126/3605
f 8127/8127/3606 8125/8125/3606 8126/8126/3606 8128/8128/3606
f 8129/8129/3607 8127/8127/3607 8128/8128/3607 8130/8130/3607
f 8131/8131/3608 8129/8129/3608 8130/8130/3608 8132/8132/3608
f 8133/8133/3609 8131/8131/3609 8132/8132/3609 8134/8134/3609
f 8134/8134/3610 8135/8135/3610 8136/8136/3610 8133/8133/3610
f 8137/8137/3611 8138/8138/3611 8139/8139/3611 8140/8140/3611
f 8140/8140/3612 8141/8141/3612 8142/8142/3612 8137/8137/3612
f 8141/8141/3613 8143/8143/3613 8144/8144/3613 8142/8142/3613
f 8143/8143/3614 8145/8145/3614 8146/8146/3614 8144/8144/3614
f 8145/8145/3615 8147/8147/3615 8148/8148/3615 8146/8146/3615
f 8147/8147/3616 8149/8149/3616 8150/8150/3616 8148/8148/3616
f 8149/8149/3617 8151/8151/3617 8152/8152/3617 8150/8150/3617
f 8151/8151/3618 8153/8153/3618 8154/8154/3618 8152/8152/3618
f 8155/8155/3619 8156/8156/3619 8157/8157/3619 8158/8158/3619
f 8158/8158/3620 8159/8159/3620 8160/8160/3620 8155/8155/3620
f 8159/8159/3621 8161/8161/3621 8162/8162/3621 8160/8160/3621
f 8161/8161/3622 8163/8163/3622 8164/8164/3622 8162/8162/3622
f 8163/8163/3623 8165/8165/3623 8166/8166/3623 8164/8164/3623
f 8165/8165/3624 8167/8167/3624 8168/8168/3624 8166/8166/3624
f 8167/8167/3625 8169/8169/3625 8170/8170/3625 8168/8168/3625
f 8169/8169/3626 8171/8171/3626 8172/8172/3626 8170/8170/3626
f 8173/8173/3627 8174/8174/3627 8175/8175/3627 8176/8176/3627
f 8176/8176/3628 8177/8177/3628 8178/8178/3628 8173/8173/3628
f 8177/8177/3629 8179/8179/3629 8180/8180/3629 8178/8178/3629
f 8179/8179/3630 8181/8181/3630 8182/8182/3630 8180/8180/3630
f 8181/8181/3631 8183/8183/3631 8184/8184/3631 8182/8182/3631
f 8183/8183/3632 8185/8185/3632 8186/8186/3632 8184/8184/3632
f 8185/8185/3633 8187/8187/3633 8188/8188/3633 8186/8186/3633
f 8187/8187/3634 8189/8189/3634 8190/8190/3634 8188/8188/3634
f 8191/8191/3635 8192/8192/3635 8193/8193/3635 8194/8194/3635
f 8194/8194/3636 8195/8195/3636 8196/8196/3636 8191/8191/3636
f 8195/8195/3637 8197/8197/3637 8198/8198/3637 8196/8196/3637
f 8197/8197/3638 8199/8199/3638 8200/8200/3638 8198/8198/3638
f 8199/8199/3639 8201/8201/3639 8202/8202/3639 8200/8200/3639
f 8201/8201/3640 8203/8203/3640 8204/8204/3640 8202/8202/3640
f 8203/8203/3641 8205/8205/3641 8206/8206/3641 8204/8204/3641
f 8205/8205/3642 8207/8207/3642 8208/8208/3642 8206/8206/3642
f 8209/8209/3643 8210/8210/3643 8211/8211/3643 8212/8212/3643
f 8212/8212/3644 8213/8213/3644 8214/8214/3644 8209/8209/3644
f 8213/8213/3645 8215/8215/3645 8216/8216/3645 8214/8214/3645
f 8215/8215/3646 8217/8217/3646 8218/8218/3646 8216/8216/3646
f 8217/8217/3647 8219/8219/3647 8220/8220/3647 8218/8218/3647
f 8219/8219/3648 8221/8221/3648 8222/8222/3648 8220/8220/3648
f 8221/8221/3649 8223/8223/3649 8224/8224/3649 8222/8222/3649
f 8223/8223/3650 8225/8225/3650 8226/8226/3650 8224/8224/3650
f 8227/8227/3651 8228/8228/3651 8229/8229/3651 8230/8230/3651
f 8230/8230/3652 8231/8231/3652 8232/8232/3652 8227/8227/3652
f 8231/8231/3653 8233/8233/3653 8234/8234/3653 8232/8232/3653
f 8233/8233/3654 8235/8235/3654 8236/8236/3654 8234/8234/3654
f 8235/8235/3655 8237/8237/3655 8238/8238/3655 8236/8236/3655
f 8237/8237/3656 8239/8239/3656 8240/8240/3656 8238/8238/3656
f 8239/8239/3657 8241/8241/3657 8242/8242/3657 8240/8240/3657
f 8241/8241/3658 8243/8243/3658 8244/8244/3658 8242/8242/3658
f 8245/8245/3659 8246/8246/3659 8247/8247/3659 8248/8248/3659
f 8248/8248/3660 8249/8249/3660 8250/8250/3660 8245/8245/3660
f 8249/8249/3661 8251/8251/3661 8252/8252/3661 8250/8250/3661
f 8251/8251/3662 8253/8253/3662 8254/8254/3662 8252/8252/3662
f 8253/8253/3663 8255/8255/3663 8256/8256/3663 8254/8254/3663
f 8255/8255/3664 8257/8257/3664 8258/8258/3664 8256/8256/3664
f 8257/8257/3665 8259/8259/3665 8260/8260/3665 8258/8258/3665
f 8259/8259/3666 8261/8261/3666 8262/8262/3666 8260/8260/3666
